wafer_id,target,status,anomaly_score,dataset_split
WF-000309,0,Pass,0.2642245939538493,development
WF-000236,1,Fail,0.09811583664012595,development
WF-000183,1,Fail,0.3742209933369325,development
WF-001304,1,Fail,0.3880003750411049,development
WF-001248,0,Pass,0.3776764371996669,development
WF-001179,0,Pass,0.13385334242491226,development
WF-000934,0,Pass,0.353562054972952,development
WF-000172,0,Pass,0.3670892358544952,development
WF-000433,0,Pass,0.32303177937773664,development
WF-001491,0,Pass,0.3274244269575185,development
WF-000684,0,Pass,0.29800971897435585,development
WF-000597,0,Pass,0.1957225963643556,development
WF-000917,0,Pass,0.1953238709050125,development
WF-000458,0,Pass,1.0,development
WF-000378,0,Pass,0.22544527809108178,development
WF-000704,0,Pass,0.3531360890958008,development
WF-000791,0,Pass,0.2057936315183614,development
WF-000538,0,Pass,0.3571140763039094,development
WF-001509,0,Pass,0.24711097938400386,development
WF-001511,0,Pass,0.3182221176785711,development
WF-001438,0,Pass,0.3277101520369881,development
WF-000362,0,Pass,0.2624191269501239,development
WF-000772,0,Pass,0.17440511880942422,development
WF-000336,0,Pass,0.4097980106280947,development
WF-000733,0,Pass,0.27673846159403775,development
WF-000757,0,Pass,0.31659902308467197,development
WF-001054,0,Pass,0.19326196775662272,development
WF-001380,0,Pass,0.2108730641055857,development
WF-000331,0,Pass,0.17884613297352922,development
WF-001300,0,Pass,0.21938802028646454,development
WF-000901,0,Pass,0.021612254713993962,development
WF-001539,0,Pass,0.1376754445169746,development
WF-001278,0,Pass,0.10151805807888867,development
WF-000437,0,Pass,0.2925856966385238,development
WF-001567,0,Pass,0.1827690001136291,development
WF-000386,0,Pass,0.5368869966402618,development
WF-000569,0,Pass,0.31791655964907495,development
WF-001501,0,Pass,0.29102176049279876,development
WF-000007,0,Pass,0.24304437962829673,development
WF-001084,0,Pass,0.3164135573378592,development
WF-000496,1,Fail,0.16119491095871774,development
WF-000135,0,Pass,0.23022283612801356,development
WF-001276,0,Pass,0.2035758259006647,development
WF-000743,0,Pass,0.18137415318251032,development
WF-000355,0,Pass,0.14536567310075488,development
WF-001366,1,Fail,0.2992322487819935,development
WF-000020,0,Pass,0.2703272838025861,development
WF-000104,0,Pass,0.30339710587196334,development
WF-000593,0,Pass,0.3135258235798464,development
WF-000643,0,Pass,0.1269287249138364,development
WF-000152,0,Pass,0.19187838601206303,development
WF-000468,0,Pass,0.16669559128831227,development
WF-000399,0,Pass,0.2234572340631256,development
WF-000156,0,Pass,0.14881105329101005,development
WF-001505,0,Pass,0.12775481275486894,development
WF-000215,0,Pass,0.11852967994812294,development
WF-001359,0,Pass,0.2688362421639902,development
WF-001195,0,Pass,0.22667078282953293,development
WF-000892,0,Pass,0.2528873787920561,development
WF-000983,0,Pass,0.32287550262914955,development
WF-001536,0,Pass,0.2556768933978643,development
WF-000686,0,Pass,0.1453601487348344,development
WF-000288,0,Pass,0.2959085823527412,development
WF-000385,0,Pass,0.44443183203209013,development
WF-000971,0,Pass,0.199458412815928,development
WF-001166,0,Pass,0.2908884090666237,development
WF-001388,0,Pass,0.38219587945839684,development
WF-000797,0,Pass,0.20223087346475058,development
WF-001047,0,Pass,0.14386598593111544,development
WF-000447,0,Pass,0.24272796635734978,development
WF-001116,0,Pass,0.15739690869666834,development
WF-000205,0,Pass,0.19309184987647465,development
WF-000576,0,Pass,0.0848470828614424,development
WF-000705,0,Pass,0.19987793238129023,development
WF-000186,0,Pass,0.2737077996637016,development
WF-000671,0,Pass,0.1900747849968261,development
WF-000660,0,Pass,0.14988439528525255,development
WF-000401,0,Pass,0.09167748459836868,development
WF-000837,0,Pass,0.2382181051923402,development
WF-000159,1,Fail,0.11960830690908102,development
WF-000979,0,Pass,0.04405528871829171,development
WF-001045,0,Pass,0.24841876403205268,development
WF-000883,0,Pass,0.0918993802507356,development
WF-000652,0,Pass,0.07636373053437748,development
WF-001090,0,Pass,0.279274434274311,development
WF-001013,0,Pass,0.2521309699899823,development
WF-000825,0,Pass,0.18467346899511075,development
WF-000573,0,Pass,0.15127071301550893,development
WF-000107,0,Pass,0.3249673795805627,development
WF-001506,0,Pass,0.24352961170798124,development
WF-001191,0,Pass,0.34191681871265445,development
WF-000678,0,Pass,0.050805127987294064,development
WF-000180,0,Pass,0.38464264266035497,development
WF-001235,0,Pass,0.24083740697674103,development
WF-000057,0,Pass,0.15512137696525424,development
WF-000911,0,Pass,0.2209498756513839,development
WF-001133,0,Pass,0.08908486686260621,development
WF-000728,0,Pass,0.11254202779214623,development
WF-000565,0,Pass,0.19617088404057295,development
WF-001231,0,Pass,0.5984547400503545,development
WF-000244,1,Fail,0.2502178239855174,development
WF-000752,0,Pass,0.15455820222018865,development
WF-001555,0,Pass,0.21910316437805227,development
WF-000962,0,Pass,0.2484439839703591,development
WF-000050,1,Fail,0.07526105014525591,development
WF-000094,0,Pass,0.5541858420302035,development
WF-000765,0,Pass,0.14271371908271321,development
WF-000662,0,Pass,0.090768455855408,development
WF-001372,0,Pass,0.17094581695766303,development
WF-000060,0,Pass,0.1895818395496565,development
WF-001450,0,Pass,0.22102129314831645,development
WF-001105,0,Pass,0.39563834254131663,development
WF-001110,0,Pass,0.15941443145327666,development
WF-000334,0,Pass,0.13272417797907823,development
WF-000695,0,Pass,0.20220505817083897,development
WF-000633,0,Pass,0.17052507038789383,development
WF-001018,0,Pass,0.12623828794911887,development
WF-000194,0,Pass,0.29747738710182425,development
WF-000624,0,Pass,0.21700242677269355,development
WF-001327,0,Pass,0.3252149771227155,development
WF-000424,0,Pass,0.2978454474456207,development
WF-000092,0,Pass,0.5383999402026127,development
WF-000729,0,Pass,0.20004719023064715,development
WF-000782,0,Pass,0.18387977483117388,development
WF-001036,0,Pass,0.137911031683761,development
WF-000160,0,Pass,0.32591759295434264,development
WF-000929,0,Pass,0.2730876205588506,development
WF-001385,0,Pass,0.421659140574039,development
WF-001029,0,Pass,0.2266914489891319,development
WF-000991,0,Pass,0.22352876672814992,development
WF-000413,0,Pass,0.13641447324346234,development
WF-001119,0,Pass,0.1821713887034714,development
WF-001265,0,Pass,0.21197492365279208,development
WF-000809,0,Pass,0.18605071721509414,development
WF-000074,0,Pass,0.2321238495490522,development
WF-000857,0,Pass,0.4995141176104172,development
WF-001198,0,Pass,0.2388009052800019,development
WF-000163,0,Pass,0.1528674730416329,development
WF-000829,0,Pass,0.24234650384932022,development
WF-001318,0,Pass,0.09418977812143048,development
WF-000696,0,Pass,0.3329379825488301,development
WF-000434,0,Pass,0.2185972049910371,development
WF-000511,0,Pass,0.4871970788221535,development
WF-001212,1,Fail,0.1558365225895362,development
WF-000361,0,Pass,0.28559754424302686,development
WF-001170,0,Pass,0.28223117527772335,development
WF-001073,0,Pass,0.22389765718611718,development
WF-001063,1,Fail,0.170380829925823,development
WF-001486,0,Pass,0.33047867650413143,development
WF-001527,0,Pass,0.2761384809252656,development
WF-000552,0,Pass,0.1722394124656653,development
WF-000161,0,Pass,0.20028040441735828,development
WF-001360,0,Pass,0.11526620076942323,development
WF-000862,0,Pass,0.3564828944665266,development
WF-000187,1,Fail,0.6646798947910936,development
WF-001140,0,Pass,0.14452753579629476,development
WF-000989,0,Pass,0.05401452088652255,development
WF-000226,0,Pass,0.10817886924830487,development
WF-000689,0,Pass,0.16481978728423868,development
WF-000392,0,Pass,0.17489357290963087,development
WF-000039,1,Fail,0.3117356656807342,development
WF-000210,0,Pass,0.215300368084484,development
WF-001144,0,Pass,0.18151602898448863,development
WF-001301,0,Pass,0.24290036775873058,development
WF-001406,0,Pass,0.21281859729529826,development
WF-000242,1,Fail,0.23310258729057975,development
WF-000427,0,Pass,0.3454858403900009,development
WF-001259,0,Pass,0.11960469765415564,development
WF-001379,0,Pass,0.22096950251930014,development
WF-000365,0,Pass,0.23938717206855037,development
WF-000872,1,Fail,0.38065724391295297,development
WF-001375,0,Pass,0.2116751445545286,development
WF-001332,0,Pass,0.30025891874462834,development
WF-000508,0,Pass,0.11602699158915425,development
WF-000134,0,Pass,0.38574501862802785,development
WF-001075,0,Pass,0.2836891525123391,development
WF-000129,0,Pass,0.20284432587532736,development
WF-000712,0,Pass,0.14884083535145895,development
WF-000871,0,Pass,0.3658686205877131,development
WF-000151,0,Pass,0.28201508986570056,development
WF-000827,1,Fail,0.17332256734929863,development
WF-001114,0,Pass,0.23377567379759462,development
WF-000604,0,Pass,0.2162032542368206,development
WF-000088,0,Pass,0.3288497591564343,development
WF-001543,0,Pass,0.2511097848196263,development
WF-000987,0,Pass,0.25570752964826343,development
WF-000089,0,Pass,0.4356873217107103,development
WF-000132,1,Fail,0.3840369784359825,development
WF-000061,0,Pass,0.22423347426162155,development
WF-000371,0,Pass,0.15132854698575404,development
WF-001146,0,Pass,0.36340875109271537,development
WF-000994,0,Pass,0.2769603148453385,development
WF-001083,0,Pass,0.2256348102973258,development
WF-001180,0,Pass,0.24431598575390087,development
WF-000491,0,Pass,0.26954121852075524,development
WF-000390,0,Pass,0.14805126763257298,development
WF-000067,0,Pass,0.33111942311720594,development
WF-000195,0,Pass,0.20135167836571827,development
WF-000423,0,Pass,0.22315201497518508,development
WF-001348,0,Pass,0.41255556603529475,development
WF-001416,0,Pass,0.2454541667437399,development
WF-000943,0,Pass,0.43047730424865227,development
WF-000958,0,Pass,0.18996838630518353,development
WF-001339,0,Pass,0.30240828881973647,development
WF-000439,0,Pass,0.3320011291717041,development
WF-000165,0,Pass,0.19334178290783194,development
WF-001039,0,Pass,0.3242929454883592,development
WF-001282,0,Pass,0.26022387300899036,development
WF-000083,1,Fail,0.21821073930826082,development
WF-000419,0,Pass,0.16920180107513558,development
WF-001400,0,Pass,0.13297811203987403,development
WF-000645,0,Pass,0.18374231764083457,development
WF-000683,0,Pass,0.11159387654333874,development
WF-000136,0,Pass,0.28937753375580166,development
WF-000486,0,Pass,0.06800920992966494,development
WF-000455,0,Pass,0.18505631553229984,development
WF-001197,0,Pass,0.17641553847242258,development
WF-000998,0,Pass,0.1305941555017335,development
WF-001496,0,Pass,0.3134992502153946,development
WF-000952,0,Pass,0.20650904676837772,development
WF-001150,0,Pass,0.19248570991472286,development
WF-001042,0,Pass,0.082992238049232,development
WF-000031,0,Pass,0.3422653434256791,development
WF-000248,0,Pass,0.19293529826858433,development
WF-000935,0,Pass,0.16060114063973563,development
WF-000200,0,Pass,0.395561178339211,development
WF-000295,1,Fail,0.1051229206138078,development
WF-000500,0,Pass,0.20049704030343665,development
WF-001515,0,Pass,0.31112932058138104,development
WF-000730,0,Pass,0.09248713196430339,development
WF-001390,0,Pass,0.17323798602781046,development
WF-000116,1,Fail,0.3789727579383319,development
WF-000084,0,Pass,0.2835923504585525,development
WF-000260,0,Pass,0.1336209344614327,development
WF-000920,0,Pass,0.2790370004588261,development
WF-000693,0,Pass,0.14436716829506063,development
WF-000310,0,Pass,0.24108298859685173,development
WF-000563,0,Pass,0.26369870227860837,development
WF-000469,0,Pass,0.14684110058778121,development
WF-000852,0,Pass,0.2921455538489537,development
WF-000201,0,Pass,0.2418665178881204,development
WF-000750,0,Pass,0.0908247246024967,development
WF-001229,0,Pass,0.18741263916663262,development
WF-000655,0,Pass,0.21869858093320316,development
WF-000416,0,Pass,0.19511807382164492,development
WF-001046,0,Pass,0.12784983759356738,development
WF-000889,0,Pass,0.32227851570500826,development
WF-000860,0,Pass,0.28454449690275696,development
WF-001058,0,Pass,0.07853627109601767,development
WF-000036,0,Pass,0.2179552203549924,development
WF-001169,0,Pass,0.1583751332860542,development
WF-001233,0,Pass,0.23891558029675555,development
WF-001456,0,Pass,0.33978525904303564,development
WF-001349,0,Pass,0.11756752815150115,development
WF-000124,0,Pass,0.36149969255922965,development
WF-000213,0,Pass,0.1586426160259636,development
WF-001329,1,Fail,0.25397974796092343,development
WF-000111,0,Pass,0.2602668108297847,development
WF-001344,1,Fail,0.4062466042407415,development
WF-001178,0,Pass,0.4828805905790719,development
WF-000261,0,Pass,0.10083532349492613,development
WF-000625,0,Pass,0.1755787503134803,development
WF-000614,0,Pass,0.09381935429454384,development
WF-000143,0,Pass,0.21262472406737332,development
WF-000076,0,Pass,0.3518763320293924,development
WF-000514,0,Pass,0.20997103529736982,development
WF-000373,0,Pass,0.12332182355771704,development
WF-001201,0,Pass,0.17984836563783646,development
WF-000351,0,Pass,0.24428394666941228,development
WF-001193,0,Pass,0.19144646713809904,development
WF-000539,0,Pass,0.31534723713070184,development
WF-000692,0,Pass,0.23839364386628564,development
WF-001252,0,Pass,0.20517557812154952,development
WF-001309,0,Pass,0.3936987889753739,development
WF-001535,0,Pass,0.1711696917394938,development
WF-000404,0,Pass,0.23169343885753943,development
WF-001533,0,Pass,0.2943473397215149,development
WF-000839,0,Pass,0.08792613657372174,development
WF-000880,0,Pass,0.3068413900770516,development
WF-001070,0,Pass,0.47885998753335807,development
WF-000158,1,Fail,0.3557809875008336,development
WF-000561,0,Pass,0.16446326636755007,development
WF-001268,0,Pass,0.44672039523782014,development
WF-000280,0,Pass,0.2253992490429755,development
WF-001424,0,Pass,0.12763608599651152,development
WF-000816,0,Pass,0.18034274537637796,development
WF-001010,0,Pass,0.36449989613539807,development
WF-001208,0,Pass,0.243131199936027,development
WF-000798,1,Fail,0.27890906728360815,development
WF-000287,0,Pass,0.278048476929161,development
WF-000956,0,Pass,0.19852044551496476,development
WF-000098,0,Pass,0.29016637234259546,development
WF-001064,0,Pass,0.11292347758806935,development
WF-000788,0,Pass,0.16713961466357238,development
WF-000316,0,Pass,0.23863715882660044,development
WF-000481,0,Pass,0.30095362966098343,development
WF-000262,0,Pass,0.20440328550768863,development
WF-000558,0,Pass,0.36065910645321936,development
WF-001027,0,Pass,0.1896368036315375,development
WF-001343,1,Fail,0.21529770721400932,development
WF-000352,1,Fail,0.2667205373345145,development
WF-001528,0,Pass,0.3657946456670707,development
WF-000601,0,Pass,0.15640065458931623,development
WF-000044,0,Pass,0.3875812760170612,development
WF-001435,0,Pass,0.21666578258246413,development
WF-000112,0,Pass,0.36503004255900356,development
WF-001118,0,Pass,0.21806712986894955,development
WF-000266,0,Pass,0.17404636188993602,development
WF-000006,0,Pass,0.35205510583385013,development
WF-000294,0,Pass,0.2046559138802931,development
WF-000133,0,Pass,0.28827658562664205,development
WF-000023,0,Pass,0.25879039099806556,development
WF-001136,0,Pass,0.19890967623151887,development
WF-000760,0,Pass,0.46806987505757164,development
WF-001444,1,Fail,0.24715970535939608,development
WF-001211,0,Pass,0.1762935478095388,development
WF-000661,0,Pass,0.08927640926619523,development
WF-000919,0,Pass,0.21543751061851718,development
WF-001547,0,Pass,0.14545219900385406,development
WF-000363,0,Pass,0.40796338057523795,development
WF-000703,0,Pass,0.2566040711021281,development
WF-000884,0,Pass,0.19352974191680775,development
WF-001085,0,Pass,0.22614705927130885,development
WF-000285,0,Pass,0.25112260553892857,development
WF-000664,0,Pass,0.1225340513841247,development
WF-000414,0,Pass,0.1490175640363289,development
WF-000876,0,Pass,0.1837121913724574,development
WF-000224,0,Pass,0.15135511512105834,development
WF-000489,0,Pass,0.2776540116979915,development
WF-000688,0,Pass,0.12618755924929642,development
WF-000081,0,Pass,0.3826921521446476,development
WF-001122,0,Pass,0.25602891785543846,development
WF-001311,0,Pass,0.263603887327976,development
WF-000815,0,Pass,0.1641141842000005,development
WF-001203,0,Pass,0.22562731778784773,development
WF-001407,0,Pass,0.2060272239634563,development
WF-001171,0,Pass,0.20130743203062415,development
WF-000452,0,Pass,0.16229245693518532,development
WF-000198,0,Pass,0.24306356098071463,development
WF-000422,0,Pass,0.39969226330433383,development
WF-001026,0,Pass,0.22991907699083272,development
WF-000428,0,Pass,0.2378095314356012,development
WF-000480,0,Pass,0.28877022411296255,development
WF-000323,0,Pass,0.3715123971348568,development
WF-001022,0,Pass,0.1345165611532673,development
WF-000804,0,Pass,0.0940444488210895,development
WF-000096,0,Pass,0.5049297324811822,development
WF-001210,0,Pass,0.2380217035746866,development
WF-001459,0,Pass,0.9012644520854303,development
WF-000162,0,Pass,0.2053991575848544,development
WF-000333,0,Pass,0.30161319684424914,development
WF-000596,0,Pass,0.3086124244805965,development
WF-000222,0,Pass,0.24765185946970603,development
WF-000369,1,Fail,0.27614916031463327,development
WF-000144,0,Pass,0.7763650605667815,development
WF-000218,0,Pass,0.3030587525590502,development
WF-000485,0,Pass,0.25841593482662595,development
WF-000470,0,Pass,0.18423445537061053,development
WF-001394,0,Pass,0.12592635392227833,development
WF-001563,0,Pass,0.309002664824884,development
WF-000473,0,Pass,0.15155132847035532,development
WF-000011,1,Fail,0.6615841926995695,development
WF-000016,0,Pass,0.6115255325602726,development
WF-001481,0,Pass,0.16717402679078758,development
WF-000567,0,Pass,0.15265018654710039,development
WF-000691,0,Pass,0.2188598170904892,development
WF-000663,0,Pass,0.19230299724036298,development
WF-000221,0,Pass,0.11764461449782705,development
WF-000718,0,Pass,0.04889340215154209,development
WF-000959,0,Pass,0.12432562261240451,development
WF-001550,0,Pass,0.1556269350198905,development
WF-000685,0,Pass,0.09030604002258223,development
WF-001089,0,Pass,0.21162811980768872,development
WF-001303,1,Fail,0.23094810942709876,development
WF-001111,0,Pass,0.27522763587734916,development
WF-001187,0,Pass,0.27144383589225496,development
WF-000408,0,Pass,0.18883819898387352,development
WF-001031,0,Pass,0.1523606519370178,development
WF-000463,0,Pass,0.16522852390106213,development
WF-001242,1,Fail,0.11698240893681086,development
WF-001384,0,Pass,0.3350013953702907,development
WF-001057,0,Pass,0.43151120164596884,development
WF-000254,0,Pass,0.18868195876567823,development
WF-000425,1,Fail,0.18493469570217344,development
WF-000621,0,Pass,0.30845216904060263,development
WF-000626,0,Pass,0.20560217295755784,development
WF-000840,0,Pass,0.2687758040477748,development
WF-000721,0,Pass,0.21612001666304423,development
WF-001401,1,Fail,0.20575861954390984,development
WF-001040,0,Pass,0.2270328378552672,development
WF-000504,0,Pass,0.1869571978289754,development
WF-000925,1,Fail,0.3435044694832068,development
WF-001065,0,Pass,0.2693121196106447,development
WF-001094,0,Pass,0.24312587226974447,development
WF-001561,0,Pass,0.23550417631281784,development
WF-000814,0,Pass,0.24188886250091088,development
WF-001402,0,Pass,0.22507997809847727,development
WF-001183,0,Pass,0.18211208999034628,development
WF-000753,0,Pass,0.13035141837528688,development
WF-001051,0,Pass,0.22788035086411212,development
WF-001158,0,Pass,0.32966048475715326,development
WF-000140,0,Pass,0.13738630711129513,development
WF-001336,0,Pass,0.33927049773567536,development
WF-000582,0,Pass,0.1342249461976714,development
WF-000381,0,Pass,0.4307923483362238,development
WF-001428,0,Pass,0.4229254031649014,development
WF-001293,0,Pass,0.24704168193687365,development
WF-000717,0,Pass,0.30815495556849515,development
WF-000479,0,Pass,0.342531980500198,development
WF-000961,0,Pass,0.4159451405169231,development
WF-000120,0,Pass,0.44870122382034894,development
WF-000022,0,Pass,0.31097886173867584,development
WF-000193,0,Pass,0.18587388681897182,development
WF-000330,0,Pass,0.22963146334054488,development
WF-000488,0,Pass,0.2694468515474102,development
WF-001305,0,Pass,0.3029443318313041,development
WF-001241,0,Pass,0.20690545690217213,development
WF-000535,0,Pass,0.07989617663060028,development
WF-001537,0,Pass,0.2620709672039073,development
WF-000537,0,Pass,0.269829482953862,development
WF-000976,0,Pass,0.23618812299887992,development
WF-000697,0,Pass,0.18207892925037003,development
WF-001225,0,Pass,0.10070395882835176,development
WF-000823,0,Pass,0.07681111106471364,development
WF-000687,0,Pass,0.14078753380503786,development
WF-001277,0,Pass,0.1809285220484026,development
WF-000996,0,Pass,0.12707319804394032,development
WF-000761,0,Pass,0.11999702776392854,development
WF-000512,0,Pass,0.15127465044293587,development
WF-000556,0,Pass,0.44946576439456515,development
WF-001558,0,Pass,0.16763480288752014,development
WF-001007,0,Pass,0.16344533574968892,development
WF-001023,0,Pass,0.2635789960004362,development
WF-001134,0,Pass,0.16029145506372097,development
WF-001078,0,Pass,0.171942708440177,development
WF-000467,0,Pass,0.6469966270240113,development
WF-000035,0,Pass,0.30523189532041634,development
WF-000038,0,Pass,0.2960836640680471,development
WF-000276,0,Pass,0.9072520670059704,development
WF-000773,0,Pass,0.1160241517640519,development
WF-000789,0,Pass,0.22605723118496132,development
WF-001519,0,Pass,0.27087201149697626,development
WF-001548,0,Pass,0.14614166404198858,development
WF-000223,1,Fail,0.10869175348642958,development
WF-000711,0,Pass,0.14251145081015135,development
WF-001445,0,Pass,0.28494493589403935,development
WF-000907,0,Pass,0.38119190683534104,development
WF-001060,0,Pass,0.1590032573596503,development
WF-001554,0,Pass,0.251070903589406,development
WF-001113,0,Pass,0.3830086587116127,development
WF-001003,0,Pass,0.20184642147533777,development
WF-000649,0,Pass,0.2361381420416482,development
WF-000405,0,Pass,0.308431245017511,development
WF-000891,0,Pass,0.3911520894812665,development
WF-000946,0,Pass,0.27410937882296393,development
WF-001263,0,Pass,0.2066508183717991,development
WF-000620,0,Pass,0.22614199323801254,development
WF-000820,0,Pass,0.1258821487063368,development
WF-001426,0,Pass,0.2323636373401004,development
WF-001461,0,Pass,0.12200699074189195,development
WF-001062,0,Pass,0.11340198968375367,development
WF-001086,0,Pass,0.1983517360651748,development
WF-001341,0,Pass,0.1483508621169913,development
WF-000882,0,Pass,0.16437934391822673,development
WF-001048,0,Pass,0.176397899027247,development
WF-000533,0,Pass,0.10065088384999447,development
WF-000429,0,Pass,0.13975101684281227,development
WF-001405,0,Pass,0.3781377767875556,development
WF-000658,0,Pass,0.2171932617094229,development
WF-000606,1,Fail,0.3078428339568144,development
WF-001194,0,Pass,0.27036123157880154,development
WF-000723,0,Pass,0.155209768910853,development
WF-000189,1,Fail,0.2995550806155889,development
WF-001257,0,Pass,0.1803315575363494,development
WF-000654,0,Pass,0.43479529887823265,development
WF-001497,0,Pass,0.2107859837893078,development
WF-000673,0,Pass,0.37190802965482805,development
WF-001286,0,Pass,0.19416572313396932,development
WF-001470,0,Pass,0.3079567594136275,development
WF-000846,0,Pass,0.27173863476335897,development
WF-000252,0,Pass,0.2657449927871367,development
WF-000977,0,Pass,0.1910154985593296,development
WF-000541,0,Pass,0.21251410789434474,development
WF-001228,1,Fail,0.2688959219409978,development
WF-000349,0,Pass,0.3219376393491086,development
WF-000430,0,Pass,0.41265092213201743,development
WF-000710,1,Fail,0.49259355333496724,development
WF-000742,0,Pass,0.13403795854240305,development
WF-001102,0,Pass,0.09047880088959298,development
WF-000178,0,Pass,0.3106806339047154,development
WF-001417,0,Pass,0.3496763711268698,development
WF-001504,0,Pass,0.44332508130682036,development
WF-000432,0,Pass,0.24560292332869485,development
WF-000448,0,Pass,0.2115949226905245,development
WF-000192,0,Pass,0.3267433733191252,development
WF-001326,1,Fail,0.19682778132037562,development
WF-001389,0,Pass,0.17517482244031832,development
WF-000864,0,Pass,0.07166474982405943,development
WF-000402,0,Pass,0.10133846646795562,development
WF-000775,0,Pass,0.1630441002995124,development
WF-000595,0,Pass,0.19123146553645276,development
WF-000647,0,Pass,0.24592640041718272,development
WF-000394,0,Pass,0.2563920445032134,development
WF-000748,0,Pass,0.13555648602965398,development
WF-000202,0,Pass,0.2769970349427622,development
WF-000444,0,Pass,0.3820548142818559,development
WF-000421,0,Pass,0.20702091738266376,development
WF-000306,0,Pass,0.26803436036937145,development
WF-001087,0,Pass,0.34149479641685654,development
WF-001186,1,Fail,0.17128547587701085,development
WF-001560,0,Pass,0.24114291087545434,development
WF-001512,0,Pass,0.2316969028843674,development
WF-000861,0,Pass,0.157642523900197,development
WF-000930,1,Fail,0.19398210254717294,development
WF-001244,0,Pass,0.10210790563107339,development
WF-001347,0,Pass,0.24445213238511715,development
WF-000858,0,Pass,0.31390027932381515,development
WF-001097,0,Pass,0.06620531750023118,development
WF-001364,1,Fail,0.15620646631133545,development
WF-001532,0,Pass,0.1990281652259949,development
WF-001324,0,Pass,0.2668845087478594,development
WF-000454,0,Pass,0.23094487855624565,development
WF-000406,0,Pass,0.2870519096618776,development
WF-000312,0,Pass,0.45568277988241457,development
WF-000830,0,Pass,0.18130730177032103,development
WF-000811,0,Pass,0.2267310211352326,development
WF-000790,0,Pass,0.22273023319100074,development
WF-000965,0,Pass,0.3703925826154666,development
WF-001370,0,Pass,0.17715055886325448,development
WF-000377,0,Pass,0.11908208857435713,development
WF-000033,0,Pass,0.27469548084948797,development
WF-000951,0,Pass,0.27363998799576217,development
WF-000747,0,Pass,0.24944777728276032,development
WF-000438,0,Pass,0.30458420811825354,development
WF-000518,0,Pass,0.059741839157425536,development
WF-000623,0,Pass,0.45864636116235585,development
WF-000087,0,Pass,0.3698550143803916,development
WF-000903,0,Pass,0.2340027563205436,development
WF-000657,0,Pass,0.11095841229167608,development
WF-000495,0,Pass,0.20350287067407866,development
WF-000139,0,Pass,0.3262436828487686,development
WF-000980,0,Pass,0.2346078906671005,development
WF-000881,0,Pass,0.39654367975736404,development
WF-000520,0,Pass,0.20454740399560878,development
WF-001321,0,Pass,0.39017516295971283,development
WF-001427,0,Pass,0.12647049521002796,development
WF-000849,0,Pass,0.1578471932412572,development
WF-000865,0,Pass,0.21410703190723246,development
WF-001551,0,Pass,0.31572153875170844,development
WF-001120,0,Pass,0.16921771180735812,development
WF-001106,0,Pass,0.3765365627298542,development
WF-000879,0,Pass,0.3560530399607762,development
WF-000701,0,Pass,0.13967575766745524,development
WF-001002,0,Pass,0.17816431904963037,development
WF-000924,0,Pass,0.5882381608977176,development
WF-000207,0,Pass,0.2718803029898024,development
WF-000492,0,Pass,0.16833538870032144,development
WF-000515,0,Pass,0.30110375621485874,development
WF-000505,0,Pass,0.35662718335253524,development
WF-000603,0,Pass,0.12994871820030343,development
WF-000854,0,Pass,0.24839311732191738,development
WF-001168,0,Pass,0.3971032070086402,development
WF-000522,0,Pass,0.15645279907395035,development
WF-000859,0,Pass,0.2606602596644702,development
WF-000732,0,Pass,0.18412791442864243,development
WF-000204,0,Pass,0.18015740493288263,development
WF-001410,0,Pass,0.2648660155048065,development
WF-000609,0,Pass,0.14291515303879013,development
WF-000682,0,Pass,0.05035920684958925,development
WF-001369,0,Pass,0.21918512014042624,development
WF-000494,0,Pass,0.14347835619768753,development
WF-000953,0,Pass,0.4080721653296763,development
WF-000123,0,Pass,0.13814861220689847,development
WF-001072,0,Pass,0.19163354919480852,development
WF-001221,0,Pass,0.18668823262983011,development
WF-000241,1,Fail,0.24000474950809192,development
WF-000008,0,Pass,0.4674951930629279,development
WF-000389,0,Pass,0.04535933339659335,development
WF-000735,0,Pass,0.23118339697189447,development
WF-000005,0,Pass,0.3517777248107827,development
WF-000364,0,Pass,0.2087246365592966,development
WF-000118,0,Pass,0.22870358726856393,development
WF-001477,0,Pass,0.24694613406642524,development
WF-000739,0,Pass,0.2534677279104487,development
WF-001281,0,Pass,0.2538412180748935,development
WF-001160,0,Pass,0.2722836812884613,development
WF-000972,0,Pass,0.3232545804646043,development
WF-001012,0,Pass,0.17952254134026488,development
WF-001019,0,Pass,0.33339737209832965,development
WF-000600,0,Pass,0.3228718339315413,development
WF-000028,0,Pass,0.4267381776116372,development
WF-000581,0,Pass,0.08150347337055368,development
WF-000918,0,Pass,0.19557359197949464,development
WF-001230,0,Pass,0.23236541247319367,development
WF-001128,0,Pass,0.2935453908017,development
WF-000085,0,Pass,0.7189821274948536,development
WF-000225,0,Pass,0.10214911915748141,development
WF-001419,0,Pass,0.46740033171773504,development
WF-000046,1,Fail,0.28311041216946226,development
WF-001011,0,Pass,0.1338029984987795,development
WF-001172,0,Pass,0.17495973176569796,development
WF-001068,0,Pass,0.1540766981400334,development
WF-000304,0,Pass,0.13939562137040656,development
WF-001371,0,Pass,0.2685533330607001,development
WF-000560,0,Pass,0.1312440684261155,development
WF-001132,0,Pass,0.324490493129638,development
WF-001258,0,Pass,0.46937356523048274,development
WF-000532,0,Pass,0.14364829923979835,development
WF-000077,0,Pass,0.41575138119539506,development
WF-001521,0,Pass,0.3545094813082032,development
WF-000106,0,Pass,0.19258683693506196,development
WF-000801,0,Pass,0.47735305161208114,development
WF-000856,0,Pass,0.18107919444219323,development
WF-000313,0,Pass,0.1999164073701816,development
WF-001049,0,Pass,0.25226130516718864,development
WF-001165,0,Pass,0.22541270591654902,development
WF-000635,1,Fail,0.8979051120552421,development
WF-001331,0,Pass,0.1024507010109563,development
WF-001177,0,Pass,0.1828553178159589,development
WF-001462,0,Pass,0.30250254006751665,development
WF-000240,0,Pass,0.15934447228334267,development
WF-001030,1,Fail,0.33429055105406213,development
WF-000446,0,Pass,0.29076670414035827,development
WF-000375,0,Pass,0.16436522191791894,development
WF-001297,0,Pass,0.1588331113081185,development
WF-000746,0,Pass,0.190166491297082,development
WF-001274,0,Pass,0.12730336546306723,development
WF-000759,0,Pass,0.2386998347468398,development
WF-000167,0,Pass,0.1686074578120747,development
WF-001396,0,Pass,0.1508799234775879,development
WF-000670,0,Pass,0.13044270515853412,development
WF-000542,0,Pass,0.15872380762336094,development
WF-001129,0,Pass,0.10935285574789863,development
WF-001234,0,Pass,0.20383714756594848,development
WF-001330,1,Fail,0.18030807356184192,development
WF-000844,0,Pass,0.16009507994109703,development
WF-000890,0,Pass,0.4377396281160985,development
WF-000071,0,Pass,0.3400608661812144,development
WF-000768,0,Pass,0.4017660266983915,development
WF-001545,0,Pass,0.3446606858824475,development
WF-000802,0,Pass,0.06547513272993903,development
WF-001127,0,Pass,0.13451440805655904,development
WF-000806,0,Pass,0.21361837085767604,development
WF-000231,0,Pass,0.09749183249755192,development
WF-001121,0,Pass,0.2764209510795114,development
WF-001549,0,Pass,0.21307058188825892,development
WF-000608,0,Pass,0.34246452214583756,development
WF-000741,0,Pass,0.19291495504995232,development
WF-001531,0,Pass,0.29438893354919243,development
WF-001245,0,Pass,0.33266787440113804,development
WF-001556,0,Pass,0.30270504284018157,development
WF-000125,0,Pass,0.29963484950388225,development
WF-000379,0,Pass,0.3526089679423398,development
WF-000922,0,Pass,0.22904811418914667,development
WF-001534,0,Pass,0.4993134244753234,development
WF-000995,0,Pass,0.34575362689371264,development
WF-000627,0,Pass,0.31880923991309396,development
WF-001414,0,Pass,0.15301163093596468,development
WF-001069,0,Pass,0.06586377763004074,development
WF-001196,0,Pass,0.25429906939507363,development
WF-001285,0,Pass,0.127966052087493,development
WF-001356,0,Pass,0.18147880957178789,development
WF-001294,0,Pass,0.22639774212184913,development
WF-001141,0,Pass,0.15178190876772887,development
WF-001476,0,Pass,0.24646720378815326,development
WF-000099,0,Pass,0.2652207653721958,development
WF-000923,0,Pass,0.3239774782288732,development
WF-001061,0,Pass,0.19132868790306506,development
WF-000070,0,Pass,0.2202449769941392,development
WF-000249,0,Pass,0.4165516535459837,development
WF-001021,0,Pass,0.19299452089754363,development
WF-000618,0,Pass,0.16041559194954788,development
WF-000474,0,Pass,0.2819295934288663,development
WF-000674,0,Pass,0.2634686767337731,development
WF-001413,0,Pass,0.20998154821823156,development
WF-000745,0,Pass,0.09074547286050352,development
WF-000828,0,Pass,0.17928772278190194,development
WF-000091,0,Pass,0.30487275646153866,development
WF-000585,0,Pass,0.2630945930295035,development
WF-000898,0,Pass,0.12731857455900705,development
WF-001363,0,Pass,0.3232055220397634,development
WF-000272,0,Pass,0.35257072240829046,development
WF-000082,0,Pass,0.4394992721590873,development
WF-000885,0,Pass,0.22219247884718016,development
WF-000431,0,Pass,0.0,development
WF-001125,0,Pass,0.5034425206886894,development
WF-000318,0,Pass,0.23305877708326758,development
WF-000301,0,Pass,0.37268879275991246,development
WF-000449,1,Fail,0.23288381886523327,development
WF-000368,0,Pass,0.5742249019884176,development
WF-001295,0,Pass,0.2820078572624291,development
WF-000779,0,Pass,0.2581971995466441,development
WF-000549,0,Pass,0.3142398275921462,development
WF-000418,0,Pass,0.16409325849981973,development
WF-001540,0,Pass,0.4561417182725752,development
WF-001358,0,Pass,0.13437333571877783,development
WF-000932,0,Pass,0.5372410020293693,development
WF-000296,0,Pass,0.4051063274773538,development
WF-000524,0,Pass,0.3952885743596729,development
WF-000356,0,Pass,0.21243606963502182,development
WF-001217,0,Pass,0.1732230725819966,development
WF-001482,0,Pass,0.26210411258877114,development
WF-000672,0,Pass,0.09699431409843656,development
WF-000001,0,Pass,0.31118308157601887,development
WF-001067,0,Pass,0.1071038896903394,development
WF-001465,0,Pass,0.2289822971723706,development
WF-000457,0,Pass,0.24140745832231728,development
WF-000237,1,Fail,0.21484947365723578,development
WF-000836,0,Pass,0.2702860858833416,development
WF-000498,0,Pass,0.458240747447779,development
WF-000090,0,Pass,0.2899085017926113,development
WF-001308,0,Pass,0.3203595665983856,development
WF-001421,0,Pass,0.23497743210479963,development
WF-000476,0,Pass,0.2270751590101528,development
WF-001415,0,Pass,0.1275366055851933,development
WF-000945,0,Pass,0.2797162587244986,development
WF-000328,1,Fail,0.22657593689704028,development
WF-001159,0,Pass,0.24544609689405814,development
WF-001468,0,Pass,0.22798260848356222,development
WF-000639,0,Pass,0.289544038546779,development
WF-001182,0,Pass,0.2131078642808742,development
WF-001080,0,Pass,0.18452355454145233,development
WF-000886,0,Pass,0.16754627099884994,development
WF-000037,0,Pass,0.8113509891936184,development
WF-001559,0,Pass,0.15207821515513023,development
WF-000763,0,Pass,0.18120892292258783,development
WF-001522,0,Pass,0.2174848026416037,development
WF-000579,0,Pass,0.1412634715001748,development
WF-000725,0,Pass,0.1464385977858329,development
WF-001256,0,Pass,0.19735239523954004,development
WF-000927,1,Fail,0.21440724173036488,development
WF-000299,0,Pass,0.2756827457631551,development
WF-001498,0,Pass,0.3558430914279263,development
WF-001066,0,Pass,0.3193889699051925,development
WF-000666,0,Pass,0.1897059409359884,development
WF-000442,1,Fail,0.17675589090801042,development
WF-000258,0,Pass,0.21985285875509553,development
WF-000103,0,Pass,0.46099217942449167,development
WF-000199,0,Pass,0.25827566319306583,development
WF-001325,1,Fail,0.3708970846360708,development
WF-001108,0,Pass,0.16807857477587446,development
WF-001154,0,Pass,0.18785267201851086,development
WF-000344,0,Pass,0.12199300978293723,development
WF-001292,0,Pass,0.4161085172790657,development
WF-000182,0,Pass,0.2965860822622066,development
WF-001202,0,Pass,0.17135082388860406,development
WF-000584,1,Fail,0.13792793582134202,development
WF-000562,0,Pass,0.33987837595179465,development
WF-000893,0,Pass,0.1336955697398997,development
WF-000510,0,Pass,0.4506541220322555,development
WF-000245,1,Fail,0.2705258402209346,development
WF-001262,0,Pass,0.2841414528864636,development
WF-000586,0,Pass,0.29545868911593226,development
WF-001153,0,Pass,0.14441644931467923,development
WF-001236,0,Pass,0.16953052107141067,development
WF-000895,0,Pass,0.039176482140162644,development
WF-000157,0,Pass,0.13750720700214009,development
WF-000997,0,Pass,0.2986653786791823,development
WF-001079,0,Pass,0.22355630621295913,development
WF-001307,0,Pass,0.2107345977872451,development
WF-000065,1,Fail,0.48799522181959176,development
WF-001000,0,Pass,0.2526729480806796,development
WF-001082,0,Pass,0.16469367177504707,development
WF-000786,0,Pass,0.19789793609526735,development
WF-000407,1,Fail,0.1847208071466484,development
WF-000650,0,Pass,0.08256732180764238,development
WF-000547,0,Pass,0.1251574498193324,development
WF-000079,0,Pass,0.3179242249216621,development
WF-000916,0,Pass,0.14245888784713856,development
WF-000164,0,Pass,0.6999585884659723,development
WF-000257,0,Pass,0.22512941164378514,development
WF-001351,0,Pass,0.2057789342654622,development
WF-000315,0,Pass,0.2616072113682655,development
WF-001546,0,Pass,0.22030240021978834,development
WF-001071,0,Pass,0.10254545011259834,development
WF-000982,0,Pass,0.4947404408432233,development
WF-000999,0,Pass,0.36663415919028375,development
WF-000736,0,Pass,0.14416915637002703,development
WF-001429,0,Pass,0.2891848672945897,development
WF-001382,0,Pass,0.1801810656111817,development
WF-000041,1,Fail,0.44613654278946735,development
WF-001420,0,Pass,0.2741307566902974,development
WF-000093,0,Pass,0.32581604902341316,development
WF-001239,1,Fail,0.3104742093209938,development
WF-001076,0,Pass,0.40134600457628655,development
WF-000926,0,Pass,0.2465000285898137,development
WF-000868,0,Pass,0.43285845719667143,development
WF-000598,0,Pass,0.29606521935526775,development
WF-001387,0,Pass,0.1407583582792447,development
WF-001455,0,Pass,0.38881750854026426,development
WF-001448,0,Pass,0.09961740223125919,development
WF-000068,0,Pass,0.274679508774372,development
WF-000329,0,Pass,0.2277965320498297,development
WF-001149,0,Pass,0.17857477694558346,development
WF-000764,0,Pass,0.27566505957553256,development
WF-000108,0,Pass,0.31502705988110474,development
WF-000909,0,Pass,0.3347796393410451,development
WF-000988,0,Pass,0.4111559545603989,development
WF-001025,0,Pass,0.22793195477954198,development
WF-000555,0,Pass,0.13757945417390785,development
WF-000347,0,Pass,0.14653988787959607,development
WF-000530,0,Pass,0.2703382411228604,development
WF-001552,0,Pass,0.131736638134047,development
WF-001289,0,Pass,0.03568297985828665,development
WF-000874,0,Pass,0.15450250668115437,development
WF-001224,0,Pass,0.2493205958590416,development
WF-001489,0,Pass,0.535500746124018,development
WF-000969,0,Pass,0.12174641109473892,development
WF-000642,0,Pass,0.16564946778055067,development
WF-001001,0,Pass,0.07546867838190376,development
WF-000238,0,Pass,0.2437187010350379,development
WF-001131,0,Pass,0.07309986986955412,development
WF-001322,0,Pass,0.08145494543244879,development
WF-001126,0,Pass,0.11895430669268559,development
WF-000507,0,Pass,0.2822258333245726,development
WF-000383,0,Pass,0.12367383136390314,development
WF-000366,0,Pass,0.12547180237075606,development
WF-000335,0,Pass,0.2313365329154047,development
WF-000137,0,Pass,0.20479864333053804,development
WF-001088,0,Pass,0.11535170775914842,development
WF-000253,0,Pass,0.11684772627495053,development
WF-000281,0,Pass,0.2685933526645633,development
WF-001373,0,Pass,0.202784332411118,development
WF-000599,0,Pass,0.1692922581781438,development
WF-000617,0,Pass,0.2635634477385085,development
WF-001460,0,Pass,0.26464462520258136,development
WF-000174,0,Pass,0.4943007083066576,development
WF-000824,0,Pass,0.12244380851141053,development
WF-000810,0,Pass,0.3067675651249715,development
WF-001017,0,Pass,0.2718648900514587,development
WF-001565,0,Pass,0.05476121483493218,development
WF-000168,1,Fail,0.29411495153626854,development
WF-000357,0,Pass,0.28580735764829845,development
WF-000263,0,Pass,0.1597792576567024,development
WF-001008,0,Pass,0.2765941316249779,development
WF-000250,0,Pass,0.36345516166503145,development
WF-000591,0,Pass,0.15514149840211156,development
WF-000634,0,Pass,0.2532219523591069,development
WF-001452,0,Pass,0.30081011117122913,development
WF-000128,0,Pass,0.1950427185639482,development
WF-001253,0,Pass,0.32877513725836344,development
WF-001392,0,Pass,0.15822728954417678,development
WF-001469,0,Pass,0.2400854892612481,development
WF-000553,0,Pass,0.2660628266378141,development
WF-000412,0,Pass,0.1310969164612497,development
WF-000568,0,Pass,0.126494734164733,development
WF-001147,0,Pass,0.2968362222111007,development
WF-000302,0,Pass,0.1749245801723273,development
WF-000557,0,Pass,0.15676703867737957,development
WF-001471,0,Pass,0.1295895567972897,development
WF-000066,0,Pass,0.13689526991441386,development
WF-000850,0,Pass,0.13920789824856716,development
WF-001342,0,Pass,0.1812478419510551,development
WF-001043,0,Pass,0.27201108546832625,development
WF-000040,0,Pass,0.19549665174244474,development
WF-001041,0,Pass,0.21240698970789887,development
WF-000566,0,Pass,0.3013081339417696,development
WF-000833,0,Pass,0.2957942192000667,development
WF-000834,0,Pass,0.15403482478185446,development
WF-000905,0,Pass,0.12124374530172521,development
WF-001216,0,Pass,0.27026578939843693,development
WF-001016,0,Pass,0.20415541750397365,development
WF-000826,0,Pass,0.1910179195976744,development
WF-001261,0,Pass,0.35258895707269416,development
WF-000179,0,Pass,0.23811435991134258,development
WF-000212,0,Pass,0.1865238871650249,development
WF-000540,0,Pass,0.46295818371119,development
WF-000484,0,Pass,0.2688209063623835,development
WF-000744,0,Pass,0.061460809443896675,development
WF-000478,0,Pass,0.21482445303610198,development
WF-000219,1,Fail,0.2221890108820698,development
WF-000964,0,Pass,0.274727763008931,development
WF-000054,0,Pass,0.1835075841412887,development
WF-000471,0,Pass,0.29676437439326575,development
WF-000842,0,Pass,0.2387389419405903,development
WF-000358,0,Pass,0.22581231322054035,development
WF-000359,0,Pass,0.2669335090156682,development
WF-000807,0,Pass,0.3071838972244715,development
WF-000490,0,Pass,0.23755158819969166,development
WF-000740,0,Pass,0.20786626738999184,development
WF-000102,0,Pass,0.40333253133868213,development
WF-001333,0,Pass,0.20661017107358753,development
WF-001510,0,Pass,0.3379277637077755,development
WF-001488,0,Pass,0.28746652033012526,development
WF-000426,0,Pass,0.25554127795163195,development
WF-000053,0,Pass,0.3403147433471049,development
WF-000268,0,Pass,0.21066790800306673,development
WF-001204,0,Pass,0.31294592165046864,development
WF-000086,0,Pass,0.4434430775774559,development
WF-001514,0,Pass,0.21458102697151582,development
WF-000173,0,Pass,0.49559997033793207,development
WF-000875,0,Pass,0.4273868892723767,development
WF-000043,0,Pass,0.260343525694374,development
WF-000984,0,Pass,0.17027957814473635,development
WF-001247,0,Pass,0.25930082347396594,development
WF-000487,0,Pass,0.085618985043609,development
WF-001014,0,Pass,0.19762478639397196,development
WF-000778,0,Pass,0.19864674942443467,development
WF-000004,0,Pass,0.3593225104957657,development
WF-000374,1,Fail,0.2262167120162123,development
WF-001557,0,Pass,0.15656478883450087,development
WF-000523,0,Pass,0.19143934243830252,development
WF-001393,0,Pass,0.22357416570216376,development
WF-000130,0,Pass,0.24632262489552367,development
WF-001328,1,Fail,0.18611124809684573,development
WF-000942,0,Pass,0.23533582254045815,development
WF-000527,0,Pass,0.32959054340013094,development
WF-000348,0,Pass,0.488271669604652,development
WF-001115,0,Pass,0.3037507988325599,development
WF-000587,0,Pass,0.09951122342510148,development
WF-001507,0,Pass,0.29258582471490596,development
WF-001218,0,Pass,0.2835383942015607,development
WF-000181,1,Fail,0.2851435366987475,development
WF-000781,0,Pass,0.2109949060973281,development
WF-000665,0,Pass,0.20959186294534218,development
WF-000676,0,Pass,0.32834700626191293,development
WF-001320,0,Pass,0.25294517419755624,development
WF-001287,0,Pass,0.20743264063706274,development
WF-000209,0,Pass,0.2542095687776293,development
WF-000928,0,Pass,0.11469443306038697,development
WF-000017,0,Pass,0.2558232143329265,development
WF-000126,0,Pass,0.431853647455737,development
WF-000015,1,Fail,0.7515901292444825,development
WF-001267,0,Pass,0.1858083554143974,development
WF-000110,0,Pass,0.35507174830098737,development
WF-001377,0,Pass,0.1967893222729786,development
WF-000640,0,Pass,0.20096472717053984,development
WF-001199,0,Pass,0.14684921191279815,development
WF-000340,0,Pass,0.20584841689404965,development
WF-000073,0,Pass,0.5713161434552487,development
WF-001044,0,Pass,0.1752844471316145,development
WF-000978,0,Pass,0.16590616617239848,development
WF-000290,0,Pass,0.21712897797211822,development
WF-000127,0,Pass,0.3225254522253222,development
WF-000632,0,Pass,0.18944134580113406,development
WF-000339,0,Pass,0.23524322208334586,development
WF-000319,0,Pass,0.4636062846703502,development
WF-001081,0,Pass,0.2429451820436821,development
WF-001279,0,Pass,0.15316282168798048,development
WF-000651,0,Pass,0.17969600713201758,development
WF-000396,0,Pass,0.2494874593657267,development
WF-000072,0,Pass,0.204714102434014,development
WF-000170,1,Fail,0.3844355670772771,development
WF-000230,0,Pass,0.17040095559235,development
WF-000417,0,Pass,0.19499179175180859,development
WF-000466,0,Pass,0.19861541938942945,development
WF-000415,0,Pass,0.2547695626033369,development
WF-001508,0,Pass,0.15065053224380165,development
WF-000062,0,Pass,0.7370246878898536,development
WF-000286,0,Pass,0.2574741945023409,development
WF-000305,0,Pass,0.24613111810279958,development
WF-000738,0,Pass,0.17450220001351324,development
WF-000206,0,Pass,0.14333839739362939,development
WF-001518,0,Pass,0.3494296529610405,development
WF-001148,0,Pass,0.31416466584730957,development
WF-000805,0,Pass,0.16167639055805608,development
WF-000813,0,Pass,0.25506175265322556,development
WF-001423,0,Pass,0.2925509783139144,development
WF-000395,0,Pass,0.12656973065092858,development
WF-000897,0,Pass,0.13176741975514572,development
WF-000776,0,Pass,0.08406003379027967,development
WF-001189,0,Pass,0.23526961817687178,development
WF-000499,0,Pass,0.24857718713670135,development
WF-000300,0,Pass,0.23069712998354502,development
WF-000380,0,Pass,0.18771275588988637,development
WF-000277,0,Pass,0.12977911820453553,development
WF-000758,0,Pass,0.16785746119192976,development
WF-000906,0,Pass,0.13108379584217916,development
WF-000320,0,Pass,0.13989051124563384,development
WF-000403,0,Pass,0.19248949238412438,development
WF-001403,0,Pass,0.3025684862710048,development
WF-000963,0,Pass,0.21057623993663802,development
WF-001408,0,Pass,0.1690480091170025,development
WF-001103,0,Pass,0.21110055840942474,development
WF-000350,0,Pass,0.41467625188204,development
WF-000341,0,Pass,0.23975018634032455,development
WF-000203,0,Pass,0.2923507785435389,development
WF-000794,0,Pass,0.17297665244409005,development
WF-000030,0,Pass,0.25938358567135056,development
WF-000317,0,Pass,0.3380978167734059,development
WF-000064,0,Pass,0.3354706768309261,development
WF-000575,0,Pass,0.2434850727783718,development
WF-001092,0,Pass,0.25791945150498014,development
WF-000264,0,Pass,0.43878305128563744,development
WF-000214,0,Pass,0.2410736335334448,development
WF-000966,0,Pass,0.33950224853350264,development
WF-000607,0,Pass,0.16364877756014126,development
WF-000190,1,Fail,0.338827391109217,development
WF-000279,0,Pass,0.22560743573397393,development
WF-000613,0,Pass,0.24198168905185202,development
WF-000382,0,Pass,0.2407395800453664,development
WF-001009,0,Pass,0.3395815752291493,development
WF-000792,0,Pass,0.2871459362983153,development
WF-001020,0,Pass,0.1320461890401062,development
WF-000509,1,Fail,0.2593331802650042,development
WF-000464,0,Pass,0.10771587690557882,development
WF-000853,0,Pass,0.30778544327302165,development
WF-001302,0,Pass,0.09583636360667319,development
WF-000483,0,Pass,0.14023108891103242,development
WF-001200,0,Pass,0.30605347166960695,development
WF-001562,0,Pass,0.17270546676360238,development
WF-001004,0,Pass,0.26245427457040843,development
WF-001142,0,Pass,0.2774462523316635,development
WF-001525,0,Pass,0.32862090350275563,development
WF-001451,0,Pass,0.13229736925964244,development
WF-000324,1,Fail,0.19008968952003286,development
WF-001319,0,Pass,0.1765281851695164,development
WF-000409,0,Pass,0.29241682434662286,development
WF-000267,0,Pass,0.1527576298211957,development
WF-000275,0,Pass,0.0933431932986316,development
WF-000681,0,Pass,0.20025818361296752,development
WF-001156,0,Pass,0.2602960665408337,development
WF-001485,0,Pass,0.1293301706718986,development
WF-000780,0,Pass,0.16428167464665563,development
WF-000153,0,Pass,0.12117828333779398,development
WF-000517,0,Pass,0.13566319161084847,development
WF-000048,0,Pass,0.487263756946459,development
WF-000896,0,Pass,0.22638293245161462,development
WF-000774,0,Pass,0.19443793109755816,development
WF-001474,0,Pass,0.3535103580311072,development
WF-000372,0,Pass,0.3838344928531459,development
WF-001350,0,Pass,0.3026608152446008,development
WF-001436,0,Pass,0.28623748998701737,development
WF-000411,0,Pass,0.2689318812689291,development
WF-001365,1,Fail,0.22258083649015237,development
WF-000668,0,Pass,0.4935982967266346,development
WF-000291,0,Pass,0.20087199990685667,development
WF-000648,0,Pass,0.18728753417030503,development
WF-001249,0,Pass,0.1707573047781912,development
WF-000325,0,Pass,0.17552320914565886,development
WF-001374,0,Pass,0.18990736172214248,development
WF-000184,0,Pass,0.6380070107367696,development
WF-001338,0,Pass,0.35667233037941193,development
WF-001411,0,Pass,0.2933000744379982,development
WF-000014,0,Pass,0.4311470606502257,development
WF-001464,0,Pass,0.16473795332450308,development
WF-000981,0,Pass,0.14712571886717504,development
WF-000100,0,Pass,0.7450507363409696,development
WF-000938,0,Pass,0.26607044364200033,development
WF-000783,0,Pass,0.15048095556797134,development
WF-000870,0,Pass,0.36660841833344765,development
WF-001112,0,Pass,0.22192159340010129,development
WF-000855,0,Pass,0.16788774094602696,development
WF-000941,0,Pass,0.3127250318755448,development
WF-000669,0,Pass,0.14079787720541337,development
WF-001226,0,Pass,0.19156660007965762,development
WF-000056,0,Pass,0.2416526673108048,development
WF-000308,0,Pass,0.20021646690184947,development
WF-000900,0,Pass,0.2541718231060109,development
WF-001517,0,Pass,0.26477217474426773,development
WF-001266,0,Pass,0.2829167925524452,development
WF-000543,0,Pass,0.1877359796704767,development
WF-000292,1,Fail,0.2420313855454215,development
WF-001441,0,Pass,0.1346472289573824,development
WF-000702,0,Pass,0.21525026139124412,development
WF-001313,0,Pass,0.270353315622625,development
WF-000293,0,Pass,0.22055330330418738,development
WF-001357,0,Pass,0.21105528652167158,development
WF-001056,0,Pass,0.1916442574684618,development
WF-000646,0,Pass,0.13620950494555964,development
WF-000545,0,Pass,0.2559185214508416,development
WF-000590,0,Pass,0.1660274349459765,development
WF-000808,0,Pass,0.19298692757086194,development
WF-000822,0,Pass,0.23099906140151477,development
WF-001271,0,Pass,0.2117240547712378,development
WF-000949,0,Pass,0.34992317073930823,development
WF-000722,0,Pass,0.1541824130190375,development
WF-000440,0,Pass,0.41389931055326123,development
WF-000610,0,Pass,0.33293341147150063,development
WF-000677,0,Pass,0.2521314958310657,development
WF-001222,0,Pass,0.2586326725999268,development
WF-001207,0,Pass,0.13016474187734484,development
WF-000303,0,Pass,0.2015700246897727,development
WF-000700,0,Pass,0.26406747178684814,development
WF-000769,0,Pass,0.3081216716059596,development
WF-001173,0,Pass,0.17852510152151346,development
WF-001404,0,Pass,0.24248626829438213,development
WF-000680,0,Pass,0.22125099240713045,development
WF-001101,0,Pass,0.23970739406796526,development
WF-000762,0,Pass,0.1927859308532727,development
WF-000638,0,Pass,0.20929389296579515,development
WF-000472,0,Pass,0.19371809012438973,development
WF-000574,0,Pass,0.2536107409351617,development
WF-001152,1,Fail,0.4086076428232609,development
WF-000078,0,Pass,0.2890161964556246,development
WF-001340,0,Pass,0.2289411622909043,development
WF-000025,0,Pass,0.5560887318549521,development
WF-001077,0,Pass,0.20798740090932363,development
WF-001251,0,Pass,0.259447340076712,development
WF-000387,0,Pass,0.4787826364769291,development
WF-000992,0,Pass,0.15833471753910813,development
WF-001493,0,Pass,0.30903549369225075,development
WF-000592,0,Pass,0.33114852997185407,development
WF-001472,0,Pass,0.25354565575136034,development
WF-000146,0,Pass,0.24424908226573055,development
WF-000013,0,Pass,0.3402816861828232,development
WF-000278,1,Fail,0.1161282564810319,development
WF-000283,1,Fail,0.23575343150788083,development
WF-000902,0,Pass,0.245237313917917,development
WF-000047,0,Pass,0.6625476137256815,development
WF-001298,0,Pass,0.2983027217016763,development
WF-000149,0,Pass,0.2797484694040878,development
WF-000034,0,Pass,0.5495396515691157,development
WF-000271,0,Pass,0.0892922752524509,development
WF-001162,0,Pass,0.24587197215234075,development
WF-000322,1,Fail,0.3106687686590244,development
WF-000095,0,Pass,0.40907414861192476,development
WF-000376,0,Pass,0.3838716077229575,development
WF-001155,0,Pass,0.19762464434751922,development
WF-000589,0,Pass,0.28304639834510775,development
WF-000551,0,Pass,0.3351022547581738,development
WF-000211,0,Pass,0.22643699163440648,development
WF-001312,0,Pass,0.3352414818079517,development
WF-001299,0,Pass,0.23705521598466436,development
WF-001024,0,Pass,0.13480055938042074,development
WF-001174,0,Pass,0.19630428867192717,development
WF-000921,0,Pass,0.26907202652747636,development
WF-000720,0,Pass,0.13484729955296795,development
WF-000970,0,Pass,0.23136548036691723,development
WF-000169,0,Pass,0.14587296006831973,development
WF-000388,0,Pass,0.288889570722361,development
WF-000055,0,Pass,0.6947039452481949,development
WF-000121,0,Pass,0.4130157716338959,development
WF-000453,0,Pass,0.21311246692102886,development
WF-001458,0,Pass,0.26617384578915787,development
WF-000724,0,Pass,0.15407111951392907,development
WF-001463,0,Pass,0.24442336877816292,development
WF-000910,0,Pass,0.24005034477304318,development
WF-000529,0,Pass,0.4223362535634774,development
WF-000353,0,Pass,0.30482191083765814,development
WF-001188,0,Pass,0.2968951269747831,development
WF-000944,0,Pass,0.2674369765644378,development
WF-000255,0,Pass,0.20502752975281235,development
WF-001290,0,Pass,0.31837713280013785,development
WF-000228,0,Pass,0.3058713709797042,development
WF-000145,0,Pass,0.6490156262885326,development
WF-001291,0,Pass,0.03516131731389461,development
WF-001409,0,Pass,0.2185481647449391,development
WF-000119,0,Pass,0.17542604175381948,development
WF-000197,0,Pass,0.6809814188137153,development
WF-001215,0,Pass,0.1961395567674317,development
WF-000147,0,Pass,0.18694612374289968,development
WF-001109,0,Pass,0.12104411096515781,development
WF-001223,0,Pass,0.21655925745566676,development
WF-000912,0,Pass,0.21077708627189212,development
WF-000475,0,Pass,0.14489700146705717,development
WF-000021,0,Pass,0.21713234638281706,development
WF-000843,0,Pass,0.17047215682992856,development
WF-001431,0,Pass,0.23133018421309617,development
WF-000914,0,Pass,0.28119357461256483,development
WF-000101,0,Pass,0.3030064539124403,development
WF-000594,0,Pass,0.4459671709794222,development
WF-000003,1,Fail,0.3802760016529345,development
WF-000939,0,Pass,0.294987285599007,development
WF-001381,0,Pass,0.17035453903924852,development
WF-000950,0,Pass,0.26626326755870466,development
WF-000611,0,Pass,0.10413538318081338,development
WF-000784,0,Pass,0.09005089700206598,development
WF-001484,0,Pass,0.18818865133614915,development
WF-001538,0,Pass,0.21582941826888716,development
WF-000493,0,Pass,0.40647293885401864,development
WF-000993,0,Pass,0.19318282547204718,development
WF-000756,0,Pass,0.17200531783458445,development
WF-001161,0,Pass,0.12767195711853604,development
WF-000544,0,Pass,0.2958981839616052,development
WF-000985,0,Pass,0.2428783426461244,development
WF-001437,0,Pass,0.26897844040540103,development
WF-000636,0,Pass,0.3319898015815807,development
WF-000273,0,Pass,0.18136542993927435,development
WF-001314,0,Pass,0.17355879273199779,development
WF-000936,0,Pass,0.34081476966132307,development
WF-000602,1,Fail,0.0987411737409237,development
WF-001280,0,Pass,0.4545629002144909,development
WF-000410,0,Pass,0.1331101743854349,development
WF-000148,0,Pass,0.29693657742971047,development
WF-000975,0,Pass,0.38645260054924496,development
WF-000115,0,Pass,0.22073127670812176,development
WF-001446,0,Pass,0.24655039518460278,development
WF-000502,0,Pass,0.26129516305223305,development
WF-000360,0,Pass,0.10495744090086137,development
WF-000795,0,Pass,0.19400129682646314,development
WF-000342,0,Pass,0.23598518097182336,development
WF-000785,0,Pass,0.16209559695213732,development
WF-001015,0,Pass,0.2511960183943363,development
WF-001181,0,Pass,0.13929467041343693,development
WF-001490,0,Pass,0.6784845303323808,development
WF-000185,0,Pass,0.46357671848057463,development
WF-001513,0,Pass,0.25849318265777627,development
WF-000641,0,Pass,0.16071564549612333,development
WF-001288,0,Pass,0.08886960344373772,development
WF-001052,0,Pass,0.16062381873696202,development
WF-000311,0,Pass,0.21895721687997657,development
WF-001184,0,Pass,0.3020433884570416,development
WF-000251,0,Pass,0.19483135816622138,development
WF-000803,0,Pass,0.25197074820496196,development
WF-001264,0,Pass,0.17789815106571683,development
WF-000208,0,Pass,0.27903825019449796,development
WF-000482,0,Pass,0.30021403218839526,development
WF-000506,0,Pass,0.2247620747108404,development
WF-000274,1,Fail,0.39685952828721344,development
WF-000075,0,Pass,0.21950475720129706,development
WF-000578,0,Pass,0.25096709556865515,development
WF-000354,0,Pass,0.17550908279323818,development
WF-000619,0,Pass,0.46798921595544113,development
WF-000548,0,Pass,0.23156209246804854,development
WF-000282,0,Pass,0.2321620758292897,development
WF-001430,0,Pass,0.4188884972912895,development
WF-000114,0,Pass,0.3321100593398432,development
WF-000227,0,Pass,0.15090382271883787,development
WF-001495,0,Pass,0.3164102157799125,development
WF-000986,0,Pass,0.3066900237277434,development
WF-000559,0,Pass,0.20957048813696216,development
WF-000845,0,Pass,0.10592645554003983,development
WF-000009,0,Pass,0.5690687497539592,development
WF-001145,1,Fail,0.41841383177016894,development
WF-000967,0,Pass,0.13172093891728123,development
WF-000734,0,Pass,0.15923915392787452,development
WF-001453,0,Pass,0.2580477284077972,development
WF-000580,0,Pass,0.23781599830755462,development
WF-001502,0,Pass,0.4203311877380442,development
WF-000637,0,Pass,0.13596128549595995,development
WF-001164,0,Pass,0.19482922276580192,development
WF-000526,0,Pass,0.15462312312796903,development
WF-001137,0,Pass,0.36695129964101986,development
WF-000831,0,Pass,0.14948774057683184,development
WF-000719,0,Pass,0.0834979409936751,development
WF-001524,0,Pass,0.4082551262215619,development
WF-000615,0,Pass,0.14225643691308132,development
WF-001503,0,Pass,0.21951442620813766,development
WF-001270,0,Pass,0.13625944198759002,development
WF-000029,0,Pass,0.288153363548834,development
WF-001254,0,Pass,0.1556763315992965,development
WF-000420,0,Pass,0.26189324174119444,development
WF-000800,0,Pass,0.20617091358980894,development
WF-001418,0,Pass,0.34662335438238423,development
WF-000832,1,Fail,0.1452243547614694,development
WF-001516,0,Pass,0.2811018911020822,development
WF-001466,0,Pass,0.1904507102758299,development
WF-000058,1,Fail,0.9076725126973054,development
WF-001323,0,Pass,0.14502598233571942,development
WF-000887,0,Pass,0.13289393332829436,development
WF-000737,0,Pass,0.23169206007223297,development
WF-000656,0,Pass,0.1764668401775666,development
WF-000771,0,Pass,0.24557556581680434,development
WF-000899,0,Pass,0.19489344083734747,development
WF-000397,0,Pass,0.3440750921939616,development
WF-000138,0,Pass,0.17577590113534347,development
WF-001055,0,Pass,0.2891006320102767,development
WF-000698,0,Pass,0.14424503516288648,development
WF-001439,1,Fail,0.22517840922796722,development
WF-000503,0,Pass,0.245127144039934,development
WF-001520,1,Fail,0.4650873859136256,development
WF-001175,0,Pass,0.34138987106418545,development
WF-000247,0,Pass,0.2879243949917404,test
WF-001316,0,Pass,0.1790645478734394,test
WF-000445,0,Pass,0.29783046713534717,test
WF-000297,0,Pass,0.2170206971973513,test
WF-001296,0,Pass,0.2268609259691759,test
WF-001240,0,Pass,0.1702113629611797,test
WF-001433,0,Pass,0.2643760214951573,test
WF-000974,0,Pass,0.1279307400805526,test
WF-000284,0,Pass,0.1325601862252652,test
WF-000554,0,Pass,0.046359253208139134,test
WF-000727,0,Pass,0.1221238863531374,test
WF-001123,0,Pass,0.23154698698519258,test
WF-001275,0,Pass,0.3008877217015191,test
WF-000338,0,Pass,0.25105427994346885,test
WF-000513,0,Pass,0.14908245692635388,test
WF-000793,0,Pass,0.20303294515906387,test
WF-000644,0,Pass,0.3244225090435338,test
WF-001033,0,Pass,0.18439237678912626,test
WF-001397,0,Pass,0.3273001941717016,test
WF-000960,0,Pass,0.16752261205366978,test
WF-001526,0,Pass,0.37662083823960535,test
WF-001443,0,Pass,0.18673748429638554,test
WF-000265,0,Pass,0.1662410704079399,test
WF-001542,0,Pass,0.22022665658473378,test
WF-001530,0,Pass,0.3424520047275776,test
WF-000799,0,Pass,0.3981813224192571,test
WF-001209,0,Pass,0.29296480427909705,test
WF-001475,0,Pass,0.23322132953635755,test
WF-001494,0,Pass,0.3014292329030918,test
WF-001143,0,Pass,0.2008664894799729,test
WF-000531,0,Pass,0.23009688238972179,test
WF-000117,0,Pass,0.2954787837558639,test
WF-000528,0,Pass,0.2659799077935553,test
WF-001037,0,Pass,0.20799025578425595,test
WF-000835,0,Pass,0.17827952274115832,test
WF-000866,0,Pass,0.10798514052424851,test
WF-000233,0,Pass,0.30515557145457006,test
WF-000155,1,Fail,0.2926548297984315,test
WF-000141,0,Pass,0.17739314313793084,test
WF-001361,0,Pass,0.15255407589103137,test
WF-000904,0,Pass,0.32391996544636587,test
WF-001480,0,Pass,0.22931359905708407,test
WF-001284,0,Pass,0.33767993580441946,test
WF-001499,0,Pass,0.2755860565484273,test
WF-001157,0,Pass,0.20443066473906957,test
WF-001564,0,Pass,0.25184265401387457,test
WF-000955,0,Pass,0.32180015505327597,test
WF-001091,0,Pass,0.12113811718238811,test
WF-001479,0,Pass,0.33408026671363183,test
WF-000391,0,Pass,0.17844652713822065,test
WF-000441,0,Pass,0.38561689341623034,test
WF-000259,0,Pass,0.2247034448111848,test
WF-000256,0,Pass,0.272006859967247,test
WF-000370,0,Pass,0.17389162521146836,test
WF-000787,0,Pass,0.14692186980016633,test
WF-001107,0,Pass,0.29972239506498,test
WF-000063,1,Fail,0.4547396248777367,test
WF-001449,0,Pass,0.21193852129776944,test
WF-000188,0,Pass,0.30311279266044533,test
WF-001028,0,Pass,0.12299852735623877,test
WF-001243,1,Fail,0.2714843764783011,test
WF-000694,0,Pass,0.08590159524400602,test
WF-000142,0,Pass,0.16508597573536857,test
WF-001237,0,Pass,0.20890070453635468,test
WF-000080,0,Pass,0.3316714750942172,test
WF-000196,0,Pass,0.6001247725021915,test
WF-001412,0,Pass,0.2291820320517584,test
WF-000731,0,Pass,0.16226085044316113,test
WF-001398,0,Pass,0.5229314248200585,test
WF-000069,0,Pass,0.31887794964000266,test
WF-000270,0,Pass,0.18344148733809099,test
WF-000307,0,Pass,0.10764548812863305,test
WF-001362,0,Pass,0.28995713308558385,test
WF-000577,1,Fail,0.38866139412009854,test
WF-000947,0,Pass,0.22136670318774346,test
WF-000716,0,Pass,0.2580590891333999,test
WF-001454,0,Pass,0.21107993773790865,test
WF-000605,0,Pass,0.15699474337655725,test
WF-000519,1,Fail,0.32565273740819717,test
WF-001100,0,Pass,0.1835247419770194,test
WF-001541,0,Pass,0.3617263773382203,test
WF-000246,0,Pass,0.17800473093089203,test
WF-000059,1,Fail,0.6166573607717597,test
WF-000751,0,Pass,0.32855257969759055,test
WF-001487,0,Pass,0.2672616679598707,test
WF-001500,0,Pass,0.4023934795563114,test
WF-000032,0,Pass,0.393315135629723,test
WF-000113,0,Pass,0.27202428482410757,test
WF-000327,1,Fail,0.13196687203558816,test
WF-000367,0,Pass,0.2312115159874669,test
WF-001523,0,Pass,0.2170382135183976,test
WF-000690,0,Pass,0.21510574072633198,test
WF-000450,0,Pass,0.17080895861861953,test
WF-001395,0,Pass,0.19185542274751752,test
WF-001367,0,Pass,0.1540839379815613,test
WF-000166,0,Pass,0.2239242482055102,test
WF-000726,0,Pass,0.28123715416432316,test
WF-001434,0,Pass,0.17716636361630034,test
WF-000343,0,Pass,0.17040226518122914,test
WF-000878,0,Pass,0.1398186037929842,test
WF-000707,0,Pass,0.2124186697050615,test
WF-000346,0,Pass,0.32481703234301207,test
WF-000042,0,Pass,0.16650523081632224,test
WF-000818,0,Pass,0.3258127783300541,test
WF-001053,0,Pass,0.23323481952952402,test
WF-000931,0,Pass,0.2258332568307395,test
WF-000477,0,Pass,0.24673823826264651,test
WF-001440,0,Pass,0.26192836863424473,test
WF-000863,0,Pass,0.33998129310742187,test
WF-001006,0,Pass,0.20406722890381782,test
WF-000012,1,Fail,0.3782522362595737,test
WF-000010,0,Pass,0.37299294448692516,test
WF-000314,0,Pass,0.37181238521711885,test
WF-001353,0,Pass,0.11582587515611274,test
WF-001176,0,Pass,0.26755708233115444,test
WF-001130,0,Pass,0.22546459211447908,test
WF-000525,0,Pass,0.2206220279903087,test
WF-001206,0,Pass,0.30242980970559485,test
WF-000177,0,Pass,0.21165720724563153,test
WF-001483,0,Pass,0.48212865827966805,test
WF-001093,0,Pass,0.30683714325516565,test
WF-000564,0,Pass,0.2631398724540566,test
WF-000968,0,Pass,0.21134500190855351,test
WF-001272,0,Pass,0.20457527719972235,test
WF-001473,0,Pass,0.24005641493776736,test
WF-000465,0,Pass,0.22167833417119062,test
WF-000622,0,Pass,0.35547310713458724,test
WF-001167,0,Pass,0.15255798552763122,test
WF-000630,0,Pass,0.16288087949640248,test
WF-001442,0,Pass,0.25744713138515135,test
WF-000109,0,Pass,0.5011497127788302,test
WF-000550,0,Pass,0.0629518568975961,test
WF-000027,0,Pass,0.274989370936167,test
WF-000616,0,Pass,0.10695815021177661,test
WF-000873,0,Pass,0.164626140661335,test
WF-001345,0,Pass,0.22232455640228177,test
WF-000018,0,Pass,0.3112864452772915,test
WF-000766,0,Pass,0.25170078732694284,test
WF-001232,0,Pass,0.22544361047589498,test
WF-000105,0,Pass,0.3292588377302297,test
WF-000269,0,Pass,0.26845708989203704,test
WF-001059,0,Pass,0.161861762859791,test
WF-000049,1,Fail,0.4477277037099142,test
WF-001386,0,Pass,0.29854710521393213,test
WF-001315,0,Pass,0.27269622826057843,test
WF-001032,0,Pass,0.20606473050894122,test
WF-000191,0,Pass,0.25133680909139594,test
WF-001457,0,Pass,0.3932261158515809,test
WF-000990,0,Pass,0.13688467629948217,test
WF-000937,0,Pass,0.3261963669709472,test
WF-001492,0,Pass,0.3845201288724348,test
WF-000709,0,Pass,0.1512581768114199,test
WF-001544,0,Pass,0.26393970916762455,test
WF-000052,0,Pass,0.7158843081070485,test
WF-001355,0,Pass,0.2976222820278338,test
WF-000908,0,Pass,0.09805149236842507,test
WF-000715,0,Pass,0.12420897464169382,test
WF-000629,0,Pass,0.19557806974180947,test
WF-001467,0,Pass,0.34045471535939936,test
WF-000501,0,Pass,0.16738138486543377,test
WF-000461,0,Pass,0.3024355052163877,test
WF-000289,0,Pass,0.20103819083543,test
WF-000321,0,Pass,0.253668841244874,test
WF-001219,0,Pass,0.12249613536564542,test
WF-001283,0,Pass,0.17534681231456553,test
WF-000588,0,Pass,0.188080496350943,test
WF-000176,0,Pass,0.33910504976364353,test
WF-001354,0,Pass,0.33441693728930527,test
WF-000298,0,Pass,0.26439494574337724,test
WF-000234,0,Pass,0.2571520079613631,test
WF-001138,0,Pass,0.2695723985510823,test
WF-000571,0,Pass,0.3196370824634514,test
WF-001096,0,Pass,0.2077202529861014,test
WF-000812,0,Pass,0.1471097982800755,test
WF-001098,0,Pass,0.25696072696385824,test
WF-000534,0,Pass,0.24042587211638106,test
WF-000436,0,Pass,0.03757223499944963,test
WF-000821,0,Pass,0.2671950408779434,test
WF-000612,0,Pass,0.2653561753742899,test
WF-000777,0,Pass,0.20148473919679555,test
WF-000220,0,Pass,0.33950571482643804,test
WF-000097,1,Fail,0.6914048464209995,test
WF-001214,0,Pass,0.11343326394101352,test
WF-001213,0,Pass,0.12770012977754508,test
WF-000024,1,Fail,0.6488883430276146,test
WF-000337,1,Fail,0.22370997407330728,test
WF-001306,0,Pass,0.20548956145059424,test
WF-000915,1,Fail,0.07493016352310172,test
WF-001383,0,Pass,0.20268815059129205,test
WF-001335,0,Pass,0.2701750896632423,test
WF-000516,0,Pass,0.1742668637989658,test
WF-000326,0,Pass,0.15026472121622972,test
WF-000045,0,Pass,0.5879702416206095,test
WF-000459,0,Pass,0.2488851925809244,test
WF-000847,0,Pass,0.19842057408190772,test
WF-001104,0,Pass,0.14396214237842306,test
WF-001529,0,Pass,0.3416070267985901,test
WF-001124,0,Pass,0.6026689901362667,test
WF-001099,0,Pass,0.23067922822381848,test
WF-001035,0,Pass,0.25273603929073185,test
WF-000398,0,Pass,0.15481612371598785,test
WF-000706,0,Pass,0.34711784144504637,test
WF-000435,0,Pass,0.13421659191470764,test
WF-001260,0,Pass,0.3237394944805969,test
WF-000393,1,Fail,0.25767637810871363,test
WF-000216,0,Pass,0.2234827049943644,test
WF-000667,0,Pass,0.2094472636311882,test
WF-001205,0,Pass,0.20052270279087556,test
WF-000122,0,Pass,0.33773067714861105,test
WF-000954,0,Pass,0.26788652288620873,test
WF-000154,0,Pass,0.30372752841743567,test
WF-001447,0,Pass,0.457426572296584,test
WF-000767,0,Pass,0.2058085533149113,test
WF-000456,0,Pass,0.25923175395905607,test
WF-001250,0,Pass,0.213421409624124,test
WF-001117,0,Pass,0.2045594015446911,test
WF-000384,0,Pass,0.2970720165869314,test
WF-001034,0,Pass,0.42864206463401583,test
WF-000171,0,Pass,0.27736333736690033,test
WF-001368,0,Pass,0.24556726380876936,test
WF-000888,0,Pass,0.2082316797282959,test
WF-001074,0,Pass,0.1717158975696384,test
WF-001566,0,Pass,0.1871871257382154,test
WF-000217,0,Pass,0.21911966639985825,test
WF-001185,0,Pass,0.11651278363404621,test
WF-000002,0,Pass,0.34315915058632424,test
WF-001151,0,Pass,0.3215377671314341,test
WF-000583,0,Pass,0.24214085342377206,test
WF-001192,0,Pass,0.19202077650200627,test
WF-001399,0,Pass,0.2462110241930566,test
WF-000877,0,Pass,0.30231246458009403,test
WF-000957,0,Pass,0.4908278215868535,test
WF-001376,0,Pass,0.16343107206664387,test
WF-000713,0,Pass,0.1338688284425154,test
WF-000232,1,Fail,0.1225427526912386,test
WF-000570,0,Pass,0.19822579218423914,test
WF-001220,0,Pass,0.12989747785907763,test
WF-000869,0,Pass,0.21045626303205212,test
WF-000770,0,Pass,0.38209598097673353,test
WF-001255,1,Fail,0.32475345825205043,test
WF-000659,0,Pass,0.11240221935722448,test
WF-001190,1,Fail,0.20295318038295881,test
WF-000867,0,Pass,0.30469497535477635,test
WF-001050,0,Pass,0.14800973298839673,test
WF-000940,0,Pass,0.20674051322610454,test
WF-000536,0,Pass,0.09057475096715559,test
WF-000546,0,Pass,0.2794897266661364,test
WF-000628,0,Pass,0.2035144628628489,test
WF-000019,0,Pass,0.24904482556009885,test
WF-000239,1,Fail,0.18999934123146567,test
WF-001352,0,Pass,0.2830819466125499,test
WF-001246,0,Pass,0.35788685146942645,test
WF-001553,0,Pass,0.4640806847848401,test
WF-001432,0,Pass,0.18200695545867132,test
WF-000699,0,Pass,0.34240056711232736,test
WF-000026,0,Pass,0.5807540724407615,test
WF-001378,0,Pass,0.1637531982489959,test
WF-000631,0,Pass,0.20878695764218688,test
WF-001238,0,Pass,0.33330839570245724,test
WF-000443,0,Pass,0.1185919331061609,test
WF-000838,0,Pass,0.24935112016895045,test
WF-000451,0,Pass,0.31459014510976363,test
WF-000755,0,Pass,0.2603670644656234,test
WF-000131,0,Pass,0.4415146428952672,test
WF-000400,0,Pass,0.30556309730958453,test
WF-000150,0,Pass,0.33383205585048137,test
WF-000819,0,Pass,0.25492623538476117,test
WF-000497,0,Pass,0.15691151712076787,test
WF-000749,0,Pass,0.16125390745732626,test
WF-000894,0,Pass,0.26133955153923155,test
WF-000913,0,Pass,0.14397688812734466,test
WF-001163,0,Pass,0.1707701021842508,test
WF-000841,0,Pass,0.1728485209837398,test
WF-000708,0,Pass,0.10836521554699353,test
WF-001135,0,Pass,0.27667373576947113,test
WF-001478,0,Pass,0.30466261321167687,test
WF-000051,1,Fail,0.22982000525172316,test
WF-001346,0,Pass,0.14160585363611009,test
WF-000460,0,Pass,0.1129348078560319,test
WF-001317,0,Pass,0.2660473248006792,test
WF-001422,0,Pass,0.1535424569387086,test
WF-000572,0,Pass,0.29475856380586807,test
WF-000817,0,Pass,0.17582784920139882,test
WF-000796,1,Fail,0.31595339732808103,test
WF-000345,1,Fail,0.26235248852940013,test
WF-001095,0,Pass,0.4359277103190097,test
WF-001391,0,Pass,0.25895195432071716,test
WF-000848,0,Pass,0.130537838858043,test
WF-000462,0,Pass,0.32116152694060074,test
WF-001139,0,Pass,0.21119628833875345,test
WF-001005,0,Pass,0.12835235328995526,test
WF-000675,0,Pass,0.17165329284352657,test
WF-001337,0,Pass,0.16596724081410205,test
WF-000332,0,Pass,0.11950017347196715,test
WF-001425,0,Pass,0.22197228336228253,test
WF-001273,0,Pass,0.2133022721111611,test
WF-000521,0,Pass,0.20084510063213493,test
WF-001269,0,Pass,0.26019857034227445,test
WF-000851,0,Pass,0.22226566821121876,test
WF-000229,0,Pass,0.29225629771302897,test
WF-000948,0,Pass,0.3032963755811016,test
WF-000679,0,Pass,0.18407752789809245,test
WF-000933,0,Pass,0.2551961898554785,test
WF-000243,0,Pass,0.13945044192119402,test
WF-000653,0,Pass,0.1748681452169191,test
WF-000235,0,Pass,0.23048646968985395,test
WF-001227,0,Pass,0.19393044743076868,test
WF-000754,0,Pass,0.24276352918928662,test
WF-000714,0,Pass,0.3817264899402477,test
WF-000175,0,Pass,0.3855307359270757,test
WF-001310,0,Pass,0.28353604228038537,test
WF-001334,0,Pass,0.36638576890533664,test
WF-000973,0,Pass,0.16658300908430645,test
WF-001038,0,Pass,0.36560495053568,test
