sensor,missing_rate,outlier_rate,relative_variability,stability_score,completeness_score,outlier_score,sensor_reliability_score
sensor_120,0.0,0.0023942537909018356,0.009641725109988864,0.9904503499903011,1.0,0.9976057462090981,0.9970140240498498
sensor_056,0.0023942537909018356,0.004,0.008976981078119914,0.9911028881268156,0.9976057462090981,0.996,0.995578595136253
sensor_583,0.0007980845969672786,0.010383386581469648,0.006898378713581439,0.993148882886876,0.9992019154030327,0.9896166134185304,0.9952923317778679
sensor_051,0.0007980845969672786,0.003993610223642172,0.01362040193261145,0.9865626205760636,0.9992019154030327,0.9960063897763578,0.9952432102896217
sensor_088,0.0,0.00558659217877095,0.013819841003723698,0.9863685435569681,1.0,0.994413407821229,0.9951954878445493
sensor_044,0.0007980845969672786,0.001597444089456869,0.017296940715269042,0.9829971564614091,0.9992019154030327,0.9984025559105432,0.9949508857945044
sensor_058,0.0023942537909018356,0.0112,0.004444366487412167,0.9955752985076175,0.9976057462090981,0.9888,0.9948966977314534
sensor_047,0.0007980845969672786,0.003993610223642172,0.016571087642591468,0.9836990370432238,0.9992019154030327,0.9960063897763578,0.9945273144064117
sensor_012,0.0015961691939345571,0.005595523581135092,0.013637045905737265,0.9865464211664128,0.9984038308060654,0.9944044764188649,0.994439639799352
sensor_057,0.0023942537909018356,0.0112,0.007178507279704517,0.9928726564081545,0.9976057462090981,0.9888,0.9942210372065876
sensor_132,0.007182761372705506,0.008038585209003215,0.0022138344432090546,0.9977910557935583,0.9928172386272945,0.9919614147909968,0.9938467369597861
sensor_061,0.0031923383878691143,0.0032025620496397116,0.016804189791585912,0.9834735242436106,0.9968076616121309,0.9967974379503602,0.9934715713545581
sensor_071,0.0031923383878691143,0.004803843074459567,0.015538997763920767,0.9846987680452098,0.9968076616121309,0.9951961569255404,0.993377562048753
sensor_019,0.0023942537909018356,0.008,0.01481683680613031,0.9853994964719324,0.9976057462090981,0.992,0.9931527472225321
sensor_067,0.0031923383878691143,0.004803843074459567,0.016504349987716115,0.9837636208955568,0.9968076616121309,0.9951961569255404,0.9931437752613398
sensor_013,0.0015961691939345571,0.007993605115907274,0.01703159082614555,0.983253626554205,0.9984038308060654,0.9920063948840927,0.9930169207626071
sensor_059,0.0023942537909018356,0.0064,0.01838779916295611,0.9819442071300641,0.9976057462090981,0.9936,0.9926889248870651
sensor_021,0.0,0.018355945730247406,0.012241875284447343,0.9879061758030834,1.0,0.9816440542697525,0.992387557518209
sensor_018,0.0023942537909018356,0.0128,0.013430541672439905,0.9867474472890113,0.9976057462090981,0.9872,0.992289734926802
sensor_087,0.0,0.01596169193934557,0.015709030766926174,0.984533926261279,1.0,0.9840383080606544,0.9921430585804834
sensor_122,0.007182761372705506,0.012861736334405145,0.006133905131640489,0.9939034902806124,0.9928172386272945,0.9871382636655949,0.9916690578001991
sensor_125,0.007182761372705506,0.012057877813504822,0.007035791364603046,0.9930133651406082,0.9928172386272945,0.9879421221864951,0.9916474911454232
sensor_543,0.0015961691939345571,0.007194244604316547,0.024285639264542334,0.9762901691348715,0.9984038308060654,0.9928057553956835,0.9914758965356715
sensor_133,0.006384676775738229,0.0,0.02285581141603421,0.9776549038868022,0.9936153232242618,1.0,0.9912213875838314
sensor_114,0.0,0.0223463687150838,0.013018323923843403,0.9871489748838717,1.0,0.9776536312849162,0.9912006515421969
sensor_134,0.006384676775738229,0.016867469879518072,0.006360239786149638,0.9936799572015074,0.9936153232242618,0.983132530120482,0.9910107834426283
sensor_049,0.0007980845969672786,0.003993610223642172,0.03276194148260641,0.9682773539896579,0.9992019154030327,0.9960063897763578,0.9906718936430203
sensor_055,0.0023942537909018356,0.0224,0.011557303870453756,0.9885747413159564,0.9976057462090981,0.9776,0.9903465584335381
sensor_033,0.0,0.01675977653631285,0.02293673249207006,0.977577564903558,1.0,0.9832402234636871,0.9902044470918112
sensor_045,0.0007980845969672786,0.02156549520766773,0.017517466997160062,0.9827841117569641,0.9992019154030327,0.9784345047923323,0.9899056118388405
sensor_054,0.0023942537909018356,0.0256,0.011163251559466852,0.988959990840005,0.9976057462090981,0.9744,0.9896428708145504
sensor_124,0.007182761372705506,0.02090032154340836,0.006645031227349322,0.9933988337286606,0.9928172386272945,0.9790996784565916,0.9895332473599603
sensor_016,0.0023942537909018356,0.0032,0.0351197176807162,0.9660718300686947,0.9976057462090981,0.9968,0.9895208306217227
sensor_069,0.0031923383878691143,0.014411529223378704,0.029394111054588806,0.9714452309966343,0.9968076616121309,0.9855884707766213,0.9876622562493793
sensor_121,0.0,0.03192338387869114,0.018821973477498793,0.9815257483962044,1.0,0.9680766161213089,0.9874005911293784
sensor_089,0.0,0.02314445331205108,0.02964386700383064,0.9712095920212767,1.0,0.9768555466879489,0.9870162846773063
sensor_035,0.0,0.028731045490822026,0.023777568149244862,0.9767746736312759,1.0,0.9712689545091779,0.9870109070351134
sensor_037,0.0,0.028731045490822026,0.024339066110338516,0.9762392483938354,1.0,0.9712689545091779,0.9868770507257533
sensor_003,0.010375099760574621,0.01935483870967742,0.01338340366057191,0.9867933463166773,0.9896249002394254,0.9806451612903225,0.9866720770214626
sensor_029,0.0007980845969672786,0.005591054313099041,0.04963588836463161,0.952711326932651,0.9992019154030327,0.994408945686901,0.9863810258564044
sensor_009,0.0015961691939345571,0.003996802557953637,0.05035360007023266,0.9520603346655204,0.9984038308060654,0.9960031974420464,0.9862177984299244
sensor_001,0.0039904229848363925,0.027243589743589744,0.0242283144054601,0.9763448109521128,0.9960095770151636,0.9727564102564102,0.9852800938097125
sensor_039,0.0,0.055865921787709494,0.005213424767181513,0.9948136140657005,1.0,0.9441340782122905,0.9847369230694978
sensor_020,0.007980845969672785,0.02815768302493966,0.018308877062595014,0.982020310855574,0.9920191540303273,0.9718423169750603,0.9844752339728222
sensor_046,0.0007980845969672786,0.006389776357827476,0.05767283414536269,0.9454719528728707,0.9992019154030327,0.9936102236421726,0.9843715018302772
sensor_119,0.01596169193934557,0.0186536901865369,0.013492977380491246,0.9866866592254386,0.9840383080606544,0.981346309813463,0.9840273962900525
sensor_085,0.008778930566640064,0.012077294685990338,0.037967272304622234,0.9634215130691716,0.99122106943336,0.9879227053140096,0.9834465893124753
sensor_036,0.0,0.02713487629688747,0.04073557209515813,0.9608588644537717,1.0,0.9728651237031125,0.983430997039221
sensor_038,0.0,0.06225059856344772,0.004569571733964459,0.995451214268737,1.0,0.9377494014365523,0.9833001539263223
sensor_062,0.0031923383878691143,0.03522818254603683,0.02649275562236666,0.9741909960131147,0.9968076616121309,0.9647718174539631,0.9831445341728349
sensor_084,0.0007980845969672786,0.009584664536741214,0.06943807754352854,0.9350705019751812,0.9992019154030327,0.9904153354632588,0.9809724170611263
sensor_008,0.006384676775738229,0.007228915662650603,0.06543510249252567,0.9385836806583113,0.9936153232242618,0.9927710843373494,0.9796463528610462
sensor_135,0.006384676775738229,0.00963855421686747,0.07561819519162505,0.9296979211306914,0.9936153232242618,0.9903614457831326,0.9768225033405868
sensor_002,0.0039904229848363925,0.05448717948717949,0.032084605054872976,0.9689128149981784,0.9960095770151636,0.9455128205128205,0.9766111973853314
sensor_571,0.0,0.060654429369513166,0.03632718652000421,0.9649462187304078,1.0,0.9393455706304868,0.9760729473402237
sensor_116,0.0,0.034317637669592976,0.06595373674323156,0.9381270176464342,1.0,0.965682362330407,0.9759523449942104
sensor_063,0.0031923383878691143,0.02642113690952762,0.07738260011959952,0.9281753760353942,0.9968076616121309,0.9735788630904724,0.9738423905875321
sensor_040,0.0,0.09257781324820431,0.015701421223319238,0.9845413023008195,1.0,0.9074221867517956,0.9729908722631538
sensor_131,0.007182761372705506,0.002411575562700965,0.11213509257448788,0.8991713386950988,0.9928172386272945,0.997588424437299,0.9705985600967466
sensor_091,0.030327214684756583,0.015637860082304528,0.04476065597095088,0.9571570237497579,0.9696727853152434,0.9843621399176955,0.970216183574485
sensor_129,0.007182761372705506,0.028135048231511254,0.08792648367120147,0.9191797561775552,0.9928172386272945,0.9718649517684887,0.9691697963001582
sensor_022,0.0007980845969672786,0.0231629392971246,0.11343398091698778,0.8981224007340182,0.9992019154030327,0.9768370607028753,0.9683408230607398
sensor_127,0.007182761372705506,0.0297427652733119,0.09353363950042151,0.9144666097851802,0.9928172386272945,0.9702572347266881,0.9675895804416144
sensor_117,0.0,0.12210694333599362,0.009844759116330027,0.9902512153205165,1.0,0.8778930566640064,0.9670360679961307
sensor_023,0.0007980845969672786,0.03274760383386582,0.11175822367074342,0.899476143921161,0.9992019154030327,0.9672523961661342,0.9662830927233402
sensor_048,0.0007980845969672786,0.0,0.16090071934726374,0.861400103673178,0.9992019154030327,1.0,0.9649509836198109
sensor_311,0.0,0.01596169193934557,0.14246488658260423,0.8753004243231037,1.0,0.9840383080606544,0.9648346830959396
sensor_007,0.010375099760574621,0.06693548387096775,0.06145765027389768,0.9421007043869916,0.9896249002394254,0.9330645161290323,0.9636037552487187
sensor_027,0.0007980845969672786,0.051916932907348244,0.10181493014206412,0.90759343755767,0.9992019154030327,0.9480830670926518,0.9635200838640968
sensor_176,0.0,0.019154030327214685,0.14825061897761732,0.8708900160579777,1.0,0.9808459696727854,0.9629339964326907
sensor_447,0.0,0.019154030327214685,0.14868277234075916,0.870562372901461,1.0,0.9808459696727854,0.9628520856435615
sensor_030,0.0007980845969672786,0.006389776357827476,0.16975499080671286,0.8548798747251828,0.9992019154030327,0.9936102236421726,0.9617234822933552
sensor_572,0.0,0.03671189146049481,0.13349207212601255,0.8822293729186559,1.0,0.9632881085395052,0.9613793703645404
sensor_031,0.0007980845969672786,0.00718849840255591,0.17707863836426374,0.8495609107218678,0.9992019154030327,0.9928115015974441,0.9601940607813444
sensor_453,0.0007980845969672786,0.010383386581469648,0.1727417940633381,0.852702619674857,0.9992019154030327,0.9896166134185304,0.9601807659748632
sensor_309,0.0,0.025538707102952914,0.1555659977555038,0.8653767953906008,1.0,0.9744612928970471,0.9599595220719119
sensor_034,0.0,0.0335195530726257,0.14531184971540115,0.8731246430816989,1.0,0.9664804469273743,0.9599012725022683
sensor_181,0.0007980845969672786,0.010383386581469648,0.17487766329981702,0.8511524486654659,0.9992019154030327,0.9896166134185304,0.9597932232225155
sensor_118,0.0,0.05506783719074222,0.123234778489604,0.8902858237212742,1.0,0.9449321628092577,0.958804496632633
sensor_559,0.0007980845969672786,0.08546325878594249,0.08611490442043127,0.9207128968860034,0.9992019154030327,0.9145367412140575,0.9584133672265316
sensor_174,0.0,0.025538707102952914,0.16756260017687685,0.8564851253787228,1.0,0.9744612928970471,0.9577366045689424
sensor_317,0.0007980845969672786,0.02476038338658147,0.17086462335385538,0.8540697020425587,0.9992019154030327,0.9752396166134185,0.9569282873655106
sensor_306,0.0,0.0007980845969672786,0.21348529424205456,0.8240726152553847,1.0,0.9992019154030327,0.9558186326646043
sensor_446,0.0,0.0,0.21718453063617918,0.821568114636928,1.0,1.0,0.955392028659232
sensor_308,0.0,0.004788507581803671,0.21184327308704998,0.8251892156422173,1.0,0.9952114924181963,0.9551001770151034
sensor_310,0.0,0.004788507581803671,0.21186347047631549,0.8251754627168985,1.0,0.9952114924181963,0.9550967387837737
sensor_445,0.0,0.030327214684756583,0.1755477338762581,0.8506672857108014,1.0,0.9696727853152434,0.9550850177565111
sensor_442,0.0,0.0,0.2256557870545719,0.8158897551515215,1.0,1.0,0.9539724387878804
sensor_171,0.0,0.0007980845969672786,0.22583733388279434,0.8157689216664148,1.0,0.9992019154030327,0.9537427092673618
sensor_173,0.0,0.004788507581803671,0.22155214641910653,0.8186306273796243,1.0,0.9952114924181963,0.9534605299494552
sensor_175,0.0,0.004788507581803671,0.22156633112102153,0.8186211215254339,1.0,0.9952114924181963,0.9534581534859076
sensor_444,0.0,0.004788507581803671,0.22551218523545805,0.8159853586505709,1.0,0.9952114924181963,0.9527992127671918
sensor_128,0.007182761372705506,0.012861736334405145,0.20917000160440904,0.8270135701953669,0.9928172386272945,0.9871382636655949,0.9499465777788877
sensor_184,0.0007980845969672786,0.003194888178913738,0.26006773099923686,0.7936081334350158,0.9992019154030327,0.9968051118210862,0.9472042690155419
sensor_456,0.0007980845969672786,0.003194888178913738,0.26149901469324094,0.792707713880514,0.9992019154030327,0.9968051118210862,0.9469791641269164
sensor_123,0.007182761372705506,0.01527331189710611,0.23171677220363196,0.8118749558073537,0.9928172386272945,0.9847266881028939,0.9455590302912091
sensor_320,0.0007980845969672786,0.0023961661341853034,0.2783520208841637,0.782257143308896,0.9992019154030327,0.9976038338658147,0.944566201995194
sensor_394,0.0,0.0015961691939345571,0.28762444336451043,0.7766239645055514,1.0,0.9984038308060654,0.9437569488279042
sensor_528,0.0,0.0023942537909018356,0.29481849513460073,0.7723090176403811,1.0,0.9976057462090981,0.9424786909623698
sensor_256,0.0,0.0031923383878691143,0.297703742343494,0.7705919058182898,1.0,0.9968076616121309,0.9418498918576051
sensor_312,0.0,0.0039904229848363925,0.29871499854418276,0.7699918774488378,1.0,0.9960095770151636,0.9415003636160003
sensor_126,0.007182761372705506,0.028135048231511254,0.2402254785121222,0.8063049964105585,0.9928172386272945,0.9718649517684887,0.9409511063584091
sensor_017,0.0023942537909018356,0.02,0.269065860872009,0.7879811685367324,0.9976057462090981,0.98,0.9407981652387322
sensor_274,0.010375099760574621,0.05887096774193548,0.18655522558474272,0.8427757751496084,0.9896249002394254,0.9411290322580645,0.940788651971631
sensor_177,0.0,0.00558659217877095,0.30950286243365205,0.7636485789283004,1.0,0.994413407821229,0.9395154966873823
sensor_448,0.0,0.00558659217877095,0.3100356263521919,0.7633380191228162,1.0,0.994413407821229,0.9394378567360113
sensor_357,0.0007980845969672786,0.013578274760383386,0.3013704146574559,0.7684207269021234,0.9992019154030327,0.9864217252396166,0.9383115707369514
sensor_065,0.0039904229848363925,0.04487179487179487,0.2433456330638382,0.8042815878444125,0.9960095770151636,0.9551282051282052,0.9378572367507363
sensor_412,0.010375099760574621,0.056451612903225805,0.2072887886579162,0.8283022333965769,0.9896249002394254,0.9435483870967742,0.9377751052430505
sensor_066,0.0039904229848363925,0.036057692307692304,0.25965066544294507,0.7938708940770962,0.9960095770151636,0.9639423076923077,0.9374580889499327
sensor_015,0.0023942537909018356,0.0064,0.3160016485025602,0.7598774675836242,0.9976057462090981,0.9936,0.9371722400004551
sensor_139,0.010375099760574621,0.05806451612903226,0.21075139889321637,0.8259333839416825,0.9896249002394254,0.9419354838709677,0.9367796670728753
sensor_104,0.0015961691939345571,0.015187849720223821,0.3064916609005126,0.7654086359117974,0.9984038308060654,0.9848121502797762,0.936757111950926
sensor_544,0.0015961691939345571,0.0991207034372502,0.1775977369764081,0.8491864145116252,0.9984038308060654,0.9008792965627498,0.9367183431716264
sensor_408,0.006384676775738229,0.014457831325301205,0.2920563670064281,0.7739600419422142,0.9936153232242618,0.9855421686746988,0.9366832142663591
sensor_378,0.0015961691939345571,0.019984012789768184,0.3044680016043361,0.7665960366755813,0.9984038308060654,0.9800159872102319,0.935854921374486
sensor_417,0.006384676775738229,0.011244979919678716,0.3053478469773457,0.7660793269132002,0.9936153232242618,0.9887550200803212,0.9355162483605113
sensor_271,0.0023942537909018356,0.028,0.2920678180216192,0.7739531826829138,0.9976057462090981,0.972,0.9352911687752775
sensor_219,0.0007980845969672786,0.019169329073482427,0.3137882587410294,0.7611576624670668,0.9992019154030327,0.9808306709265175,0.9350980410499125
sensor_545,0.0015961691939345571,0.15667466027178256,0.1159586421972163,0.8960905558570659,0.9984038308060654,0.8433253397282174,0.9340558892993535
sensor_542,0.006384676775738229,0.020883534136546186,0.300855115917182,0.768725116090226,0.9936153232242618,0.9791164658634538,0.9337680571005509
sensor_360,0.0,0.006384676775738229,0.35062381758572175,0.740398612092839,1.0,0.9936153232242618,0.9335034838292752
sensor_240,0.0015961691939345571,0.01838529176658673,0.3238711353561187,0.755360528146119,0.9984038308060654,0.9816147082334132,0.9334457244979157
sensor_304,0.0007980845969672786,0.011980830670926517,0.34181126053787786,0.7452612967334471,0.9992019154030327,0.9880191693290735,0.9329210742171465
sensor_377,0.0015961691939345571,0.010391686650679457,0.3437507391874179,0.7441856371403464,0.9984038308060654,0.9896083133493205,0.9326504030254494
sensor_270,0.006384676775738229,0.02570281124497992,0.3030081753481714,0.7674548931611992,0.9936153232242618,0.97429718875502,0.9322456820911857
sensor_144,0.006384676775738229,0.023293172690763052,0.30891769932932783,0.7639899747038235,0.9936153232242618,0.976706827309237,0.931981862115396
sensor_279,0.006384676775738229,0.02971887550200803,0.30386536723493907,0.7669503501888884,0.9936153232242618,0.970281124497992,0.931115530283851
sensor_473,0.0039904229848363925,0.009615384615384616,0.3510436031483665,0.7401685613030387,0.9960095770151636,0.9903846153846154,0.9306430826794954
sensor_302,0.0007980845969672786,0.03274760383386582,0.3214857595917047,0.7567240076116801,0.9992019154030327,0.9672523961661342,0.9305950586459699
sensor_052,0.0007980845969672786,0.0,0.3829231356772605,0.7231059877454931,0.9992019154030327,1.0,0.9303774546378896
sensor_438,0.0007980845969672786,0.02476038338658147,0.33718457285417097,0.7478399170172425,0.9992019154030327,0.9752396166134185,0.9303708411091816
sensor_222,0.0,0.0039904229848363925,0.3789764488770467,0.725175546554358,1.0,0.9960095770151636,0.9302962808923804
sensor_546,0.0015961691939345571,0.1310951239008793,0.16921836474120588,0.8552722315658626,0.9984038308060654,0.8689048760991207,0.9302461923192786
sensor_494,0.0,0.0039904229848363925,0.3803602301439091,0.7244485737579858,1.0,0.9960095770151636,0.9301145376932873
sensor_303,0.0007980845969672786,0.010383386581469648,0.374353973375106,0.7276145879246987,0.9992019154030327,0.9896166134185304,0.9289087580373236
sensor_169,0.0007980845969672786,0.01597444089456869,0.3655016554053868,0.7323315911346313,0.9992019154030327,0.9840255591054313,0.928690245261532
sensor_239,0.0015961691939345571,0.01598721023181455,0.36305119007660386,0.7336481617713857,0.9984038308060654,0.9840127897681854,0.9286171532879255
sensor_269,0.006384676775738229,0.0008032128514056225,0.3768761287436104,0.7262817468645438,0.9936153232242618,0.9991967871485944,0.9281772951154155
sensor_319,0.0007980845969672786,0.004792332268370607,0.3908259227105544,0.7189972401802225,0.9992019154030327,0.9952076677316294,0.9281521846794794
sensor_491,0.0007980845969672786,0.023961661341853034,0.35476051479775994,0.7381378399187262,0.9992019154030327,0.9760383386581469,0.9281450023457346
sensor_541,0.006384676775738229,0.0008032128514056225,0.3772622284615167,0.7260781420812353,0.9936153232242618,0.9991967871485944,0.9281263939195884
sensor_272,0.0039904229848363925,0.0008012820512820513,0.386681244764293,0.7211462647062621,0.9960095770151636,0.999198717948718,0.9280910341713269
sensor_410,0.0039904229848363925,0.0,0.38826224727562075,0.7203249976453934,0.9960095770151636,1.0,0.9280860379189302
sensor_137,0.0039904229848363925,0.0,0.3904609884572398,0.719185945022112,0.9960095770151636,1.0,0.9278012747631098
sensor_004,0.010375099760574621,0.031451612903225803,0.3107113913045898,0.762944464078145,0.9896249002394254,0.9685483870967742,0.9276856629134425
sensor_167,0.0007980845969672786,0.035942492012779555,0.3414951823596717,0.7454368924687554,0.9992019154030327,0.9640575079872205,0.9269745578155104
sensor_345,0.0031923383878691143,0.009607686148919135,0.38174637339394546,0.7237218199051448,0.9968076616121309,0.9903923138510808,0.9269323642451219
sensor_355,0.01596169193934557,0.030008110300081103,0.3028868178581162,0.7675263778045988,0.9840383080606544,0.9699918896999189,0.9263987209064567
sensor_183,0.0007980845969672786,0.010383386581469648,0.39572573603806616,0.7164731395142281,0.9992019154030327,0.9896166134185304,0.9261233959347059
sensor_209,0.0031923383878691143,0.013610888710968775,0.3816373435755801,0.7237789313164268,0.9968076616121309,0.9863891112890312,0.92594584145743
sensor_090,0.030327214684756583,0.007407407407407408,0.2960836547102299,0.7715551356317147,0.9696727853152434,0.9925925925925926,0.9258733247136985
sensor_168,0.0007980845969672786,0.013578274760383386,0.39442557948396073,0.7171411760605202,0.9992019154030327,0.9864217252396166,0.9254916830265506
sensor_217,0.01596169193934557,0.0364963503649635,0.30042137047481204,0.76898151837883,0.9840383080606544,0.9635036496350365,0.9251404460337938
sensor_540,0.006384676775738229,0.0,0.40872150503433224,0.709863515553863,0.9936153232242618,1.0,0.9242735405005966
sensor_281,0.0015961691939345571,0.027977617905675458,0.37345031139417784,0.7280933221274736,0.9984038308060654,0.9720223820943246,0.9242308414584822
sensor_454,0.0007980845969672786,0.00718849840255591,0.41774286683015227,0.7053465218526129,0.9992019154030327,0.9928115015974441,0.9241404635640307
sensor_182,0.0007980845969672786,0.007987220447284345,0.41623832722002735,0.7060958461440082,0.9992019154030327,0.9920127795527156,0.9241281141256973
sensor_318,0.0007980845969672786,0.003993610223642172,0.42584416844442424,0.7013389135581245,0.9992019154030327,0.9960063897763578,0.9239372835351369
sensor_138,0.0039904229848363925,0.0008012820512820513,0.4228487768413328,0.7028153773445692,0.9960095770151636,0.999198717948718,0.9235083123309036
sensor_268,0.006384676775738229,0.0,0.4157997193888844,0.7063145911850017,0.9936153232242618,1.0,0.9233863094083813
sensor_411,0.0039904229848363925,0.0008012820512820513,0.4263658435687866,0.701082407790968,0.9960095770151636,0.999198717948718,0.9230750699425033
sensor_273,0.0039904229848363925,0.0016025641025641025,0.42610555637804864,0.7012103666012983,0.9960095770151636,0.9983974358974359,0.9229067391322654
sensor_072,0.0031923383878691143,0.07125700560448359,0.30307831001742114,0.7674135869751609,0.9968076616121309,0.9287429943955164,0.9224429761487347
sensor_455,0.0007980845969672786,0.026357827476038338,0.3972374923724238,0.7156979435915802,0.9992019154030327,0.9736421725239617,0.9219359867304018
sensor_406,0.006384676775738229,0.0,0.4391862321027601,0.6948371084254498,0.9936153232242618,1.0,0.9205169387184933
sensor_407,0.006384676775738229,0.00963855421686747,0.4208456780236265,0.7038062018043958,0.9936153232242618,0.9903614457831326,0.920349573509013
sensor_354,0.01596169193934557,0.0056772100567721,0.39190077764694337,0.7184420154506521,0.9840383080606544,0.9943227899432279,0.9202103553787973
sensor_362,0.0,0.006384676775738229,0.4556909856324763,0.6869589836509943,1.0,0.9936153232242618,0.920143576718814
sensor_216,0.01596169193934557,0.0170316301703163,0.38456772958685537,0.7222470801759856,0.9840383080606544,0.9829683698296837,0.9183230165317445
sensor_424,0.0023942537909018356,0.0336,0.4087217517059123,0.7098633912545436,0.9976057462090981,0.9664,0.917868720918185
sensor_305,0.0007980845969672786,0.0,0.48760565585136173,0.6722211602695854,0.9992019154030327,1.0,0.9176562477689127
sensor_282,0.0015961691939345571,0.05915267785771383,0.3710663402043711,0.7293593101052571,0.9984038308060654,0.9408473221422862,0.9167535734649185
sensor_170,0.0007980845969672786,0.0023961661341853034,0.4909450169364045,0.6707155452685982,0.9992019154030327,0.9976038338658147,0.9166808024851196
sensor_224,0.0,0.014365522745411013,0.47946433158334373,0.6759203170040509,1.0,0.985634477254589,0.91538869856466
sensor_325,0.0007980845969672786,0.003993610223642172,0.49971486446229735,0.6667934176664553,0.9992019154030327,0.9960063897763578,0.9153009095622197
sensor_189,0.0007980845969672786,0.003194888178913738,0.5041267911939505,0.6648375694486611,0.9992019154030327,0.9968051118210862,0.9150116280189532
sensor_548,0.1596169193934557,0.008547008547008548,0.012461390803363804,0.9876919841916383,0.8403830806065443,0.9914529914529915,0.9149777842144295
sensor_324,0.0007980845969672786,0.003194888178913738,0.5061295259705113,0.6639535197715652,0.9992019154030327,0.9968051118210862,0.9147906155996792
sensor_460,0.0007980845969672786,0.004792332268370607,0.5147384969649379,0.6601799597776693,0.9992019154030327,0.9952076677316294,0.913447864578841
sensor_143,0.010375099760574621,0.04112903225806452,0.39983387780822943,0.7143704805642626,0.9896249002394254,0.9588709677419355,0.9131228121962622
sensor_188,0.0007980845969672786,0.003993610223642172,0.5218311584326022,0.6571031184759957,0.9992019154030327,0.9960063897763578,0.9128783347646048
sensor_286,0.0023942537909018356,0.028,0.4615387508821809,0.6842103908612773,0.9976057462090981,0.972,0.9128554708198684
sensor_481,0.0031923383878691143,0.02321857485988791,0.46949748851870443,0.6805047356753421,0.9968076616121309,0.9767814251401121,0.912725371009929
sensor_441,0.0007980845969672786,0.0007987220447284345,0.5307427307315136,0.653277640928021,0.9992019154030327,0.9992012779552716,0.9127206874223395
sensor_032,0.0007980845969672786,0.22284345047923323,0.1454363180777197,0.8730297653545751,0.9992019154030327,0.7771565495207667,0.9121475364203518
sensor_146,0.0015961691939345571,0.04716227018385292,0.4313760784487956,0.6986284143323922,0.9984038308060654,0.9528377298161471,0.9120684514401676
sensor_147,0.0015961691939345571,0.060751398880895285,0.4048337949074366,0.7118279782455612,0.9984038308060654,0.9392486011191047,0.9119710602441993
sensor_523,0.0,0.02314445331205108,0.4920010205575325,0.6702408284052774,1.0,0.9768555466879489,0.9117740937733065
sensor_389,0.0,0.018355945730247406,0.5055871859995281,0.6641926879419612,1.0,0.9816440542697525,0.9114591855529284
sensor_278,0.010375099760574621,0.031451612903225803,0.44205053750084117,0.6934569725503927,0.9896249002394254,0.9685483870967742,0.9103137900315044
sensor_461,0.0007980845969672786,0.04073482428115016,0.463422034299511,0.6833298778903961,0.9992019154030327,0.9592651757188498,0.9102497211038278
sensor_496,0.0,0.020750199521149242,0.5135632565040524,0.6606925714553528,1.0,0.9792498004788508,0.9099855929835509
sensor_549,0.1596169193934557,0.0,0.04506457967222507,0.9568786651573635,0.8403830806065443,1.0,0.909411206592613
sensor_440,0.0007980845969672786,0.023961661341853034,0.5092338139183964,0.6625878580096998,0.9992019154030327,0.9760383386581469,0.9092575068684781
sensor_251,0.0,0.024740622505985636,0.5134683333983561,0.6607340093826678,1.0,0.9752593774940144,0.9089983467191705
sensor_151,0.0023942537909018356,0.0352,0.4809073267225926,0.675261700685287,0.9976057462090981,0.9648,0.9088182982758708
sensor_201,0.0039904229848363925,0.017628205128205128,0.5336224391933163,0.6520509705935178,0.9960095770151636,0.9823717948717948,0.9066104798739099
sensor_416,0.010375099760574621,0.0467741935483871,0.44165982702612944,0.6936449093284441,0.9896249002394254,0.9532258064516129,0.906530129064727
sensor_562,0.0007980845969672786,0.003194888178913738,0.585035810252774,0.6309005724233604,0.9992019154030327,0.9968051118210862,0.906527378762628
sensor_409,0.0023942537909018356,0.04,0.4907323333231404,0.6708112366294492,0.9976057462090981,0.96,0.9065056822619113
sensor_364,0.030327214684756583,0.022222222222222223,0.41137093378956974,0.7085309581337151,0.9696727853152434,0.9777777777777777,0.9064135766354949
sensor_350,0.01596169193934557,0.047039740470397405,0.41963251477845065,0.7044076474650632,0.9840383080606544,0.9529602595296026,0.9063611307789936
sensor_498,0.030327214684756583,0.023045267489711935,0.41145523033574966,0.708488642436165,0.9696727853152434,0.9769547325102881,0.906197236394235
sensor_136,0.0023942537909018356,0.0392,0.4957734076237473,0.6685504601854401,0.9976057462090981,0.9608,0.9061404881509091
sensor_588,0.0007980845969672786,0.03274760383386582,0.5185002467429596,0.6585445093900419,0.9992019154030327,0.9672523961661342,0.9060501840905604
sensor_226,0.030327214684756583,0.02551440329218107,0.4102431163050306,0.7090975934845148,0.9696727853152434,0.974485596707819,0.9057321902057052
sensor_026,0.0007980845969672786,0.24840255591054314,0.1484002986456312,0.8707765063970747,0.9992019154030327,0.7515974440894568,0.9051944453231493
sensor_443,0.0,0.04628890662410216,0.499874005988821,0.6667226687089164,1.0,0.9537110933758979,0.9051084405212035
sensor_589,0.0007980845969672786,0.038338658146964855,0.5247729676029037,0.6558353415538974,0.9992019154030327,0.9616613418530351,0.9039751285532495
sensor_367,0.0015961691939345571,0.050359712230215826,0.49706893447649775,0.6679719129631695,0.9984038308060654,0.9496402877697842,0.9036049655862711
sensor_587,0.0007980845969672786,0.019968051118210862,0.5737312045402394,0.6354325294656319,0.9992019154030327,0.9800319488817891,0.9034670772883716
sensor_560,0.0007980845969672786,0.004792332268370607,0.613365696927074,0.6198222770601036,0.9992019154030327,0.9952076677316294,0.9033584438994495
sensor_212,0.01596169193934557,0.050283860502838604,0.4393935137880943,0.6947370475279346,0.9840383080606544,0.9497161394971614,0.9031324507866012
sensor_064,0.0039904229848363925,0.03445512820512821,0.5350749359758432,0.651433996194005,0.9960095770151636,0.9655448717948718,0.902249505504801
sensor_358,0.008778930566640064,0.040257648953301126,0.501435487110345,0.6660292823667001,0.99122106943336,0.9597423510466989,0.9020534430700298
sensor_172,0.0,0.05107741420590583,0.5204762905377452,0.6576886507361,1.0,0.9489225857940942,0.9016528091325485
sensor_220,0.008778930566640064,0.040257648953301126,0.5078471677723163,0.6631971869386428,0.99122106943336,0.9597423510466989,0.9013454192130155
sensor_366,0.0015961691939345571,0.06314948041566747,0.4939761036475774,0.6693547490876707,0.9984038308060654,0.9368505195843325,0.9007532325710336
sensor_492,0.008778930566640064,0.04508856682769726,0.5024051876008707,0.6655994057081625,0.99122106943336,0.9549114331723028,0.9007382444367963
sensor_024,0.0007980845969672786,0.12859424920127796,0.36501050483983294,0.7325950946563138,0.9992019154030327,0.8714057507987221,0.9006011690652753
sensor_393,0.0,0.0023942537909018356,0.6547568819964412,0.6043183810745141,1.0,0.9976057462090981,0.9004810318209031
sensor_255,0.0,0.0023942537909018356,0.656354002946391,0.6037356737878248,1.0,0.9976057462090981,0.9003353549992308
sensor_527,0.0,0.0023942537909018356,0.6665922199781047,0.6000268020050746,1.0,0.9976057462090981,0.8994081370535432
sensor_198,0.0031923383878691143,0.032025620496397116,0.5749042935386923,0.6349592188570866,0.9968076616121309,0.9679743795036029,0.8991372303962377
sensor_307,0.0,0.053471667996807665,0.5384163460122405,0.6500190943707274,1.0,0.9465283320031923,0.8991368565934799
sensor_211,0.01596169193934557,0.0640713706407137,0.44844644161042607,0.6903948750001209,0.9840383080606544,0.9359286293592863,0.898600030120179
sensor_204,0.0031923383878691143,0.012810248198558846,0.6316564114338792,0.6128741277835648,0.9968076616121309,0.9871897518014412,0.898419800702317
sensor_028,0.0007980845969672786,0.24840255591054314,0.18618643507114285,0.8430377977978005,0.9992019154030327,0.7515974440894568,0.8982597681733308
sensor_280,0.0015961691939345571,0.07194244604316546,0.5012716576632542,0.6661019642217925,0.9984038308060654,0.9280575539568345,0.8977417949476895
sensor_474,0.0039904229848363925,0.04246794871794872,0.5704130558750283,0.6367751441309838,0.9960095770151636,0.9575320512820513,0.8965815873608405
sensor_439,0.0007980845969672786,0.02875399361022364,0.6244929281297621,0.6155767025414355,0.9992019154030327,0.9712460063897763,0.8963066349343194
sensor_334,0.0031923383878691143,0.0344275420336269,0.5990489946355756,0.6253717074053136,0.9968076616121309,0.9655724579663731,0.896139872148987
sensor_349,0.01596169193934557,0.0640713706407137,0.47017688792763124,0.6801902602411367,0.9840383080606544,0.9359286293592863,0.896048876430433
sensor_418,0.0015961691939345571,0.07833733013589128,0.5059260409654835,0.6640432350574649,0.9984038308060654,0.9216626698641087,0.8956283916334261
sensor_353,0.01596169193934557,0.035685320356853206,0.538286462836914,0.6500739778700231,0.9840383080606544,0.9643146796431468,0.8956163184086197
sensor_470,0.0031923383878691143,0.03362690152121697,0.6099839255985372,0.6211242137888017,0.9968076616121309,0.966373098478783,0.8952781588729617
sensor_476,0.0031923383878691143,0.013610888710968775,0.6662728197340915,0.6001418184085742,0.9968076616121309,0.9863891112890312,0.8950365632304668
sensor_392,0.01596169193934557,0.021897810218978103,0.5842206262566089,0.6312252115811184,0.9840383080606544,0.9781021897810219,0.8943510043708623
sensor_290,0.0023942537909018356,0.0136,0.6874156214894342,0.5926222249366924,0.9976057462090981,0.9864,0.8935584293387222
sensor_228,0.0015961691939345571,0.06874500399680256,0.5476066539262507,0.6461590207453668,0.9984038308060654,0.9312549960031975,0.8935554195901737
sensor_145,0.0015961691939345571,0.0815347721822542,0.5229554732877667,0.6566180151289605,0.9984038308060654,0.9184652278177458,0.8929727261397093
sensor_340,0.0031923383878691143,0.013610888710968775,0.7114875749311236,0.5842870346518546,0.9968076616121309,0.9863891112890312,0.8910728672912869
sensor_229,0.0015961691939345571,0.05435651478816946,0.61324382184166,0.6198691025256255,0.9984038308060654,0.9456434852118305,0.8905800623373967
sensor_413,0.010375099760574621,0.04435483870967742,0.5972198792411769,0.6260878749362235,0.9896249002394254,0.9556451612903226,0.8902457091763493
sensor_155,0.0023942537909018356,0.0096,0.7460202505047805,0.572731043474952,0.9976057462090981,0.9904,0.889585633973287
sensor_489,0.01596169193934557,0.0,0.7030948569457853,0.5871663553686799,0.9840383080606544,1.0,0.8888107428724972
sensor_576,0.0,0.05905826017557861,0.6299950770075501,0.6134987854293795,1.0,0.9409417398244214,0.8886101313134502
sensor_457,0.0007980845969672786,0.03194888178913738,0.7029963984102825,0.5872003023221204,0.9992019154030327,0.9680511182108626,0.8884138128347621
sensor_254,0.01596169193934557,0.025141930251419302,0.6397704290775093,0.6098414645534089,0.9840383080606544,0.9748580697485807,0.8881940376058246
sensor_218,0.01596169193934557,0.0373073803730738,0.6095106589296264,0.6213068515277994,0.9840383080606544,0.9626926196269262,0.8880190218190086
sensor_202,0.0039904229848363925,0.04326923076923077,0.6683885617126272,0.5993807575457627,0.9960095770151636,0.9567307692307693,0.8870326702017147
sensor_356,0.01596169193934557,0.043795620437956206,0.6076831943539153,0.6220130953112769,0.9840383080606544,0.9562043795620438,0.8865735227486574
sensor_475,0.0039904229848363925,0.04006410256410257,0.6880760702788636,0.5923903653434314,0.9960095770151636,0.9599358974358975,0.886086354202414
sensor_526,0.01596169193934557,0.024330900243309004,0.6666565693493118,0.6000036350562703,0.9840383080606544,0.975669099756691,0.8859373377335675
sensor_140,0.010375099760574621,0.05161290322580645,0.625814958843923,0.6150761466182323,0.9896249002394254,0.9483870967741935,0.8856782609678192
sensor_275,0.010375099760574621,0.05403225806451613,0.6230646086221645,0.6161184186308577,0.9896249002394254,0.9459677419354838,0.8853339902612981
sensor_289,0.0023942537909018356,0.012,0.8023086907394688,0.5548439094468941,0.9976057462090981,0.988,0.8845138504662726
sensor_215,0.01596169193934557,0.039740470397404706,0.6454216935526127,0.6077469404459537,0.9840383080606544,0.9602595296025953,0.8840207715424644
sensor_561,0.0007980845969672786,0.050319488817891375,0.7068172097212403,0.5858858197025804,0.9992019154030327,0.9496805111821086,0.8834925404226885
sensor_428,0.0023942537909018356,0.0096,0.8241151816756042,0.5482109956902038,0.9976057462090981,0.9904,0.8834556220271
sensor_574,0.0,0.05746209098164405,0.6955488036410903,0.5897795438577524,1.0,0.942537909018356,0.883079363219027
sensor_352,0.01596169193934557,0.0202757502027575,0.7116609405896085,0.5842278551122013,0.9840383080606544,0.9797242497972425,0.8830071802576881
sensor_351,0.01596169193934557,0.0494728304947283,0.6375348472687393,0.610674027284311,0.9840383080606544,0.9505271695052717,0.882319453227723
sensor_321,0.0007980845969672786,0.026357827476038338,0.7962979524753653,0.5567005176518532,0.9992019154030327,0.9736421725239617,0.8821866302454701
sensor_338,0.0039904229848363925,0.029647435897435896,0.7669216689446101,0.5659560452373106,0.9960095770151636,0.9703525641025641,0.8820819408425504
sensor_214,0.01596169193934557,0.0202757502027575,0.7237557327543247,0.5801286000088525,0.9840383080606544,0.9797242497972425,0.8819823664818509
sensor_511,0.0015961691939345571,0.05995203836930456,0.694497546204053,0.5901454400097308,0.9984038308060654,0.9400479616306955,0.8817502658131393
sensor_419,0.0015961691939345571,0.0,0.8895414215903052,0.5292289380766072,0.9984038308060654,1.0,0.8815091499221845
sensor_154,0.0023942537909018356,0.0128,0.8428150364123673,0.5426480575863012,0.9976057462090981,0.9872,0.8812648875011244
sensor_213,0.01596169193934557,0.05677210056772101,0.6311943840064573,0.6130477212310225,0.9840383080606544,0.943227899432279,0.8810880591961525
sensor_578,0.0,0.05746209098164405,0.7291951172728934,0.5783037379709329,1.0,0.942537909018356,0.8802104117473222
sensor_185,0.0007980845969672786,0.027955271565495207,0.8184271179393331,0.5499258068331129,0.9992019154030327,0.9720447284345048,0.8800935915184208
sensor_427,0.0023942537909018356,0.0128,0.8682894045144842,0.5352489810109863,0.9976057462090981,0.9872,0.8794151183572957
sensor_480,0.0031923383878691143,0.018414731785428344,0.8777123055728999,0.5325629474931171,0.9968076616121309,0.9815852682145717,0.8769408847329876
sensor_332,0.0023942537909018356,0.0576,0.7603483725603684,0.5680693751234781,0.9976057462090981,0.9424,0.8764202168854186
sensor_369,0.004788507581803671,0.08821170809943865,0.6608056433881174,0.6021174145097168,0.9952114924181963,0.9117882919005613,0.8760821728116677
sensor_483,0.01596169193934557,0.0,0.877442490472378,0.5326394843382887,0.9840383080606544,1.0,0.8751790251148993
sensor_471,0.0031923383878691143,0.017614091273018415,0.9113170002369875,0.5231994482736293,0.9968076616121309,0.9823859087269816,0.8748001700562181
sensor_164,0.0007980845969672786,0.038338658146964855,0.857521649417126,0.5383517335121188,0.9992019154030327,0.9616613418530351,0.8746042265428049
sensor_337,0.0039904229848363925,0.03445512820512821,0.8495373045868602,0.5406757665930803,0.9960095770151636,0.9655448717948718,0.8745599481045698
sensor_344,0.0031923383878691143,0.016813450760608487,0.9493890034854835,0.5129812460273513,0.9968076616121309,0.9831865492393915,0.8724457796227512
sensor_208,0.0031923383878691143,0.020816653322658127,0.9387834958929565,0.5157873491900262,0.9968076616121309,0.9791833466773419,0.8721465047729074
sensor_041,0.01675977653631285,0.2150974025974026,0.357494148868665,0.7366514255942831,0.9832402234636871,0.7849025974025974,0.8720086174810636
sensor_199,0.0031923383878691143,0.017614091273018415,0.9615687097783098,0.509796060171156,0.9968076616121309,0.9823859087269816,0.8714493230305997
sensor_477,0.0031923383878691143,0.07526020816653323,0.7694303679643483,0.5651536325503761,0.9968076616121309,0.9247397918334668,0.8708771869020262
sensor_420,0.0015961691939345571,0.0,1.0561651009738633,0.48634226868570485,0.9984038308060654,1.0,0.8707874825744589
sensor_368,0.004788507581803671,0.10024057738572574,0.6926560003836101,0.5907874959669112,0.9952114924181963,0.8997594226142742,0.8702424758543945
sensor_077,0.01596169193934557,0.0072992700729927005,0.922443567413517,0.5201713157933756,0.9840383080606544,0.9927007299270073,0.8702371654604228
sensor_487,0.01596169193934557,0.0,0.9506245229060114,0.5126563253240634,0.9840383080606544,1.0,0.870183235361343
sensor_458,0.0007980845969672786,0.03354632587859425,0.9447939462130578,0.5141932912467257,0.9992019154030327,0.9664536741214057,0.8697626990435492
sensor_299,0.0007980845969672786,0.031150159744408944,0.9877259703194139,0.503087455178395,0.9992019154030327,0.9688498402555911,0.8675852815600129
sensor_564,0.18595371109337588,0.004901960784313725,0.18232577737244973,0.8457905757771409,0.8140462889066241,0.9950980392156863,0.8672452982015189
sensor_322,0.0007980845969672786,0.022364217252396165,1.0287325295798182,0.4929186008601713,0.9992019154030327,0.9776357827476039,0.8672395536034602
sensor_490,0.01596169193934557,0.04460665044606651,0.8376138254620215,0.5441839771468716,0.9840383080606544,0.9553933495539335,0.8669134857055285
sensor_335,0.0031923383878691143,0.020016012810248198,1.0450131117795143,0.4889944197618505,0.9968076616121309,0.9799839871897518,0.8656484325439661
sensor_512,0.0015961691939345571,0.0,1.1921607042215,0.45617093585989127,0.9984038308060654,1.0,0.8632446493680055
sensor_186,0.0007980845969672786,0.03274760383386582,1.0740021634960826,0.48215957418015915,0.9992019154030327,0.9672523961661342,0.8619539502880897
sensor_042,0.01675977653631285,0.1241883116883117,0.6534559874486059,0.6047938424675382,0.9832402234636871,0.8758116883116883,0.8617714944266502
sensor_082,0.01596169193934557,0.09813463098134631,0.7370196779266756,0.575698717007979,0.9840383080606544,0.9018653690186537,0.8614101755369854
sensor_434,0.0007980845969672786,0.03354632587859425,1.080429973683473,0.4806698675992759,0.9992019154030327,0.9664536741214057,0.8613818431316868
sensor_161,0.0007980845969672786,0.0463258785942492,1.0267868195271146,0.49339180142947536,0.9992019154030327,0.9536741214057508,0.8613674384103229
sensor_500,0.0015961691939345571,0.0,1.2316262214791889,0.44810371484933076,0.9984038308060654,1.0,0.8612278441153653
sensor_585,0.0007980845969672786,0.038338658146964855,1.0655505122609663,0.48413243542777995,0.9992019154030327,0.9616613418530351,0.8610494020217201
sensor_469,0.0039904229848363925,0.04246794871794872,1.0412454524462116,0.4898969885280618,0.9960095770151636,0.9575320512820513,0.85986204846011
sensor_551,0.1596169193934557,0.013295346628679962,0.3118303146085064,0.7622937119717599,0.8403830806065443,0.9867046533713201,0.8574411316390421
sensor_554,0.1596169193934557,0.019943019943019943,0.3028946502929865,0.7675217637704832,0.8403830806065443,0.98005698005698,0.857086226260138
sensor_590,0.0007980845969672786,0.08546325878594249,0.9463651255572895,0.5137782150271917,0.9992019154030327,0.9145367412140575,0.8566796967618286
sensor_449,0.0,0.15482841181165202,0.7196908818653207,0.581499855901612,1.0,0.8451715881883479,0.85666786102249
sensor_296,0.0007980845969672786,0.0463258785942492,1.1107932555859368,0.4737555406497683,0.9992019154030327,0.9536741214057508,0.8564583732153961
sensor_178,0.0,0.15482841181165202,0.7250801291214355,0.5796832176771343,1.0,0.8451715881883479,0.8562137014663705
sensor_010,0.0015961691939345571,0.014388489208633094,1.2801140481587718,0.43857455323671896,0.9984038308060654,0.9856115107913669,0.8552484314100542
sensor_557,0.1596169193934557,0.014245014245014245,0.3255470467629073,0.7544055131366937,0.8403830806065443,0.9857549857549858,0.8552316650261921
sensor_501,0.0015961691939345571,0.0,1.3602692604970494,0.4236804744003698,0.9984038308060654,1.0,0.8551220340031251
sensor_563,0.18595371109337588,0.18235294117647058,0.028249808602598705,0.9725263176649744,0.8140462889066241,0.8176470588235294,0.854566488575438
sensor_313,0.0,0.15722266560255388,0.7411071560479376,0.5743471885267853,1.0,0.8427773343974461,0.8542811307310578
sensor_488,0.01596169193934557,0.029197080291970802,1.1087795898867587,0.4742079280337211,0.9840383080606544,0.9708029197080292,0.8532718659657649
sensor_079,0.01596169193934557,0.010543390105433901,1.2026620437489068,0.4539961102239774,0.9840383080606544,0.9894566098945661,0.8528823340599632
sensor_484,0.01596169193934557,0.0770478507704785,0.9308233995480858,0.5179137565010101,0.9840383080606544,0.9229521492295215,0.8522356304629601
sensor_485,0.01596169193934557,0.0640713706407137,0.982445049306283,0.5044276008305653,0.9840383080606544,0.9359286293592863,0.85210821157779
sensor_011,0.0015961691939345571,0.02158273381294964,1.3114358003468702,0.4326315270577418,0.9984038308060654,0.9784172661870504,0.8519641137142308
sensor_297,0.0007980845969672786,0.08386581469648563,1.0505446384513502,0.48767531379138296,0.9992019154030327,0.9161341853035143,0.8505533324752407
sensor_162,0.0007980845969672786,0.08706070287539937,1.0489259899816816,0.4880605765603766,0.9992019154030327,0.9129392971246006,0.8498509261227607
sensor_078,0.01596169193934557,0.021897810218978103,1.2213903892975897,0.45016850924443,0.9840383080606544,0.9781021897810219,0.8490868287866902
sensor_109,0.004788507581803671,0.0272654370489174,1.320086625977784,0.4310183890562953,0.9952114924181963,0.9727345629510826,0.8485439842109426
sensor_584,0.0007980845969672786,0.05351437699680511,1.231775193970189,0.44807380362583127,0.9992019154030327,0.9464856230031948,0.8482408143587729
sensor_160,0.0007980845969672786,0.08386581469648563,1.1004999336270895,0.47607713953755076,0.9992019154030327,0.9161341853035143,0.8476537889117827
sensor_081,0.01596169193934557,0.016220600162206,1.2839756672321037,0.43783303576604055,0.9840383080606544,0.9837793998377939,0.8474222629312859
sensor_096,0.004788507581803671,0.03528468323977546,1.3170334654707294,0.4315863430124604,0.9952114924181963,0.9647153167602245,0.8466811611522693
sensor_547,0.1596169193934557,0.019943019943019943,0.37855209219578223,0.7253987757598498,0.8403830806065443,0.98005698005698,0.8465554792574796
sensor_497,0.030327214684756583,0.10123456790123457,0.8270667510532741,0.5473253779170992,0.9696727853152434,0.8987654320987655,0.8463590951615878
sensor_292,0.0,0.03272146847565842,1.393972799114532,0.4177156901573292,1.0,0.9672785315243416,0.8462485554204178
sensor_076,0.01596169193934557,0.0186536901865369,1.2980500488568532,0.43515153227295555,0.9840383080606544,0.981346309813463,0.8461436145519319
sensor_586,0.0007980845969672786,0.052715654952076675,1.2811026823245544,0.43838447420567295,0.9992019154030327,0.9472843450479234,0.8460181625149155
sensor_083,0.01596169193934557,0.030008110300081103,1.261304726912824,0.44222257535596227,0.9840383080606544,0.9699918896999189,0.8450727702942975
sensor_206,0.0031923383878691143,0.040032025620496396,1.3583456904084765,0.42402604676110706,0.9968076616121309,0.9599679743795037,0.8444023360912181
sensor_486,0.01596169193934557,0.07218167072181671,1.0816828035781763,0.480380583574555,0.9840383080606544,0.9278183292781833,0.8440688822435118
sensor_295,0.0007980845969672786,0.08306709265175719,1.1717734330552236,0.4604531876021766,0.9992019154030327,0.9169329073482428,0.8439474814391212
sensor_101,0.004788507581803671,0.024859663191659984,1.4639128128267396,0.4058585169061821,0.9952114924181963,0.97514033680834,0.8428554596377287
sensor_108,0.004788507581803671,0.03929430633520449,1.3800440749995915,0.42016028631745894,0.9952114924181963,0.9607056936647955,0.8428222412046618
sensor_283,0.0015961691939345571,0.009592326139088728,1.6174896521934055,0.38204544539918983,0.9984038308060654,0.9904076738609112,0.842315195218058
sensor_105,0.0015961691939345571,0.027977617905675458,1.5010309255172731,0.3998351199088736,0.9984038308060654,0.9720223820943246,0.8421662909038322
sensor_342,0.0031923383878691143,0.03522818254603683,1.43768125623339,0.41022590522977603,0.9968076616121309,0.9647718174539631,0.8421532614770002
sensor_103,0.004788507581803671,0.04170008019246191,1.397527106393242,0.41709643129097546,0.9952114924181963,0.9582999198075381,0.8414548339837264
sensor_095,0.004788507581803671,0.019246190858059342,1.5402170232735564,0.3936671516008141,0.9952114924181963,0.9807538091419407,0.8412109863947868
sensor_092,0.004788507581803671,0.052125100240577385,1.3621391835475394,0.4233450793099188,0.9952114924181963,0.9478748997594226,0.8404107409764335
sensor_433,0.0007980845969672786,0.07747603833865814,1.274966369875165,0.4395669374465844,0.9992019154030327,0.9225239616613419,0.8401236824784979
sensor_157,0.0,0.04309656823623304,1.480302806825483,0.40317657878228624,1.0,0.9569034317637669,0.8400200026365133
sensor_203,0.0039904229848363925,0.02403846153846154,1.5505116814719815,0.39207818857072174,0.9960095770151636,0.9759615384615384,0.8400147202656468
sensor_148,0.0015961691939345571,0.009592326139088728,1.7003362091809453,0.3703242568832996,0.9984038308060654,0.9904076738609112,0.8393848980890855
sensor_100,0.004788507581803671,0.03127506014434643,1.5334493938446492,0.39471875871277806,0.9952114924181963,0.9687249398556536,0.8384666708512061
sensor_166,0.0007980845969672786,0.02875399361022364,1.6029021816846154,0.38418654647743755,0.9992019154030327,0.9712460063897763,0.8384590959183199
sensor_472,0.0031923383878691143,0.11128903122497999,1.1212996925159637,0.4714091099565247,0.9968076616121309,0.88871096877502,0.8384338504889516
sensor_093,0.0015961691939345571,0.051159072741806554,1.482082372085202,0.4028875154372488,0.9984038308060654,0.9488409272581935,0.8371340260768932
sensor_097,0.004788507581803671,0.042502004811547714,1.5037627206900237,0.39939886944414815,0.9952114924181963,0.9574979951884522,0.8368299623672482
sensor_421,0.0015961691939345571,0.009592326139088728,1.8317680467973012,0.3531362680396754,0.9984038308060654,0.9904076738609112,0.8350879008781794
sensor_422,0.0015961691939345571,0.009592326139088728,1.8348596567206874,0.3527511485901144,0.9984038308060654,0.9904076738609112,0.8349916210157892
sensor_102,0.004788507581803671,0.03608660785886127,1.6193777797727353,0.3817700553628285,0.9952114924181963,0.9639133921411387,0.83402660808509
sensor_163,0.0007980845969672786,0.0902555910543131,1.3446258660051693,0.42650727968971197,0.9992019154030327,0.9097444089456869,0.833663879860366
sensor_080,0.01596169193934557,0.055150040551500405,1.371248672306048,0.42171873902516366,0.9840383080606544,0.9448499594484996,0.833661328648743
sensor_298,0.0007980845969672786,0.08865814696485623,1.3601649246840841,0.42369920404348577,0.9992019154030327,0.9113418530351438,0.8333612219711738
sensor_099,0.004788507581803671,0.053728949478749,1.5297232411496857,0.39530015921644024,0.9952114924181963,0.946271050521251,0.832998548643521
sensor_430,0.0,0.04229848363926576,1.6760983002817844,0.37367835101375135,1.0,0.9577015163607342,0.8328449668436214
sensor_106,0.004788507581803671,0.05693664795509222,1.513870124196137,0.39779302453811977,0.9952114924181963,0.9430633520449078,0.832819840354855
sensor_414,0.010375099760574621,0.04516129032258064,1.5605922225515385,0.39053465491023626,0.9896249002394254,0.9548387096774194,0.8311557912666266
sensor_425,0.0023942537909018356,0.0168,1.8964974957901704,0.34524455880021326,0.9976057462090981,0.9832,0.8309140128046024
sensor_025,0.0007980845969672786,0.07747603833865814,1.484081725059209,0.40256324496576884,0.9992019154030327,0.9225239616613419,0.830872759358294
sensor_301,0.0007980845969672786,0.02875399361022364,1.8265244199764532,0.3537913887927176,0.9992019154030327,0.9712460063897763,0.8308603064971399
sensor_094,0.0015961691939345571,0.07673860911270983,1.4927646564251256,0.4011610151092644,0.9984038308060654,0.9232613908872902,0.8303075169021714
sensor_432,0.0007980845969672786,0.052715654952076675,1.6672557989681325,0.37491717156894544,0.9992019154030327,0.9472843450479234,0.8301513368557336
sensor_478,0.0031923383878691143,0.03923138510808647,1.7561417097950451,0.36282604644242433,0.9968076616121309,0.9607686148919136,0.8293024961396499
sensor_569,0.18595371109337588,0.03823529411764706,0.38652114196621995,0.7212295360905236,0.8140462889066241,0.961764705882353,0.8277717049465312
sensor_165,0.0007980845969672786,0.03913738019169329,1.8780323545146935,0.3474596101851761,0.9992019154030327,0.9608626198083067,0.826681515199887
sensor_107,0.004788507581803671,0.08259823576583801,1.5223883092743757,0.3964496649160547,0.9952114924181963,0.917401764234162,0.8260686034966523
sensor_152,0.0023942537909018356,0.0168,2.0903688302782943,0.3235859714226887,0.9976057462090981,0.9832,0.8254993659602212
sensor_339,0.0039904229848363925,0.02564102564102564,2.0149037315880443,0.33168554920102494,0.9960095770151636,0.9743589743589743,0.8245159193975816
sensor_567,0.18595371109337588,0.05784313725490196,0.37575027915657455,0.7268761018264636,0.8140462889066241,0.942156862745098,0.8242813855962025
sensor_565,0.18595371109337588,0.05,0.3912828308287461,0.7187611158863576,0.8140462889066241,0.95,0.8242134234249014
sensor_387,0.0,0.03910614525139665,2.0092242111136946,0.33231156266349005,1.0,0.9608938547486033,0.8233013543530234
sensor_197,0.0039904229848363925,0.041666666666666664,1.949753861043713,0.3390113369141144,0.9960095770151636,0.9583333333333334,0.8223409560694438
sensor_287,0.0023942537909018356,0.0152,2.239131026264952,0.30872477583998875,0.9976057462090981,0.9848,0.8221840670645463
sensor_284,0.0015961691939345571,0.01598721023181455,2.311123943393218,0.3020122523638323,0.9984038308060654,0.9840127897681854,0.8207081759360372
sensor_300,0.0007980845969672786,0.03514376996805112,2.140556999496183,0.31841485448613827,0.9992019154030327,0.9648562300319489,0.8204187288310381
sensor_468,0.0023942537909018356,0.1224,1.4465611492198245,0.4087369736574484,0.9976057462090981,0.8776,0.8203871165189112
sensor_249,0.0,0.04229848363926576,2.0970972139904505,0.3228829871670549,1.0,0.9577015163607342,0.8201461258819474
sensor_363,0.030327214684756583,0.11193415637860082,1.209255188075837,0.45264123646619353,0.9696727853152434,0.8880658436213992,0.8200131626795198
sensor_149,0.0015961691939345571,0.008792965627498001,2.4455172766685433,0.2902321827760202,0.9984038308060654,0.991207034372502,0.8195617196901632
sensor_200,0.0031923383878691143,0.11128903122497999,1.5294908676833037,0.39533647374496134,0.9968076616121309,0.88871096877502,0.8194156914360607
sensor_556,0.1596169193934557,0.024691358024691357,0.6162316240708027,0.6187231985235507,0.8403830806065443,0.9753086419753086,0.818699500427987
sensor_225,0.030327214684756583,0.11275720164609053,1.238425668308457,0.44674255400032303,0.9696727853152434,0.8872427983539095,0.8183327307461797
sensor_196,0.0023942537909018356,0.1344,1.443562378846173,0.4092385807937469,0.9976057462090981,0.8656,0.8175125183029859
sensor_521,0.0,0.04229848363926576,2.2647905627183773,0.3062983614996012,1.0,0.9577015163607342,0.8159999694650839
sensor_435,0.0007980845969672786,0.031150159744408944,2.3853461564457024,0.2953907676755593,0.9992019154030327,0.9688498402555911,0.8156611096843039
sensor_431,0.0007980845969672786,0.07108626198083066,2.0156093470006735,0.33160793887132645,0.9992019154030327,0.9289137380191693,0.8147313769241403
sensor_291,0.007980845969672785,0.02654867256637168,2.3182953606042056,0.30135955101293843,0.9920191540303273,0.9734513274336283,0.8147122966268053
sensor_333,0.0039904229848363925,0.03365384615384615,2.349574790915139,0.2985453564769603,0.9960095770151636,0.9663461538461539,0.8142276660883603
sensor_130,0.007182761372705506,0.1527331189710611,1.403753138184386,0.4160160975412495,0.9928172386272945,0.8472668810289389,0.8122293639561944
sensor_156,0.007980845969672785,0.0498793242156074,2.2818065264740683,0.30471022344951804,0.9920191540303273,0.9501206757843926,0.8097173018236413
sensor_570,0.18595371109337588,0.058823529411764705,0.4944815463200963,0.6691283692745006,0.8140462889066241,0.9411764705882353,0.809599354418996
sensor_336,0.0031923383878691143,0.11208967173738991,1.819414709465434,0.35468354358894644,0.9968076616121309,0.8879103282626101,0.8090522987689546
sensor_566,0.18595371109337588,0.03333333333333333,0.5672418178120449,0.6380636278554987,0.8140462889066241,0.9666666666666667,0.8082057180838533
sensor_568,0.18595371109337588,0.041176470588235294,0.554946718895484,0.6431088524437185,0.8140462889066241,0.9588235294117647,0.8075062399171828
sensor_060,0.0039904229848363925,0.12900641025641027,1.7312213018674345,0.36613657022822127,0.9960095770151636,0.8709935897435898,0.8072873285005345
sensor_429,0.007980845969672785,0.0498793242156074,2.6072668301402757,0.2772181951289456,0.9920191540303273,0.9501206757843926,0.8028442947434982
sensor_575,0.0,0.053471667996807665,2.928005943222852,0.2545820995320388,1.0,0.9465283320031923,0.8002776078838078
sensor_525,0.0,0.0031923383878691143,3.968967386560078,0.20124905683719554,1.0,0.9968076616121309,0.7995141796123316
sensor_573,0.0,0.053471667996807665,3.0318409237702726,0.24802565847882602,1.0,0.9465283320031923,0.7986384976205045
sensor_577,0.0,0.05426975259377494,3.041571090464397,0.24742853153304176,1.0,0.945730247406225,0.7982896947348167
sensor_436,0.0007980845969672786,0.04233226837060703,3.771994946011247,0.20955596376644675,0.9992019154030327,0.957667731629393,0.7914068815504762
sensor_437,0.0007980845969672786,0.037539936102236424,4.73757980364718,0.17428951478188326,0.9992019154030327,0.9624600638977636,0.7837883523714281
sensor_553,0.1596169193934557,0.042735042735042736,1.0180575003975305,0.4955260193542619,0.8403830806065443,0.9572649572649573,0.783389284458077
sensor_550,0.1596169193934557,0.04748338081671415,1.0362757898257446,0.4910926137787925,0.8403830806065443,0.9525166191832859,0.7810938485437917
sensor_426,0.0023942537909018356,0.0856,3.7041245300858088,0.21257940634955064,0.9976057462090981,0.9144,0.7805477246919368
sensor_552,0.1596169193934557,0.029439696106362774,1.19768565781243,0.45502412797078406,0.8403830806065443,0.9705603038936372,0.7765876482693774
sensor_558,0.1596169193934557,0.024691358024691357,1.2501390791417941,0.44441697371942057,0.8403830806065443,0.9753086419753086,0.7751229442269545
sensor_522,0.0,0.01596169193934557,8.142520567526258,0.10937902656209998,1.0,0.9840383080606544,0.7733543336556886
sensor_555,0.1596169193934557,0.026590693257359924,1.2871494109071075,0.43722548043041465,0.8403830806065443,0.97340930674264,0.7728502370965359
sensor_253,0.0,0.0031923383878691143,14.243340949525575,0.06560241638045389,1.0,0.9968076616121309,0.7656025194981462
sensor_391,0.0,0.0031923383878691143,14.576313573685951,0.06420004292218173,1.0,0.9968076616121309,0.7652519261335782
sensor_115,0.0,0.01675977653631285,12.184871674237218,0.0758445000230048,1.0,0.9832402234636871,0.764771180871673
sensor_388,0.0,0.01675977653631285,13.171593637093185,0.070563694218734,1.0,0.9832402234636871,0.7634509794206052
sensor_250,0.0,0.01675977653631285,13.259345556156292,0.07012944570715328,1.0,0.9832402234636871,0.76334241729271
sensor_223,0.0,0.08379888268156424,6.360718662300356,0.1358562996194562,1.0,0.9162011173184358,0.7630143542344731
sensor_495,0.0,0.08619313647246608,6.8948303731700555,0.1266651660304722,1.0,0.9138068635275339,0.7601180073895015
sensor_361,0.0,0.10375099760574621,6.776684533979935,0.12858950310129427,1.0,0.8962490023942538,0.756209626373887
sensor_343,0.0031923383878691143,0.0008006405124099279,35.34020706555279,0.027517729830106252,0.9968076616121309,0.9991993594875901,0.7550831031354894
sensor_207,0.0031923383878691143,0.0008006405124099279,35.34097338976577,0.0275171495621418,0.9968076616121309,0.9991993594875901,0.7550829580684983
sensor_075,0.0031923383878691143,0.0008006405124099279,35.34108888375247,0.027517062111121395,0.9968076616121309,0.9991993594875901,0.7550829362057433
sensor_348,0.0031923383878691143,0.0008006405124099279,35.341162371497454,0.027517006467143296,0.9968076616121309,0.9991993594875901,0.7550829222947487
sensor_210,0.0031923383878691143,0.0008006405124099279,35.34118452943397,0.027516989689482074,0.9968076616121309,0.9991993594875901,0.7550829181003335
sensor_479,0.0031923383878691143,0.0008006405124099279,35.34119188708715,0.02751698411838063,0.9968076616121309,0.9991993594875901,0.755082916707558
sensor_005,0.010375099760574621,0.028225806451612902,14.274015795315467,0.06547066687640192,0.9896249002394254,0.9717741935483871,0.75412366522591
sensor_276,0.010375099760574621,0.03225806451612903,24.385760354476425,0.03939216261543507,0.9896249002394254,0.967741935483871,0.7465959746445392
sensor_141,0.010375099760574621,0.03306451612903226,24.395431351595256,0.03937716143329786,0.9896249002394254,0.9669354838709677,0.7463906114457791
sensor_390,0.0,0.11811652035115722,9.040592788653626,0.09959571322622009,1.0,0.8818834796488428,0.7453697982187657
sensor_068,0.0031923383878691143,0.07125700560448359,16.64837740271476,0.05666243287874018,0.9968076616121309,0.9287429943955164,0.7447551876246296
sensor_205,0.0031923383878691143,0.07526020816653323,15.70253441627367,0.059871153387696455,0.9968076616121309,0.9247397918334668,0.7445565671113563
sensor_252,0.0,0.12609736632083002,8.959238913499105,0.100409279131216,1.0,0.87390263367917,0.7435779782025964
sensor_524,0.0,0.12450119712689545,9.3239864542518,0.09686180860767818,1.0,0.8754988028731046,0.7430901528701956
sensor_153,0.0023942537909018356,0.0744,19.343007561810534,0.049156939895026994,0.9976057462090981,0.9256,0.7424921080783059
sensor_341,0.0031923383878691143,0.08406725380304243,15.96290613914676,0.0589521625479147,0.9968076616121309,0.9159327461969575,0.7421250579922835
sensor_288,0.0023942537909018356,0.076,19.840361220639956,0.04798381320807512,0.9976057462090981,0.924,0.7417988264065678
sensor_074,0.49082202713487627,0.032915360501567396,0.0411984400473855,0.9604317117056855,0.5091779728651238,0.9670846394984326,0.7364680742335914
sensor_113,0.4533120510774142,0.052554744525547446,0.1128045078027545,0.8986304359734414,0.5466879489225858,0.9474452554744526,0.7348628973232663
sensor_073,0.49082202713487627,0.02664576802507837,0.13047850403923783,0.8845811719789154,0.5091779728651238,0.9733542319749217,0.7190728374210211
sensor_386,0.4533120510774142,0.11094890510948906,1.259462114542182,0.4425832119794682,0.5466879489225858,0.8890510948905109,0.6062525511787876
sensor_248,0.4533120510774142,0.1343065693430657,1.234994425134286,0.4474284091066208,0.5466879489225858,0.8656934306569343,0.6016244344021817
sensor_520,0.4533120510774142,0.1343065693430657,1.3458009017787274,0.4262936378111799,0.5466879489225858,0.8656934306569343,0.5963407415783215
sensor_346,0.49082202713487627,0.054858934169279,2.283347179606028,0.30456724351641395,0.5091779728651238,0.945141065830721,0.5670160637693455
sensor_347,0.49082202713487627,0.08934169278996865,3.013349432340748,0.24916843570652145,0.5091779728651238,0.9106583072100314,0.5445456721617001
