wafer_id,target,status,calibrated_failure_probability,uncertainty_adjusted_decision,prediction_confidence,combined_uncertainty,data_familiarity_band,evidence_agreement,recommended_action,priority_1_sensor,top_5_sensors
WF-000239,1,Fail,0.3250012272911499,High Risk,0.3127861614453524,0.6872138385546476,Familiar,Convergent Risk Evidence,Hold for inspection or prioritised engineering assessment before continuing.,sensor_104,"sensor_104, sensor_060, sensor_478, sensor_511, sensor_206"
WF-000045,0,Pass,0.2695770769573562,Insufficient Evidence,0.1618960901092023,0.8381039098907976,Outside Typical Historical Experience,Insufficient Evidence,Repeat or verify available measurements and obtain engineering review before making a release decision.,sensor_104,"sensor_104, sensor_060, sensor_065, sensor_432, sensor_511"
WF-000171,0,Pass,0.2453715147057599,High Risk,0.1805531186984122,0.8194468813015878,Unusual,High Risk with Reliability Caution,Hold for inspection or prioritised engineering assessment before continuing.,sensor_104,"sensor_104, sensor_060, sensor_511, sensor_206, sensor_520"
WF-000191,0,Pass,0.2366487052575615,High Risk,0.2141170073585696,0.7858829926414304,Familiar,High Risk with Reliability Caution,Hold for inspection or prioritised engineering assessment before continuing.,sensor_104,"sensor_104, sensor_060, sensor_065, sensor_342, sensor_478"
WF-000229,0,Pass,0.2326193201507954,High Risk,0.2345810678389503,0.7654189321610496,Familiar,High Risk with Reliability Caution,Hold for inspection or prioritised engineering assessment before continuing.,sensor_104,"sensor_104, sensor_478, sensor_206, sensor_065, sensor_511"
WF-000122,0,Pass,0.1958908042345759,High Risk,0.2756980984333382,0.7243019015666619,Outside Typical Historical Experience,High Risk with Reliability Caution,Hold for inspection or prioritised engineering assessment before continuing.,sensor_104,"sensor_104, sensor_034, sensor_065, sensor_060, sensor_066"
WF-000188,0,Pass,0.1899591813905203,High Risk,0.1970674677887459,0.802932532211254,Unusual,High Risk with Reliability Caution,Hold for inspection or prioritised engineering assessment before continuing.,sensor_104,"sensor_104, sensor_065, sensor_511, sensor_520, sensor_066"
WF-000216,0,Pass,0.1849699847961197,High Risk,0.2212822159938733,0.7787177840061267,Familiar,High Risk with Reliability Caution,Hold for inspection or prioritised engineering assessment before continuing.,sensor_060,"sensor_060, sensor_104, sensor_511, sensor_520, sensor_386"
WF-000024,1,Fail,0.1822904497207002,Insufficient Evidence,0.1423588167949389,0.857641183205061,Outside Typical Historical Experience,Insufficient Evidence,Repeat or verify available measurements and obtain engineering review before making a release decision.,sensor_060,"sensor_060, sensor_432, sensor_153, sensor_034, sensor_520"
WF-001273,0,Pass,0.1811384392853575,High Risk,0.3765387710063268,0.6234612289936732,Familiar,Model-Led Risk Evidence,Hold for inspection or prioritised engineering assessment before continuing.,sensor_104,"sensor_104, sensor_424, sensor_015, sensor_125, sensor_126"
WF-000326,0,Pass,0.1758060533040049,High Risk,0.2995375613006412,0.7004624386993588,Familiar,Convergent Risk Evidence,Hold for inspection or prioritised engineering assessment before continuing.,sensor_104,"sensor_104, sensor_478, sensor_206, sensor_342, sensor_060"
WF-000234,0,Pass,0.1691337865727382,High Risk,0.2002679604884241,0.7997320395115759,Unusual,High Risk with Reliability Caution,Hold for inspection or prioritised engineering assessment before continuing.,sensor_104,"sensor_104, sensor_206, sensor_478, sensor_060, sensor_342"
WF-000217,0,Pass,0.1679896899796958,High Risk,0.246203090900397,0.753796909099603,Familiar,High Risk with Reliability Caution,Hold for inspection or prioritised engineering assessment before continuing.,sensor_104,"sensor_104, sensor_060, sensor_034, sensor_478, sensor_206"
WF-000012,1,Fail,0.1668514943075025,High Risk,0.2937924923504679,0.706207507649532,Outside Typical Historical Experience,High Risk with Reliability Caution,Hold for inspection or prioritised engineering assessment before continuing.,sensor_060,"sensor_060, sensor_104, sensor_478, sensor_034, sensor_342"
WF-000166,0,Pass,0.1657742816473493,High Risk,0.1914613227405539,0.8085386772594461,Familiar,High Risk with Reliability Caution,Hold for inspection or prioritised engineering assessment before continuing.,sensor_104,"sensor_104, sensor_060, sensor_520, sensor_511, sensor_563"
WF-000337,1,Fail,0.1620322241434947,High Risk,0.1859828926408584,0.8140171073591416,Familiar,High Risk with Reliability Caution,Hold for inspection or prioritised engineering assessment before continuing.,sensor_065,"sensor_065, sensor_060, sensor_104, sensor_153, sensor_064"
WF-000327,1,Fail,0.1602795371211892,High Risk,0.2538371262609686,0.7461628737390313,Very Familiar,Model-Led Risk Evidence,Hold for inspection or prioritised engineering assessment before continuing.,sensor_060,"sensor_060, sensor_478, sensor_104, sensor_206, sensor_342"
WF-000175,0,Pass,0.1575054607472795,High Risk,0.1774426246731109,0.8225573753268891,Unusual,High Risk with Reliability Caution,Hold for inspection or prioritised engineering assessment before continuing.,sensor_104,"sensor_104, sensor_060, sensor_511, sensor_015, sensor_034"
WF-000069,0,Pass,0.1550037502939744,High Risk,0.2080502909361731,0.7919497090638269,Unusual,High Risk with Reliability Caution,Hold for inspection or prioritised engineering assessment before continuing.,sensor_060,"sensor_060, sensor_104, sensor_065, sensor_153, sensor_015"
WF-000346,0,Pass,0.1503474571733583,High Risk,0.2776952390899502,0.7223047609100497,Unusual,High Risk with Reliability Caution,Hold for inspection or prioritised engineering assessment before continuing.,sensor_104,"sensor_104, sensor_511, sensor_060, sensor_153, sensor_476"
WF-000097,1,Fail,0.1492766461690038,Insufficient Evidence,0.1563115601873058,0.8436884398126941,Outside Typical Historical Experience,Insufficient Evidence,Repeat or verify available measurements and obtain engineering review before making a release decision.,sensor_478,"sensor_478, sensor_104, sensor_060, sensor_206, sensor_511"
WF-000243,0,Pass,0.1490733499274895,High Risk,0.2764243428399709,0.723575657160029,Very Familiar,Model-Led Risk Evidence,Hold for inspection or prioritised engineering assessment before continuing.,sensor_060,"sensor_060, sensor_104, sensor_065, sensor_066, sensor_520"
WF-000690,0,Pass,0.1403861357013753,High Risk,0.2042636023153765,0.7957363976846235,Familiar,High Risk with Reliability Caution,Hold for inspection or prioritised engineering assessment before continuing.,sensor_104,"sensor_104, sensor_034, sensor_511, sensor_015, sensor_349"
WF-000177,0,Pass,0.1383367466928345,High Risk,0.230143125299454,0.7698568747005459,Familiar,High Risk with Reliability Caution,Hold for inspection or prioritised engineering assessment before continuing.,sensor_104,"sensor_104, sensor_511, sensor_060, sensor_065, sensor_478"
WF-000027,0,Pass,0.1359081637688931,High Risk,0.2564682474872333,0.7435317525127667,Unusual,High Risk with Reliability Caution,Hold for inspection or prioritised engineering assessment before continuing.,sensor_104,"sensor_104, sensor_034, sensor_060, sensor_065, sensor_478"
WF-000233,0,Pass,0.1346828590055515,High Risk,0.1685636711637997,0.8314363288362002,Unusual,High Risk with Reliability Caution,Hold for inspection or prioritised engineering assessment before continuing.,sensor_104,"sensor_104, sensor_478, sensor_206, sensor_060, sensor_065"
WF-001243,1,Fail,0.1296846647603923,High Risk,0.2400582744467248,0.7599417255532752,Unusual,High Risk with Reliability Caution,Hold for inspection or prioritised engineering assessment before continuing.,sensor_104,"sensor_104, sensor_511, sensor_060, sensor_125, sensor_434"
WF-000246,0,Pass,0.1290701768064499,High Risk,0.3233270058247077,0.6766729941752923,Familiar,Model-Led Risk Evidence,Hold for inspection or prioritised engineering assessment before continuing.,sensor_104,"sensor_104, sensor_478, sensor_206, sensor_060, sensor_342"
WF-000059,1,Fail,0.1271055599532795,High Risk,0.1648954744173592,0.8351045255826408,Outside Typical Historical Experience,High Risk with Reliability Caution,Hold for inspection or prioritised engineering assessment before continuing.,sensor_060,"sensor_060, sensor_034, sensor_432, sensor_153, sensor_104"
WF-000052,0,Pass,0.1263664825255144,Insufficient Evidence,0.1483198884860631,0.8516801115139369,Outside Typical Historical Experience,Insufficient Evidence,Repeat or verify available measurements and obtain engineering review before making a release decision.,sensor_060,"sensor_060, sensor_104, sensor_511, sensor_478, sensor_342"
WF-000010,0,Pass,0.1258533507077437,High Risk,0.2519468736781179,0.7480531263218821,Outside Typical Historical Experience,Convergent Risk Evidence,Hold for inspection or prioritised engineering assessment before continuing.,sensor_060,"sensor_060, sensor_478, sensor_104, sensor_206, sensor_342"
WF-000321,0,Pass,0.1258310775114571,High Risk,0.3077908122238149,0.6922091877761851,Familiar,Convergent Risk Evidence,Hold for inspection or prioritised engineering assessment before continuing.,sensor_060,"sensor_060, sensor_206, sensor_104, sensor_478, sensor_342"
WF-000141,0,Pass,0.1223067350011968,High Risk,0.3017567133283098,0.6982432866716901,Familiar,Model-Led Risk Evidence,Hold for inspection or prioritised engineering assessment before continuing.,sensor_104,"sensor_104, sensor_511, sensor_065, sensor_060, sensor_066"
WF-000080,0,Pass,0.1217196747138822,High Risk,0.1876960654735811,0.8123039345264189,Unusual,High Risk with Reliability Caution,Hold for inspection or prioritised engineering assessment before continuing.,sensor_060,"sensor_060, sensor_104, sensor_511, sensor_520, sensor_386"
WF-001205,0,Pass,0.1215678334293939,High Risk,0.3735110521406313,0.6264889478593687,Very Familiar,Model-Led Risk Evidence,Hold for inspection or prioritised engineering assessment before continuing.,sensor_424,"sensor_424, sensor_432, sensor_104, sensor_181, sensor_060"
WF-000564,0,Pass,0.1215244773666268,High Risk,0.2444129874081834,0.7555870125918165,Unusual,High Risk with Reliability Caution,Hold for inspection or prioritised engineering assessment before continuing.,sensor_478,"sensor_478, sensor_206, sensor_104, sensor_342, sensor_060"
WF-000220,0,Pass,0.1179466031569671,High Risk,0.3170906565417035,0.6829093434582965,Outside Typical Historical Experience,High Risk with Reliability Caution,Hold for inspection or prioritised engineering assessment before continuing.,sensor_104,"sensor_104, sensor_511, sensor_478, sensor_103, sensor_271"
WF-000154,0,Pass,0.1163668071051087,High Risk,0.160829981719526,0.839170018280474,Unusual,High Risk with Reliability Caution,Hold for inspection or prioritised engineering assessment before continuing.,sensor_104,"sensor_104, sensor_060, sensor_511, sensor_520, sensor_386"
WF-000298,0,Pass,0.1151980509692443,High Risk,0.2434314078657533,0.7565685921342467,Unusual,High Risk with Reliability Caution,Hold for inspection or prioritised engineering assessment before continuing.,sensor_104,"sensor_104, sensor_065, sensor_060, sensor_066, sensor_032"
WF-000435,0,Pass,0.1117264891273574,High Risk,0.246770151989995,0.753229848010005,Very Familiar,High Risk with Reliability Caution,Hold for inspection or prioritised engineering assessment before continuing.,sensor_104,"sensor_104, sensor_153, sensor_034, sensor_032, sensor_478"
WF-000150,0,Pass,0.1112806630063405,High Risk,0.158852601728333,0.841147398271667,Outside Typical Historical Experience,High Risk with Reliability Caution,Hold for inspection or prioritised engineering assessment before continuing.,sensor_065,"sensor_065, sensor_104, sensor_060, sensor_015, sensor_066"
WF-000307,0,Pass,0.1087341887862489,High Risk,0.3235004172156148,0.6764995827843852,Very Familiar,Model-Led Risk Evidence,Hold for inspection or prioritised engineering assessment before continuing.,sensor_060,"sensor_060, sensor_104, sensor_511, sensor_432, sensor_214"
WF-000384,0,Pass,0.1083175541615425,High Risk,0.1667206151448141,0.8332793848551858,Unusual,High Risk with Reliability Caution,Hold for inspection or prioritised engineering assessment before continuing.,sensor_153,"sensor_153, sensor_034, sensor_104, sensor_288, sensor_426"
WF-000867,0,Pass,0.1070555208950243,High Risk,0.2158146286635559,0.7841853713364441,Unusual,High Risk with Reliability Caution,Hold for inspection or prioritised engineering assessment before continuing.,sensor_060,"sensor_060, sensor_104, sensor_153, sensor_288, sensor_034"
WF-001398,0,Pass,0.1069377987734891,Insufficient Evidence,0.1910463014371493,0.8089536985628507,Outside Typical Historical Experience,Insufficient Evidence,Repeat or verify available measurements and obtain engineering review before making a release decision.,sensor_478,"sensor_478, sensor_206, sensor_342, sensor_104, sensor_065"
WF-000109,0,Pass,0.1053196950607065,High Risk,0.2106138718048577,0.7893861281951422,Outside Typical Historical Experience,High Risk with Reliability Caution,Hold for inspection or prioritised engineering assessment before continuing.,sensor_060,"sensor_060, sensor_104, sensor_478, sensor_206, sensor_342"
WF-000131,0,Pass,0.104469726751709,High Risk,0.1516262019641405,0.8483737980358594,Outside Typical Historical Experience,High Risk with Reliability Caution,Hold for inspection or prioritised engineering assessment before continuing.,sensor_104,"sensor_104, sensor_060, sensor_511, sensor_520, sensor_386"
WF-000026,0,Pass,0.1022168043439557,High Risk,0.1531403631459024,0.8468596368540975,Outside Typical Historical Experience,High Risk with Reliability Caution,Hold for inspection or prioritised engineering assessment before continuing.,sensor_104,"sensor_104, sensor_282, sensor_214, sensor_352, sensor_147"
WF-000051,1,Fail,0.1019898466008417,High Risk,0.2495287098979795,0.7504712901020205,Familiar,High Risk with Reliability Caution,Hold for inspection or prioritised engineering assessment before continuing.,sensor_060,"sensor_060, sensor_034, sensor_104, sensor_424, sensor_478"
WF-001255,1,Fail,0.1017632844266155,High Risk,0.3108319113952568,0.6891680886047432,Unusual,High Risk with Reliability Caution,Hold for inspection or prioritised engineering assessment before continuing.,sensor_478,"sensor_478, sensor_104, sensor_133, sensor_432, sensor_511"
WF-000113,0,Pass,0.1003935256931306,High Risk,0.2133200057636572,0.7866799942363427,Unusual,High Risk with Reliability Caution,Hold for inspection or prioritised engineering assessment before continuing.,sensor_060,"sensor_060, sensor_104, sensor_034, sensor_153, sensor_478"
WF-000235,0,Pass,0.0996491343707387,High Risk,0.343034950736988,0.656965049263012,Familiar,Convergent Risk Evidence,Hold for inspection or prioritised engineering assessment before continuing.,sensor_034,"sensor_034, sensor_520, sensor_104, sensor_153, sensor_060"
WF-001192,0,Pass,0.0988537527957076,High Risk,0.3089427468217092,0.6910572531782908,Familiar,Model-Led Risk Evidence,Hold for inspection or prioritised engineering assessment before continuing.,sensor_060,"sensor_060, sensor_104, sensor_282, sensor_478, sensor_082"
WF-001272,0,Pass,0.098118345415062,High Risk,0.2910987962327803,0.7089012037672198,Familiar,Model-Led Risk Evidence,Hold for inspection or prioritised engineering assessment before continuing.,sensor_104,"sensor_104, sensor_060, sensor_206, sensor_125, sensor_015"
WF-000270,0,Pass,0.0978985629258668,High Risk,0.2956679767881815,0.7043320232118184,Familiar,Model-Led Risk Evidence,Hold for inspection or prioritised engineering assessment before continuing.,sensor_060,"sensor_060, sensor_034, sensor_104, sensor_478, sensor_206"
WF-000176,0,Pass,0.0977705350883857,High Risk,0.2649847707133506,0.7350152292866494,Unusual,Convergent Risk Evidence,Hold for inspection or prioritised engineering assessment before continuing.,sensor_104,"sensor_104, sensor_060, sensor_511, sensor_478, sensor_015"
WF-001093,0,Pass,0.0971869380346342,High Risk,0.1907753285344991,0.8092246714655008,Unusual,High Risk with Reliability Caution,Hold for inspection or prioritised engineering assessment before continuing.,sensor_034,"sensor_034, sensor_104, sensor_282, sensor_060, sensor_511"
WF-000516,0,Pass,0.0958298481546696,High Risk,0.3064157317995982,0.6935842682004019,Familiar,Model-Led Risk Evidence,Hold for inspection or prioritised engineering assessment before continuing.,sensor_060,"sensor_060, sensor_104, sensor_153, sensor_478, sensor_206"
WF-001335,0,Pass,0.095739907530341,High Risk,0.3300711756792875,0.6699288243207124,Unusual,Convergent Risk Evidence,Hold for inspection or prioritised engineering assessment before continuing.,sensor_478,"sensor_478, sensor_060, sensor_206, sensor_104, sensor_082"
WF-000019,0,Pass,0.0933540879499721,High Risk,0.2587157052241994,0.7412842947758006,Familiar,Model-Led Risk Evidence,Hold for inspection or prioritised engineering assessment before continuing.,sensor_104,"sensor_104, sensor_511, sensor_478, sensor_060, sensor_317"
WF-000519,1,Fail,0.0920218471522257,High Risk,0.2390764535929155,0.7609235464070845,Outside Typical Historical Experience,High Risk with Reliability Caution,Hold for inspection or prioritised engineering assessment before continuing.,sensor_060,"sensor_060, sensor_478, sensor_206, sensor_342, sensor_104"
WF-001306,0,Pass,0.0919695668780326,High Risk,0.3787097422509115,0.6212902577490884,Very Familiar,Model-Led Risk Evidence,Hold for inspection or prioritised engineering assessment before continuing.,sensor_125,"sensor_125, sensor_424, sensor_060, sensor_015, sensor_432"
WF-000032,0,Pass,0.0918302668887925,High Risk,0.2243347643134326,0.7756652356865673,Outside Typical Historical Experience,High Risk with Reliability Caution,Hold for inspection or prioritised engineering assessment before continuing.,sensor_060,"sensor_060, sensor_520, sensor_104, sensor_065, sensor_386"
WF-000461,0,Pass,0.0916390001200131,High Risk,0.2729614092316619,0.7270385907683381,Unusual,High Risk with Reliability Caution,Hold for inspection or prioritised engineering assessment before continuing.,sensor_104,"sensor_104, sensor_034, sensor_520, sensor_386, sensor_060"
WF-000142,0,Pass,0.091274723666988,High Risk,0.3145304428185273,0.6854695571814726,Very Familiar,Model-Led Risk Evidence,Hold for inspection or prioritised engineering assessment before continuing.,sensor_104,"sensor_104, sensor_060, sensor_065, sensor_511, sensor_066"
WF-000105,0,Pass,0.0903947877565658,High Risk,0.3076931145399352,0.6923068854600648,Unusual,High Risk with Reliability Caution,Hold for inspection or prioritised engineering assessment before continuing.,sensor_104,"sensor_104, sensor_060, sensor_520, sensor_181, sensor_034"
WF-000847,0,Pass,0.0901201075521735,High Risk,0.3495374753724185,0.6504625246275815,Very Familiar,Model-Led Risk Evidence,Hold for inspection or prioritised engineering assessment before continuing.,sensor_104,"sensor_104, sensor_432, sensor_015, sensor_060, sensor_478"
WF-000247,0,Pass,0.0881819396074319,High Risk,0.2720674056271345,0.7279325943728655,Unusual,High Risk with Reliability Caution,Hold for inspection or prioritised engineering assessment before continuing.,sensor_060,"sensor_060, sensor_478, sensor_206, sensor_104, sensor_342"
WF-001227,0,Pass,0.0881482315700047,High Risk,0.3289197566845739,0.6710802433154262,Familiar,Model-Led Risk Evidence,Hold for inspection or prioritised engineering assessment before continuing.,sensor_104,"sensor_104, sensor_126, sensor_034, sensor_282, sensor_130"
WF-000269,0,Pass,0.0862601096438172,High Risk,0.3396890071568369,0.6603109928431631,Familiar,Model-Led Risk Evidence,Hold for inspection or prioritised engineering assessment before continuing.,sensor_060,"sensor_060, sensor_478, sensor_104, sensor_206, sensor_342"
WF-000117,0,Pass,0.08617730496953,High Risk,0.3532961700040336,0.6467038299959664,Familiar,Model-Led Risk Evidence,Hold for inspection or prioritised engineering assessment before continuing.,sensor_060,"sensor_060, sensor_104, sensor_511, sensor_034, sensor_424"
WF-001095,0,Pass,0.0855171138577884,High Risk,0.2856929953313584,0.7143070046686416,Outside Typical Historical Experience,High Risk with Reliability Caution,Hold for inspection or prioritised engineering assessment before continuing.,sensor_104,"sensor_104, sensor_478, sensor_424, sensor_432, sensor_282"
WF-000436,0,Pass,0.0825632478349338,High Risk,0.2955147580266538,0.7044852419733462,Very Familiar,Model-Led Risk Evidence,Hold for inspection or prioritised engineering assessment before continuing.,sensor_060,"sensor_060, sensor_034, sensor_153, sensor_104, sensor_064"
WF-000196,0,Pass,0.0824352728077776,Insufficient Evidence,0.1408361504996082,0.8591638495003917,Outside Typical Historical Experience,Insufficient Evidence,Repeat or verify available measurements and obtain engineering review before making a release decision.,sensor_104,"sensor_104, sensor_060, sensor_511, sensor_432, sensor_478"
WF-000770,0,Pass,0.0823713437739899,High Risk,0.2447612854295981,0.7552387145704018,Outside Typical Historical Experience,High Risk with Reliability Caution,Hold for inspection or prioritised engineering assessment before continuing.,sensor_104,"sensor_104, sensor_511, sensor_342, sensor_432, sensor_214"
WF-000289,0,Pass,0.0818613127245224,High Risk,0.2884532241536857,0.7115467758463143,Familiar,Model-Led Risk Evidence,Hold for inspection or prioritised engineering assessment before continuing.,sensor_060,"sensor_060, sensor_206, sensor_342, sensor_104, sensor_147"
WF-000343,0,Pass,0.0814487425053567,High Risk,0.37839798192844,0.62160201807156,Familiar,Model-Led Risk Evidence,Hold for inspection or prioritised engineering assessment before continuing.,sensor_104,"sensor_104, sensor_511, sensor_034, sensor_060, sensor_317"
WF-000398,0,Pass,0.081353766436341,High Risk,0.4028354769189939,0.5971645230810061,Familiar,Model-Led Risk Evidence,Hold for inspection or prioritised engineering assessment before continuing.,sensor_478,"sensor_478, sensor_206, sensor_034, sensor_104, sensor_342"
WF-000465,0,Pass,0.080974732001453,High Risk,0.3288158320296104,0.6711841679703896,Unusual,Convergent Risk Evidence,Hold for inspection or prioritised engineering assessment before continuing.,sensor_104,"sensor_104, sensor_511, sensor_103, sensor_282, sensor_060"
WF-001138,0,Pass,0.0795190587134035,Engineering Review,0.3769974869130637,0.6230025130869363,Familiar,Mixed or Intermediate Evidence,Prioritise engineering assessment using the SHAP-ranked sensor evidence and retrieved historical cases.,sensor_424,"sensor_424, sensor_104, sensor_214, sensor_478, sensor_206"
WF-000521,0,Pass,0.0781913240428275,Engineering Review,0.3639075706512817,0.6360924293487182,Familiar,Mixed or Intermediate Evidence,Prioritise engineering assessment using the SHAP-ranked sensor evidence and retrieved historical cases.,sensor_511,"sensor_511, sensor_104, sensor_034, sensor_478, sensor_206"
WF-000450,0,Pass,0.0780687049992616,Engineering Review,0.3396589310183181,0.6603410689816819,Familiar,Mixed or Intermediate Evidence,Prioritise engineering assessment using the SHAP-ranked sensor evidence and retrieved historical cases.,sensor_342,"sensor_342, sensor_015, sensor_104, sensor_578, sensor_001"
WF-001034,0,Pass,0.0771235202510167,Engineering Review,0.194284902104989,0.805715097895011,Outside Typical Historical Experience,Review Driven by Reliability Concern,Prioritise engineering assessment using the SHAP-ranked sensor evidence and retrieved historical cases.,sensor_060,"sensor_060, sensor_104, sensor_349, sensor_082, sensor_130"
WF-001310,0,Pass,0.076744950457366,Engineering Review,0.3174048210039116,0.6825951789960883,Unusual,Review Driven by Reliability Concern,Prioritise engineering assessment using the SHAP-ranked sensor evidence and retrieved historical cases.,sensor_034,"sensor_034, sensor_104, sensor_432, sensor_511, sensor_133"
WF-000653,0,Pass,0.0764582147901078,Engineering Review,0.2013106415283714,0.7986893584716286,Familiar,Review Driven by Reliability Concern,Prioritise engineering assessment using the SHAP-ranked sensor evidence and retrieved historical cases.,sensor_104,"sensor_104, sensor_511, sensor_060, sensor_034, sensor_478"
WF-000042,0,Pass,0.0756628180524629,Engineering Review,0.3290151653638155,0.6709848346361845,Very Familiar,Mixed or Intermediate Evidence,Prioritise engineering assessment using the SHAP-ranked sensor evidence and retrieved historical cases.,sensor_104,"sensor_104, sensor_060, sensor_432, sensor_511, sensor_478"
WF-000256,0,Pass,0.0752601224037912,Engineering Review,0.3027034066484707,0.6972965933515293,Unusual,Review Driven by Reliability Concern,Prioritise engineering assessment using the SHAP-ranked sensor evidence and retrieved historical cases.,sensor_104,"sensor_104, sensor_153, sensor_342, sensor_282, sensor_060"
WF-000063,1,Fail,0.0736807735274379,Engineering Review,0.2855868672884275,0.7144131327115725,Outside Typical Historical Experience,Review Driven by Reliability Concern,Prioritise engineering assessment using the SHAP-ranked sensor evidence and retrieved historical cases.,sensor_104,"sensor_104, sensor_060, sensor_520, sensor_478, sensor_206"
WF-000915,1,Fail,0.0729517403904716,Engineering Review,0.2911180696371755,0.7088819303628244,Very Familiar,Review with Supporting Historical Risk,Prioritise engineering assessment using the SHAP-ranked sensor evidence and retrieved historical cases.,sensor_104,"sensor_104, sensor_060, sensor_153, sensor_015, sensor_511"
WF-001209,0,Pass,0.0725170463385827,Engineering Review,0.2990451487357989,0.7009548512642011,Familiar,Mixed or Intermediate Evidence,Prioritise engineering assessment using the SHAP-ranked sensor evidence and retrieved historical cases.,sensor_424,"sensor_424, sensor_060, sensor_478, sensor_104, sensor_034"
WF-000018,0,Pass,0.0713107101820972,Engineering Review,0.2402717066243325,0.7597282933756675,Unusual,Review with Supporting Historical Risk,Prioritise engineering assessment using the SHAP-ranked sensor evidence and retrieved historical cases.,sensor_104,"sensor_104, sensor_511, sensor_214, sensor_060, sensor_478"
WF-000459,0,Pass,0.0703880901952532,Engineering Review,0.3171860517048637,0.6828139482951363,Familiar,Review with Supporting Historical Risk,Prioritise engineering assessment using the SHAP-ranked sensor evidence and retrieved historical cases.,sensor_104,"sensor_104, sensor_034, sensor_520, sensor_317, sensor_060"
WF-000443,0,Pass,0.070261084641459,Engineering Review,0.4021142783648853,0.5978857216351148,Very Familiar,Mixed or Intermediate Evidence,Prioritise engineering assessment using the SHAP-ranked sensor evidence and retrieved historical cases.,sensor_206,"sensor_206, sensor_065, sensor_060, sensor_104, sensor_317"
WF-000345,1,Fail,0.0687648573608557,Engineering Review,0.3236884508646423,0.6763115491353577,Familiar,Mixed or Intermediate Evidence,Prioritise engineering assessment using the SHAP-ranked sensor evidence and retrieved historical cases.,sensor_060,"sensor_060, sensor_153, sensor_520, sensor_386, sensor_104"
WF-000572,0,Pass,0.0683636751133987,Engineering Review,0.3445752506569946,0.6554247493430054,Unusual,Review Driven by Reliability Concern,Prioritise engineering assessment using the SHAP-ranked sensor evidence and retrieved historical cases.,sensor_520,"sensor_520, sensor_104, sensor_206, sensor_386, sensor_511"
WF-000155,1,Fail,0.0680880688253122,Engineering Review,0.2833128978460839,0.7166871021539161,Familiar,Review with Supporting Historical Risk,Prioritise engineering assessment using the SHAP-ranked sensor evidence and retrieved historical cases.,sensor_060,"sensor_060, sensor_104, sensor_520, sensor_214, sensor_424"
WF-001457,0,Pass,0.0675257997962518,Engineering Review,0.2209721904904062,0.7790278095095937,Outside Typical Historical Experience,Review Driven by Reliability Concern,Prioritise engineering assessment using the SHAP-ranked sensor evidence and retrieved historical cases.,sensor_478,"sensor_478, sensor_034, sensor_342, sensor_206, sensor_104"
WF-000644,0,Pass,0.0674301676033938,Engineering Review,0.3093740136802027,0.6906259863197972,Unusual,Review Driven by Reliability Concern,Prioritise engineering assessment using the SHAP-ranked sensor evidence and retrieved historical cases.,sensor_065,"sensor_065, sensor_060, sensor_066, sensor_104, sensor_214"
WF-000631,0,Pass,0.0671575177307038,Engineering Review,0.3225573472489067,0.6774426527510933,Familiar,Mixed or Intermediate Evidence,Prioritise engineering assessment using the SHAP-ranked sensor evidence and retrieved historical cases.,sensor_104,"sensor_104, sensor_153, sensor_478, sensor_064, sensor_206"
WF-001362,0,Pass,0.0656332363013397,Engineering Review,0.3948880345102794,0.6051119654897206,Unusual,Review Driven by Reliability Concern,Prioritise engineering assessment using the SHAP-ranked sensor evidence and retrieved historical cases.,sensor_478,"sensor_478, sensor_060, sensor_206, sensor_342, sensor_104"
WF-001219,0,Pass,0.065472972330567,Engineering Review,0.4047061564805808,0.5952938435194193,Very Familiar,Mixed or Intermediate Evidence,Prioritise engineering assessment using the SHAP-ranked sensor evidence and retrieved historical cases.,sensor_104,"sensor_104, sensor_034, sensor_478, sensor_060, sensor_133"
WF-000332,0,Pass,0.065246456767347,Engineering Review,0.3930199381567751,0.6069800618432248,Very Familiar,Mixed or Intermediate Evidence,Prioritise engineering assessment using the SHAP-ranked sensor evidence and retrieved historical cases.,sensor_104,"sensor_104, sensor_478, sensor_153, sensor_206, sensor_288"
WF-001283,0,Pass,0.0640837006656665,Engineering Review,0.3738157120908545,0.6261842879091455,Very Familiar,Mixed or Intermediate Evidence,Prioritise engineering assessment using the SHAP-ranked sensor evidence and retrieved historical cases.,sensor_104,"sensor_104, sensor_034, sensor_125, sensor_015, sensor_060"
WF-001284,0,Pass,0.0639657036553918,Engineering Review,0.2714142424031071,0.7285857575968929,Outside Typical Historical Experience,Review Driven by Reliability Concern,Prioritise engineering assessment using the SHAP-ranked sensor evidence and retrieved historical cases.,sensor_104,"sensor_104, sensor_282, sensor_130, sensor_511, sensor_060"
WF-001345,0,Pass,0.063508442882036,Engineering Review,0.3189611215877698,0.6810388784122302,Unusual,Review Driven by Reliability Concern,Prioritise engineering assessment using the SHAP-ranked sensor evidence and retrieved historical cases.,sensor_034,"sensor_034, sensor_130, sensor_104, sensor_478, sensor_317"
WF-001237,0,Pass,0.0634823912269744,Engineering Review,0.3783662191982195,0.6216337808017804,Familiar,Review with Supporting Historical Risk,Prioritise engineering assessment using the SHAP-ranked sensor evidence and retrieved historical cases.,sensor_104,"sensor_104, sensor_065, sensor_060, sensor_424, sensor_511"
WF-000297,0,Pass,0.0629760541589986,Engineering Review,0.3174293547995154,0.6825706452004846,Familiar,Mixed or Intermediate Evidence,Prioritise engineering assessment using the SHAP-ranked sensor evidence and retrieved historical cases.,sensor_342,"sensor_342, sensor_206, sensor_104, sensor_001, sensor_181"
WF-000536,0,Pass,0.0625372168080231,Engineering Review,0.4111796620541439,0.5888203379458561,Very Familiar,Mixed or Intermediate Evidence,Prioritise engineering assessment using the SHAP-ranked sensor evidence and retrieved historical cases.,sensor_478,"sensor_478, sensor_206, sensor_342, sensor_104, sensor_432"
WF-000002,0,Pass,0.0622417162205708,Engineering Review,0.2844558465860414,0.7155441534139586,Unusual,Review Driven by Reliability Concern,Prioritise engineering assessment using the SHAP-ranked sensor evidence and retrieved historical cases.,sensor_104,"sensor_104, sensor_511, sensor_034, sensor_060, sensor_432"
WF-000577,1,Fail,0.0618579242797185,Engineering Review,0.3073449008036745,0.6926550991963254,Outside Typical Historical Experience,Review Driven by Reliability Concern,Prioritise engineering assessment using the SHAP-ranked sensor evidence and retrieved historical cases.,sensor_104,"sensor_104, sensor_282, sensor_034, sensor_317, sensor_478"
WF-000799,0,Pass,0.0611085369595678,Engineering Review,0.2868980699667159,0.713101930033284,Unusual,Review with Supporting Historical Risk,Prioritise engineering assessment using the SHAP-ranked sensor evidence and retrieved historical cases.,sensor_424,"sensor_424, sensor_432, sensor_015, sensor_104, sensor_064"
WF-001250,0,Pass,0.0608561260742196,Engineering Review,0.294246979903959,0.7057530200960409,Familiar,Mixed or Intermediate Evidence,Prioritise engineering assessment using the SHAP-ranked sensor evidence and retrieved historical cases.,sensor_015,"sensor_015, sensor_317, sensor_104, sensor_478, sensor_060"
WF-000707,0,Pass,0.0603287179363219,Engineering Review,0.3132411319876762,0.6867588680123238,Unusual,Review Driven by Reliability Concern,Prioritise engineering assessment using the SHAP-ranked sensor evidence and retrieved historical cases.,sensor_478,"sensor_478, sensor_104, sensor_511, sensor_206, sensor_342"
WF-000049,1,Fail,0.0599791033825022,Engineering Review,0.1845980495371205,0.8154019504628794,Outside Typical Historical Experience,Review Driven by Reliability Concern,Prioritise engineering assessment using the SHAP-ranked sensor evidence and retrieved historical cases.,sensor_060,"sensor_060, sensor_478, sensor_034, sensor_206, sensor_511"
WF-001035,0,Pass,0.0598173219059501,Engineering Review,0.4027124627053428,0.5972875372946571,Familiar,Mixed or Intermediate Evidence,Prioritise engineering assessment using the SHAP-ranked sensor evidence and retrieved historical cases.,sensor_153,"sensor_153, sensor_104, sensor_214, sensor_288, sensor_060"
WF-000451,0,Pass,0.059693106965671,Engineering Review,0.2890750365647134,0.7109249634352865,Unusual,Review Driven by Reliability Concern,Prioritise engineering assessment using the SHAP-ranked sensor evidence and retrieved historical cases.,sensor_034,"sensor_034, sensor_060, sensor_065, sensor_104, sensor_032"
WF-000583,0,Pass,0.0595071627983477,Engineering Review,0.3037015086198507,0.6962984913801493,Unusual,Review Driven by Reliability Concern,Prioritise engineering assessment using the SHAP-ranked sensor evidence and retrieved historical cases.,sensor_104,"sensor_104, sensor_206, sensor_103, sensor_015, sensor_060"
WF-001220,0,Pass,0.0594824044989312,Engineering Review,0.3001841209628049,0.6998158790371951,Familiar,Mixed or Intermediate Evidence,Prioritise engineering assessment using the SHAP-ranked sensor evidence and retrieved historical cases.,sensor_153,"sensor_153, sensor_104, sensor_520, sensor_060, sensor_206"
WF-001553,0,Pass,0.0589889272315011,Engineering Review,0.3031095555369578,0.6968904444630422,Outside Typical Historical Experience,Review with Supporting Historical Risk,Prioritise engineering assessment using the SHAP-ranked sensor evidence and retrieved historical cases.,sensor_424,"sensor_424, sensor_153, sensor_034, sensor_432, sensor_104"
WF-000525,0,Pass,0.0587311360002732,Engineering Review,0.3244888532604352,0.6755111467395648,Familiar,Mixed or Intermediate Evidence,Prioritise engineering assessment using the SHAP-ranked sensor evidence and retrieved historical cases.,sensor_317,"sensor_317, sensor_578, sensor_104, sensor_060, sensor_103"
WF-000755,0,Pass,0.0584131867245204,Engineering Review,0.3475692382613476,0.6524307617386524,Unusual,Review Driven by Reliability Concern,Prioritise engineering assessment using the SHAP-ranked sensor evidence and retrieved historical cases.,sensor_478,"sensor_478, sensor_206, sensor_034, sensor_511, sensor_342"
WF-000259,0,Pass,0.0581452047197266,Engineering Review,0.3590468208178575,0.6409531791821425,Familiar,Mixed or Intermediate Evidence,Prioritise engineering assessment using the SHAP-ranked sensor evidence and retrieved historical cases.,sensor_065,"sensor_065, sensor_060, sensor_153, sensor_104, sensor_034"
WF-001028,0,Pass,0.0579024191975105,Engineering Review,0.4635812672426784,0.5364187327573215,Very Familiar,Mixed or Intermediate Evidence,Prioritise engineering assessment using the SHAP-ranked sensor evidence and retrieved historical cases.,sensor_104,"sensor_104, sensor_034, sensor_424, sensor_060, sensor_317"
WF-001053,0,Pass,0.0571068407006044,Engineering Review,0.3260177654300574,0.6739822345699427,Familiar,Mixed or Intermediate Evidence,Prioritise engineering assessment using the SHAP-ranked sensor evidence and retrieved historical cases.,sensor_104,"sensor_104, sensor_478, sensor_060, sensor_578, sensor_511"
WF-000462,0,Pass,0.056605026107768,Engineering Review,0.3211440148833948,0.6788559851166052,Familiar,Mixed or Intermediate Evidence,Prioritise engineering assessment using the SHAP-ranked sensor evidence and retrieved historical cases.,sensor_034,"sensor_034, sensor_424, sensor_015, sensor_104, sensor_206"
WF-000477,0,Pass,0.0565693144170977,Engineering Review,0.3368026790197262,0.6631973209802737,Unusual,Review Driven by Reliability Concern,Prioritise engineering assessment using the SHAP-ranked sensor evidence and retrieved historical cases.,sensor_060,"sensor_060, sensor_104, sensor_065, sensor_478, sensor_034"
WF-000393,1,Fail,0.0563079658235813,Engineering Review,0.3527807822099051,0.6472192177900948,Unusual,Review Driven by Reliability Concern,Prioritise engineering assessment using the SHAP-ranked sensor evidence and retrieved historical cases.,sensor_060,"sensor_060, sensor_214, sensor_104, sensor_478, sensor_206"
WF-000835,0,Pass,0.0559059183912735,Engineering Review,0.2937994150776452,0.7062005849223547,Familiar,Mixed or Intermediate Evidence,Prioritise engineering assessment using the SHAP-ranked sensor evidence and retrieved historical cases.,sensor_424,"sensor_424, sensor_015, sensor_060, sensor_104, sensor_478"
WF-000588,0,Pass,0.0546552507674919,Engineering Review,0.393641968542234,0.6063580314577659,Familiar,Mixed or Intermediate Evidence,Prioritise engineering assessment using the SHAP-ranked sensor evidence and retrieved historical cases.,sensor_060,"sensor_060, sensor_103, sensor_104, sensor_032, sensor_034"
WF-001117,0,Pass,0.0539520871203171,Engineering Review,0.3499027239361751,0.6500972760638248,Familiar,Mixed or Intermediate Evidence,Prioritise engineering assessment using the SHAP-ranked sensor evidence and retrieved historical cases.,sensor_060,"sensor_060, sensor_104, sensor_511, sensor_432, sensor_478"
WF-000848,0,Pass,0.053929152626906,Engineering Review,0.4060023660737878,0.5939976339262121,Very Familiar,Mixed or Intermediate Evidence,Prioritise engineering assessment using the SHAP-ranked sensor evidence and retrieved historical cases.,sensor_424,"sensor_424, sensor_104, sensor_342, sensor_478, sensor_060"
WF-000265,0,Pass,0.0538031487423166,Engineering Review,0.3830270519966526,0.6169729480033473,Very Familiar,Mixed or Intermediate Evidence,Prioritise engineering assessment using the SHAP-ranked sensor evidence and retrieved historical cases.,sensor_060,"sensor_060, sensor_511, sensor_034, sensor_153, sensor_104"
WF-000314,0,Pass,0.0537917052352994,Engineering Review,0.3075440111153306,0.6924559888846694,Outside Typical Historical Experience,Review Driven by Reliability Concern,Prioritise engineering assessment using the SHAP-ranked sensor evidence and retrieved historical cases.,sensor_317,"sensor_317, sensor_104, sensor_060, sensor_574, sensor_310"
WF-001269,0,Pass,0.0532446440524183,Engineering Review,0.3577731612084175,0.6422268387915825,Familiar,Mixed or Intermediate Evidence,Prioritise engineering assessment using the SHAP-ranked sensor evidence and retrieved historical cases.,sensor_104,"sensor_104, sensor_034, sensor_342, sensor_432, sensor_478"
WF-000460,0,Pass,0.0527357214831558,Engineering Review,0.4568567771864262,0.5431432228135737,Very Familiar,Mixed or Intermediate Evidence,Prioritise engineering assessment using the SHAP-ranked sensor evidence and retrieved historical cases.,sensor_104,"sensor_104, sensor_511, sensor_478, sensor_206, sensor_426"
WF-000445,0,Pass,0.0527244553091201,Engineering Review,0.2088607534148435,0.7911392465851564,Unusual,Review Driven by Reliability Concern,Prioritise engineering assessment using the SHAP-ranked sensor evidence and retrieved historical cases.,sensor_104,"sensor_104, sensor_317, sensor_015, sensor_520, sensor_469"
WF-000751,0,Pass,0.0524321923124244,Engineering Review,0.2980733616722296,0.7019266383277705,Unusual,Review Driven by Reliability Concern,Prioritise engineering assessment using the SHAP-ranked sensor evidence and retrieved historical cases.,sensor_104,"sensor_104, sensor_424, sensor_060, sensor_034, sensor_317"
WF-000232,1,Fail,0.0524209766877405,Engineering Review,0.2943467490014412,0.7056532509985587,Very Familiar,Mixed or Intermediate Evidence,Prioritise engineering assessment using the SHAP-ranked sensor evidence and retrieved historical cases.,sensor_153,"sensor_153, sensor_034, sensor_206, sensor_104, sensor_060"
WF-000787,0,Pass,0.0522865348979022,Engineering Review,0.3890067764787293,0.6109932235212707,Very Familiar,Mixed or Intermediate Evidence,Prioritise engineering assessment using the SHAP-ranked sensor evidence and retrieved historical cases.,sensor_104,"sensor_104, sensor_424, sensor_015, sensor_034, sensor_060"
WF-000501,0,Pass,0.0522753435504643,Engineering Review,0.4050037501500408,0.5949962498499592,Very Familiar,Mixed or Intermediate Evidence,Prioritise engineering assessment using the SHAP-ranked sensor evidence and retrieved historical cases.,sensor_424,"sensor_424, sensor_060, sensor_386, sensor_034, sensor_104"
WF-001240,0,Pass,0.0517514508083244,Engineering Review,0.3962679002211795,0.6037320997788205,Familiar,Mixed or Intermediate Evidence,Prioritise engineering assessment using the SHAP-ranked sensor evidence and retrieved historical cases.,sensor_478,"sensor_478, sensor_060, sensor_206, sensor_342, sensor_511"
WF-000894,0,Pass,0.0517292485570852,Engineering Review,0.3664595040198268,0.6335404959801731,Unusual,Review Driven by Reliability Concern,Prioritise engineering assessment using the SHAP-ranked sensor evidence and retrieved historical cases.,sensor_104,"sensor_104, sensor_153, sensor_206, sensor_060, sensor_511"
WF-000370,0,Pass,0.0516183485221198,Engineering Review,0.3919885941020909,0.608011405897909,Familiar,Mixed or Intermediate Evidence,Prioritise engineering assessment using the SHAP-ranked sensor evidence and retrieved historical cases.,sensor_511,"sensor_511, sensor_104, sensor_282, sensor_034, sensor_317"
WF-001206,0,Pass,0.0514523456403994,Engineering Review,0.307464841534433,0.692535158465567,Unusual,Review Driven by Reliability Concern,Prioritise engineering assessment using the SHAP-ranked sensor evidence and retrieved historical cases.,sensor_104,"sensor_104, sensor_214, sensor_060, sensor_103, sensor_511"
WF-001334,0,Pass,0.0512647117781761,Engineering Review,0.3387244857455229,0.6612755142544771,Unusual,Review Driven by Reliability Concern,Prioritise engineering assessment using the SHAP-ranked sensor evidence and retrieved historical cases.,sensor_478,"sensor_478, sensor_206, sensor_034, sensor_060, sensor_104"
WF-000284,0,Pass,0.0511986153901467,Engineering Review,0.3575143690842669,0.6424856309157331,Very Familiar,Mixed or Intermediate Evidence,Prioritise engineering assessment using the SHAP-ranked sensor evidence and retrieved historical cases.,sensor_060,"sensor_060, sensor_153, sensor_104, sensor_282, sensor_432"
WF-001037,0,Pass,0.0509239273914036,Engineering Review,0.3533377038643072,0.6466622961356927,Familiar,Mixed or Intermediate Evidence,Prioritise engineering assessment using the SHAP-ranked sensor evidence and retrieved historical cases.,sensor_478,"sensor_478, sensor_206, sensor_104, sensor_342, sensor_060"
WF-001399,0,Pass,0.0508143739127773,Engineering Review,0.3396815587581951,0.6603184412418048,Unusual,Review with Supporting Historical Risk,Prioritise engineering assessment using the SHAP-ranked sensor evidence and retrieved historical cases.,sensor_065,"sensor_065, sensor_060, sensor_104, sensor_317, sensor_432"
WF-001096,0,Pass,0.0499985555243499,Engineering Review,0.3611703519075483,0.6388296480924517,Familiar,Review with Supporting Historical Risk,Prioritise engineering assessment using the SHAP-ranked sensor evidence and retrieved historical cases.,sensor_282,"sensor_282, sensor_060, sensor_317, sensor_104, sensor_126"
WF-001383,0,Pass,0.0497181298183147,Engineering Review,0.4206112565537563,0.5793887434462437,Familiar,Review with Supporting Historical Risk,Prioritise engineering assessment using the SHAP-ranked sensor evidence and retrieved historical cases.,sensor_034,"sensor_034, sensor_104, sensor_432, sensor_317, sensor_060"
WF-001246,0,Pass,0.0496106000647048,Engineering Review,0.3163996863058949,0.6836003136941051,Outside Typical Historical Experience,Review Driven by Reliability Concern,Prioritise engineering assessment using the SHAP-ranked sensor evidence and retrieved historical cases.,sensor_104,"sensor_104, sensor_015, sensor_317, sensor_511, sensor_282"
WF-001214,0,Pass,0.0495783764278274,Engineering Review,0.4197634341444201,0.5802365658555799,Very Familiar,Mixed or Intermediate Evidence,Prioritise engineering assessment using the SHAP-ranked sensor evidence and retrieved historical cases.,sensor_104,"sensor_104, sensor_511, sensor_034, sensor_060, sensor_478"
WF-001376,0,Pass,0.049449644580472,Engineering Review,0.4499977177780502,0.5500022822219498,Very Familiar,Review with Supporting Historical Risk,Prioritise engineering assessment using the SHAP-ranked sensor evidence and retrieved historical cases.,sensor_104,"sensor_104, sensor_060, sensor_489, sensor_478, sensor_548"
WF-000497,0,Pass,0.0493746711077056,Engineering Review,0.3458840093336802,0.6541159906663199,Very Familiar,Mixed or Intermediate Evidence,Prioritise engineering assessment using the SHAP-ranked sensor evidence and retrieved historical cases.,sensor_432,"sensor_432, sensor_104, sensor_032, sensor_060, sensor_478"
WF-000400,0,Pass,0.049321172754477,Engineering Review,0.300327356990125,0.699672643009875,Unusual,Review with Supporting Historical Risk,Prioritise engineering assessment using the SHAP-ranked sensor evidence and retrieved historical cases.,sensor_104,"sensor_104, sensor_511, sensor_034, sensor_032, sensor_282"
WF-001232,0,Pass,0.0492570342250401,Engineering Review,0.3077556319867723,0.6922443680132278,Familiar,Mixed or Intermediate Evidence,Prioritise engineering assessment using the SHAP-ranked sensor evidence and retrieved historical cases.,sensor_104,"sensor_104, sensor_206, sensor_126, sensor_317, sensor_034"
WF-001316,0,Pass,0.0484713095501457,Engineering Review,0.4378494232213429,0.5621505767786571,Very Familiar,Mixed or Intermediate Evidence,Prioritise engineering assessment using the SHAP-ranked sensor evidence and retrieved historical cases.,sensor_082,"sensor_082, sensor_104, sensor_060, sensor_406, sensor_478"
WF-001337,0,Pass,0.0483448180224866,Engineering Review,0.3994685001340948,0.6005314998659053,Very Familiar,Mixed or Intermediate Evidence,Prioritise engineering assessment using the SHAP-ranked sensor evidence and retrieved historical cases.,sensor_034,"sensor_034, sensor_478, sensor_104, sensor_060, sensor_206"
WF-000391,0,Pass,0.0481135830090228,Engineering Review,0.4289315999905884,0.5710684000094116,Familiar,Mixed or Intermediate Evidence,Prioritise engineering assessment using the SHAP-ranked sensor evidence and retrieved historical cases.,sensor_104,"sensor_104, sensor_317, sensor_032, sensor_060, sensor_034"
WF-000767,0,Pass,0.0480821176462884,Engineering Review,0.3954630917997014,0.6045369082002986,Familiar,Mixed or Intermediate Evidence,Prioritise engineering assessment using the SHAP-ranked sensor evidence and retrieved historical cases.,sensor_511,"sensor_511, sensor_060, sensor_015, sensor_104, sensor_424"
WF-001386,0,Pass,0.0478623073461422,Engineering Review,0.2965262788358642,0.7034737211641358,Unusual,Review Driven by Reliability Concern,Prioritise engineering assessment using the SHAP-ranked sensor evidence and retrieved historical cases.,sensor_034,"sensor_034, sensor_104, sensor_478, sensor_512, sensor_015"
WF-000699,0,Pass,0.047695357261218,Engineering Review,0.2614421896775487,0.7385578103224513,Outside Typical Historical Experience,Review Driven by Reliability Concern,Prioritise engineering assessment using the SHAP-ranked sensor evidence and retrieved historical cases.,sensor_424,"sensor_424, sensor_104, sensor_282, sensor_015, sensor_181"
WF-001091,0,Pass,0.0476745203383376,Engineering Review,0.4326704015691052,0.5673295984308948,Very Familiar,Mixed or Intermediate Evidence,Prioritise engineering assessment using the SHAP-ranked sensor evidence and retrieved historical cases.,sensor_104,"sensor_104, sensor_060, sensor_511, sensor_478, sensor_130"
WF-000878,0,Pass,0.0476016467646206,Engineering Review,0.4280493425309995,0.5719506574690005,Very Familiar,Review with Supporting Historical Risk,Prioritise engineering assessment using the SHAP-ranked sensor evidence and retrieved historical cases.,sensor_206,"sensor_206, sensor_478, sensor_342, sensor_104, sensor_060"
WF-000954,0,Pass,0.0475600435719507,Engineering Review,0.3494254607649666,0.6505745392350334,Familiar,Mixed or Intermediate Evidence,Prioritise engineering assessment using the SHAP-ranked sensor evidence and retrieved historical cases.,sensor_060,"sensor_060, sensor_104, sensor_126, sensor_288, sensor_130"
WF-001167,0,Pass,0.0475184686152613,Engineering Review,0.4311559612350711,0.5688440387649288,Very Familiar,Review with Supporting Historical Risk,Prioritise engineering assessment using the SHAP-ranked sensor evidence and retrieved historical cases.,sensor_034,"sensor_034, sensor_104, sensor_060, sensor_424, sensor_064"
WF-001368,0,Pass,0.0473835448352099,Engineering Review,0.3658752771980759,0.634124722801924,Unusual,Review Driven by Reliability Concern,Prioritise engineering assessment using the SHAP-ranked sensor evidence and retrieved historical cases.,sensor_478,"sensor_478, sensor_511, sensor_104, sensor_206, sensor_001"
WF-000708,0,Pass,0.0473835448352099,Engineering Review,0.4056680014932704,0.5943319985067296,Very Familiar,Mixed or Intermediate Evidence,Prioritise engineering assessment using the SHAP-ranked sensor evidence and retrieved historical cases.,sensor_342,"sensor_342, sensor_478, sensor_206, sensor_104, sensor_032"
WF-001238,0,Pass,0.0471455622287035,Engineering Review,0.3243291841309585,0.6756708158690414,Unusual,Review Driven by Reliability Concern,Prioritise engineering assessment using the SHAP-ranked sensor evidence and retrieved historical cases.,sensor_104,"sensor_104, sensor_060, sensor_181, sensor_214, sensor_206"
WF-000570,0,Pass,0.0470217662582769,Engineering Review,0.31371651860435,0.68628348139565,Familiar,Mixed or Intermediate Evidence,Prioritise engineering assessment using the SHAP-ranked sensor evidence and retrieved historical cases.,sensor_015,"sensor_015, sensor_478, sensor_104, sensor_032, sensor_206"
WF-000628,0,Pass,0.0463148261190744,Engineering Review,0.3493846219653509,0.6506153780346491,Familiar,Mixed or Intermediate Evidence,Prioritise engineering assessment using the SHAP-ranked sensor evidence and retrieved historical cases.,sensor_511,"sensor_511, sensor_153, sensor_060, sensor_426, sensor_589"
WF-001260,0,Pass,0.045878457633465,Engineering Review,0.2919330066343707,0.7080669933656293,Unusual,Review with Supporting Historical Risk,Prioritise engineering assessment using the SHAP-ranked sensor evidence and retrieved historical cases.,sensor_424,"sensor_424, sensor_104, sensor_125, sensor_478, sensor_060"
WF-001275,0,Pass,0.0451050242569556,Engineering Review,0.3071337688357471,0.6928662311642528,Unusual,Review Driven by Reliability Concern,Prioritise engineering assessment using the SHAP-ranked sensor evidence and retrieved historical cases.,sensor_478,"sensor_478, sensor_034, sensor_206, sensor_104, sensor_342"
WF-000679,0,Pass,0.0450651238955002,Engineering Review,0.3297198275954265,0.6702801724045735,Familiar,Mixed or Intermediate Evidence,Prioritise engineering assessment using the SHAP-ranked sensor evidence and retrieved historical cases.,sensor_034,"sensor_034, sensor_206, sensor_104, sensor_060, sensor_282"
WF-001163,0,Pass,0.044955538910332,Engineering Review,0.3894017945020204,0.6105982054979795,Familiar,Review with Supporting Historical Risk,Prioritise engineering assessment using the SHAP-ranked sensor evidence and retrieved historical cases.,sensor_104,"sensor_104, sensor_424, sensor_060, sensor_511, sensor_478"
WF-001157,0,Pass,0.0445785602112406,Engineering Review,0.3732563073354618,0.6267436926645382,Familiar,Mixed or Intermediate Evidence,Prioritise engineering assessment using the SHAP-ranked sensor evidence and retrieved historical cases.,sensor_104,"sensor_104, sensor_206, sensor_317, sensor_214, sensor_181"
WF-001395,0,Pass,0.0441058815076441,Engineering Review,0.419527199767479,0.580472800232521,Familiar,Review with Supporting Historical Risk,Prioritise engineering assessment using the SHAP-ranked sensor evidence and retrieved historical cases.,sensor_060,"sensor_060, sensor_065, sensor_104, sensor_478, sensor_317"
WF-000913,0,Pass,0.0440960754815834,Engineering Review,0.324533311277672,0.675466688722328,Very Familiar,Mixed or Intermediate Evidence,Prioritise engineering assessment using the SHAP-ranked sensor evidence and retrieved historical cases.,sensor_104,"sensor_104, sensor_511, sensor_478, sensor_206, sensor_214"
WF-001135,0,Pass,0.0434719913235208,Engineering Review,0.3151715767917133,0.6848284232082866,Unusual,Review Driven by Reliability Concern,Prioritise engineering assessment using the SHAP-ranked sensor evidence and retrieved historical cases.,sensor_104,"sensor_104, sensor_478, sensor_060, sensor_126, sensor_434"
WF-001139,0,Pass,0.0434429060618953,Engineering Review,0.3902777776441106,0.6097222223558894,Familiar,Mixed or Intermediate Evidence,Prioritise engineering assessment using the SHAP-ranked sensor evidence and retrieved historical cases.,sensor_104,"sensor_104, sensor_060, sensor_432, sensor_478, sensor_126"
WF-000367,0,Pass,0.0433363889036841,Engineering Review,0.3931030129803837,0.6068969870196163,Familiar,Mixed or Intermediate Evidence,Prioritise engineering assessment using the SHAP-ranked sensor evidence and retrieved historical cases.,sensor_060,"sensor_060, sensor_104, sensor_432, sensor_478, sensor_206"
WF-000793,0,Pass,0.0426441651253826,Engineering Review,0.3763474133504663,0.6236525866495337,Familiar,Mixed or Intermediate Evidence,Prioritise engineering assessment using the SHAP-ranked sensor evidence and retrieved historical cases.,sensor_206,"sensor_206, sensor_153, sensor_424, sensor_104, sensor_060"
WF-001296,0,Pass,0.0423677814160584,Engineering Review,0.4164477548165061,0.5835522451834938,Familiar,Review with Supporting Historical Risk,Prioritise engineering assessment using the SHAP-ranked sensor evidence and retrieved historical cases.,sensor_060,"sensor_060, sensor_104, sensor_478, sensor_511, sensor_317"
WF-000716,0,Pass,0.0420833264764579,Engineering Review,0.3159907752988998,0.6840092247011003,Unusual,Review Driven by Reliability Concern,Prioritise engineering assessment using the SHAP-ranked sensor evidence and retrieved historical cases.,sensor_034,"sensor_034, sensor_104, sensor_060, sensor_512, sensor_511"
WF-000766,0,Pass,0.042064415436513,Engineering Review,0.4095986056506893,0.5904013943493107,Unusual,Review with Supporting Historical Risk,Prioritise engineering assessment using the SHAP-ranked sensor evidence and retrieved historical cases.,sensor_104,"sensor_104, sensor_032, sensor_317, sensor_015, sensor_060"
WF-001378,0,Pass,0.0420455109646044,Engineering Review,0.4464688315967339,0.5535311684032661,Very Familiar,Mixed or Intermediate Evidence,Prioritise engineering assessment using the SHAP-ranked sensor evidence and retrieved historical cases.,sensor_060,"sensor_060, sensor_206, sensor_104, sensor_424, sensor_511"
WF-001107,0,Pass,0.0419699587227745,Engineering Review,0.3006197825364797,0.6993802174635203,Unusual,Review Driven by Reliability Concern,Prioritise engineering assessment using the SHAP-ranked sensor evidence and retrieved historical cases.,sensor_034,"sensor_034, sensor_424, sensor_104, sensor_015, sensor_060"
WF-001033,0,Pass,0.0418474101202156,Engineering Review,0.3995828351631742,0.6004171648368257,Familiar,Mixed or Intermediate Evidence,Prioritise engineering assessment using the SHAP-ranked sensor evidence and retrieved historical cases.,sensor_104,"sensor_104, sensor_478, sensor_060, sensor_206, sensor_432"
WF-000550,0,Pass,0.0414907756863708,Engineering Review,0.4090702180192634,0.5909297819807365,Very Familiar,Review with Supporting Historical Risk,Prioritise engineering assessment using the SHAP-ranked sensor evidence and retrieved historical cases.,sensor_034,"sensor_034, sensor_104, sensor_478, sensor_206, sensor_342"
WF-001050,0,Pass,0.041453372249273,Engineering Review,0.4163713865103184,0.5836286134896815,Very Familiar,Mixed or Intermediate Evidence,Prioritise engineering assessment using the SHAP-ranked sensor evidence and retrieved historical cases.,sensor_104,"sensor_104, sensor_342, sensor_060, sensor_432, sensor_214"
WF-001038,0,Pass,0.0409972899372134,Engineering Review,0.2909068411500524,0.7090931588499476,Unusual,Review Driven by Reliability Concern,Prioritise engineering assessment using the SHAP-ranked sensor evidence and retrieved historical cases.,sensor_104,"sensor_104, sensor_060, sensor_214, sensor_082, sensor_352"
WF-001104,0,Pass,0.0399966311958555,Engineering Review,0.3232012705564249,0.6767987294435751,Familiar,Mixed or Intermediate Evidence,Prioritise engineering assessment using the SHAP-ranked sensor evidence and retrieved historical cases.,sensor_104,"sensor_104, sensor_478, sensor_060, sensor_206, sensor_130"
WF-000777,0,Pass,0.039724556364075,Engineering Review,0.3745308132366495,0.6254691867633504,Familiar,Mixed or Intermediate Evidence,Prioritise engineering assessment using the SHAP-ranked sensor evidence and retrieved historical cases.,sensor_424,"sensor_424, sensor_064, sensor_104, sensor_060, sensor_563"
WF-000714,0,Pass,0.0395619978434222,Engineering Review,0.3306101769123682,0.6693898230876318,Outside Typical Historical Experience,Review Driven by Reliability Concern,Prioritise engineering assessment using the SHAP-ranked sensor evidence and retrieved historical cases.,sensor_104,"sensor_104, sensor_060, sensor_489, sensor_478, sensor_206"
WF-000667,0,Pass,0.0395349546921264,Engineering Review,0.3572446262853,0.6427553737147,Familiar,Mixed or Intermediate Evidence,Prioritise engineering assessment using the SHAP-ranked sensor evidence and retrieved historical cases.,sensor_104,"sensor_104, sensor_511, sensor_015, sensor_032, sensor_520"
WF-000706,0,Pass,0.0393909651156156,Engineering Review,0.3370818544214279,0.662918145578572,Unusual,Review Driven by Reliability Concern,Prioritise engineering assessment using the SHAP-ranked sensor evidence and retrieved historical cases.,sensor_032,"sensor_032, sensor_104, sensor_478, sensor_472, sensor_022"
WF-000869,0,Pass,0.039247380070933,Engineering Review,0.3751624804549761,0.6248375195450239,Familiar,Mixed or Intermediate Evidence,Prioritise engineering assessment using the SHAP-ranked sensor evidence and retrieved historical cases.,sensor_104,"sensor_104, sensor_153, sensor_478, sensor_206, sensor_060"
WF-000612,0,Pass,0.0391131357234496,Engineering Review,0.3010219408382711,0.6989780591617288,Unusual,Review Driven by Reliability Concern,Prioritise engineering assessment using the SHAP-ranked sensor evidence and retrieved historical cases.,sensor_478,"sensor_478, sensor_520, sensor_342, sensor_153, sensor_104"
WF-000534,0,Pass,0.038943601096623,Engineering Review,0.3686208205536819,0.6313791794463182,Familiar,Mixed or Intermediate Evidence,Prioritise engineering assessment using the SHAP-ranked sensor evidence and retrieved historical cases.,sensor_478,"sensor_478, sensor_206, sensor_104, sensor_342, sensor_060"
WF-000546,0,Pass,0.0387746331375065,Engineering Review,0.3485351562965452,0.6514648437034548,Unusual,Review Driven by Reliability Concern,Prioritise engineering assessment using the SHAP-ranked sensor evidence and retrieved historical cases.,sensor_317,"sensor_317, sensor_104, sensor_034, sensor_032, sensor_060"
WF-001523,0,Pass,0.0384031286879328,Engineering Review,0.3368290856426926,0.6631709143573075,Familiar,Mixed or Intermediate Evidence,Prioritise engineering assessment using the SHAP-ranked sensor evidence and retrieved historical cases.,sensor_060,"sensor_060, sensor_104, sensor_578, sensor_065, sensor_478"
WF-001391,0,Pass,0.0382096282185509,Engineering Review,0.377341960226815,0.622658039773185,Unusual,Review Driven by Reliability Concern,Prioritise engineering assessment using the SHAP-ranked sensor evidence and retrieved historical cases.,sensor_034,"sensor_034, sensor_104, sensor_126, sensor_478, sensor_206"
WF-000528,0,Pass,0.0381657557069309,Engineering Review,0.3510727691007168,0.6489272308992832,Unusual,Review Driven by Reliability Concern,Prioritise engineering assessment using the SHAP-ranked sensor evidence and retrieved historical cases.,sensor_104,"sensor_104, sensor_478, sensor_060, sensor_103, sensor_032"
WF-001432,0,Pass,0.0381043993429214,Engineering Review,0.4499336147056944,0.5500663852943055,Familiar,Mixed or Intermediate Evidence,Prioritise engineering assessment using the SHAP-ranked sensor evidence and retrieved historical cases.,sensor_034,"sensor_034, sensor_060, sensor_065, sensor_104, sensor_489"
WF-001397,0,Pass,0.0377204669258587,Engineering Review,0.2944655141160117,0.7055344858839883,Outside Typical Historical Experience,Review Driven by Reliability Concern,Prioritise engineering assessment using the SHAP-ranked sensor evidence and retrieved historical cases.,sensor_478,"sensor_478, sensor_342, sensor_206, sensor_060, sensor_104"
WF-001353,0,Pass,0.0374863500412216,Engineering Review,0.4511255989912256,0.5488744010087744,Very Familiar,Mixed or Intermediate Evidence,Prioritise engineering assessment using the SHAP-ranked sensor evidence and retrieved historical cases.,sensor_034,"sensor_034, sensor_104, sensor_060, sensor_201, sensor_511"
WF-000841,0,Pass,0.036893126597488,Engineering Review,0.3752414445889169,0.624758555411083,Familiar,Mixed or Intermediate Evidence,Prioritise engineering assessment using the SHAP-ranked sensor evidence and retrieved historical cases.,sensor_386,"sensor_386, sensor_034, sensor_104, sensor_478, sensor_206"
WF-001499,0,Pass,0.036773648363792,Engineering Review,0.3619206604975294,0.6380793395024705,Outside Typical Historical Experience,Review Driven by Reliability Concern,Prioritise engineering assessment using the SHAP-ranked sensor evidence and retrieved historical cases.,sensor_065,"sensor_065, sensor_060, sensor_104, sensor_317, sensor_511"
WF-000571,0,Pass,0.0365610341534805,Engineering Review,0.3405056071017188,0.6594943928982812,Unusual,Review Driven by Reliability Concern,Prioritise engineering assessment using the SHAP-ranked sensor evidence and retrieved historical cases.,sensor_104,"sensor_104, sensor_424, sensor_060, sensor_511, sensor_032"
WF-001367,0,Pass,0.0364254575704651,Engineering Review,0.4059332883259348,0.5940667116740652,Very Familiar,Mixed or Intermediate Evidence,Prioritise engineering assessment using the SHAP-ranked sensor evidence and retrieved historical cases.,sensor_104,"sensor_104, sensor_034, sensor_317, sensor_082, sensor_060"
WF-000973,0,Pass,0.0363493656581005,Engineering Review,0.436292671405241,0.5637073285947589,Very Familiar,Mixed or Intermediate Evidence,Prioritise engineering assessment using the SHAP-ranked sensor evidence and retrieved historical cases.,sensor_034,"sensor_034, sensor_511, sensor_104, sensor_060, sensor_214"
WF-000796,1,Fail,0.0361807096397845,Engineering Review,0.3687061014499476,0.6312938985500524,Unusual,Review with Supporting Historical Risk,Prioritise engineering assessment using the SHAP-ranked sensor evidence and retrieved historical cases.,sensor_104,"sensor_104, sensor_478, sensor_060, sensor_206, sensor_282"
WF-001032,0,Pass,0.0351566409644104,Engineering Review,0.4225728136607217,0.5774271863392784,Familiar,Mixed or Intermediate Evidence,Prioritise engineering assessment using the SHAP-ranked sensor evidence and retrieved historical cases.,sensor_104,"sensor_104, sensor_478, sensor_511, sensor_060, sensor_214"
WF-000877,0,Pass,0.0347794256432422,Low Risk,0.250089518194109,0.749910481805891,Unusual,Low-Risk Decision with Reliability Caution,Do not rely on automatic release alone. Verify the highlighted evidence before continuing.,sensor_104,"sensor_104, sensor_478, sensor_214, sensor_060, sensor_206"
WF-000659,0,Pass,0.0342839994440544,Low Risk,0.3777420476457422,0.6222579523542577,Very Familiar,Convergent Low-Risk Evidence,Continue processing under standard monitoring.,sensor_424,"sensor_424, sensor_060, sensor_104, sensor_032, sensor_489"
WF-000441,0,Pass,0.0337460924926869,Low Risk,0.3176316226706197,0.6823683773293803,Outside Typical Historical Experience,Low-Risk Decision with Reliability Caution,Do not rely on automatic release alone. Verify the highlighted evidence before continuing.,sensor_104,"sensor_104, sensor_015, sensor_060, sensor_034, sensor_478"
WF-001130,0,Pass,0.0334438967979777,Low Risk,0.3777399800584026,0.6222600199415973,Familiar,Low-Risk Decision with Limited Support,Continue processing under standard monitoring.,sensor_104,"sensor_104, sensor_317, sensor_060, sensor_015, sensor_511"
WF-000754,0,Pass,0.0333251808971113,Low Risk,0.3200004185615128,0.6799995814384872,Unusual,Low-Risk Decision with Reliability Caution,Do not rely on automatic release alone. Verify the highlighted evidence before continuing.,sensor_104,"sensor_104, sensor_511, sensor_206, sensor_032, sensor_432"
WF-001176,0,Pass,0.0331359064005779,Low Risk,0.3554022809060009,0.6445977190939991,Unusual,Low-Risk Decision with Reliability Caution,Do not rely on automatic release alone. Verify the highlighted evidence before continuing.,sensor_034,"sensor_034, sensor_104, sensor_317, sensor_060, sensor_511"
WF-001317,0,Pass,0.0331280378511453,Low Risk,0.382486646736081,0.617513353263919,Unusual,Low-Risk Decision with Reliability Caution,Do not rely on automatic release alone. Verify the highlighted evidence before continuing.,sensor_342,"sensor_342, sensor_104, sensor_317, sensor_060, sensor_181"
WF-001213,0,Pass,0.0329788067638946,Low Risk,0.4378155258859912,0.5621844741140087,Very Familiar,Convergent Low-Risk Evidence,Continue processing under standard monitoring.,sensor_181,"sensor_181, sensor_034, sensor_104, sensor_060, sensor_133"
WF-001354,0,Pass,0.0327598249483776,Low Risk,0.2905209992530018,0.7094790007469982,Outside Typical Historical Experience,Low-Risk Decision with Reliability Caution,Do not rely on automatic release alone. Verify the highlighted evidence before continuing.,sensor_060,"sensor_060, sensor_034, sensor_130, sensor_511, sensor_104"
WF-001006,0,Pass,0.0324334385598817,Low Risk,0.3797129555353371,0.6202870444646629,Familiar,Low-Risk Decision with Limited Support,Continue processing under standard monitoring.,sensor_104,"sensor_104, sensor_478, sensor_060, sensor_206, sensor_342"
WF-000531,0,Pass,0.0320711492468924,Low Risk,0.3796917872283974,0.6203082127716026,Familiar,Convergent Low-Risk Evidence,Continue processing under standard monitoring.,sensor_104,"sensor_104, sensor_478, sensor_214, sensor_032, sensor_476"
WF-001541,0,Pass,0.0320251230365045,Low Risk,0.3676310160536518,0.6323689839463482,Unusual,Low-Risk Decision with Historical Conflict,Do not rely on automatic release alone. Verify the highlighted evidence before continuing.,sensor_153,"sensor_153, sensor_214, sensor_104, sensor_181, sensor_352"
WF-000940,0,Pass,0.0319485248093627,Low Risk,0.3872302017918184,0.6127697982081816,Unusual,Low-Risk Decision with Historical Conflict,Do not rely on automatic release alone. Verify the highlighted evidence before continuing.,sensor_511,"sensor_511, sensor_104, sensor_060, sensor_214, sensor_386"
WF-000838,0,Pass,0.0318797060998321,Low Risk,0.3823936801169719,0.6176063198830282,Unusual,Low-Risk Decision with Reliability Caution,Do not rely on automatic release alone. Verify the highlighted evidence before continuing.,sensor_034,"sensor_034, sensor_104, sensor_478, sensor_511, sensor_548"
WF-001315,0,Pass,0.0316207451834414,Low Risk,0.3287210953139859,0.671278904686014,Unusual,Low-Risk Decision with Reliability Caution,Do not rely on automatic release alone. Verify the highlighted evidence before continuing.,sensor_034,"sensor_034, sensor_104, sensor_478, sensor_206, sensor_060"
WF-001185,0,Pass,0.0313558480806723,Low Risk,0.4581440231495723,0.5418559768504276,Very Familiar,Convergent Low-Risk Evidence,Continue processing under standard monitoring.,sensor_065,"sensor_065, sensor_060, sensor_066, sensor_015, sensor_104"
WF-001483,0,Pass,0.0310327247541021,Low Risk,0.3254772423126427,0.6745227576873574,Outside Typical Historical Experience,Low-Risk Decision with Reliability Caution,Do not rely on automatic release alone. Verify the highlighted evidence before continuing.,sensor_478,"sensor_478, sensor_206, sensor_104, sensor_060, sensor_131"
WF-001361,0,Pass,0.0309131434517018,Low Risk,0.4115538520744661,0.5884461479255338,Very Familiar,Low-Risk Decision with Limited Support,Continue processing under standard monitoring.,sensor_060,"sensor_060, sensor_104, sensor_512, sensor_082, sensor_478"
WF-001480,0,Pass,0.030779034803649,Low Risk,0.4681662015024021,0.5318337984975978,Familiar,Convergent Low-Risk Evidence,Continue processing under standard monitoring.,sensor_060,"sensor_060, sensor_104, sensor_214, sensor_478, sensor_103"
WF-001123,0,Pass,0.0306379573140376,Low Risk,0.3842612344307621,0.6157387655692379,Familiar,Low-Risk Decision with Limited Support,Continue processing under standard monitoring.,sensor_104,"sensor_104, sensor_060, sensor_424, sensor_478, sensor_432"
WF-001098,0,Pass,0.0300055477309219,Low Risk,0.3484749493115283,0.6515250506884717,Familiar,Convergent Low-Risk Evidence,Continue processing under standard monitoring.,sensor_104,"sensor_104, sensor_432, sensor_214, sensor_060, sensor_511"
WF-000948,0,Pass,0.0298163259809585,Low Risk,0.376250164166001,0.623749835833999,Unusual,Low-Risk Decision with Reliability Caution,Do not rely on automatic release alone. Verify the highlighted evidence before continuing.,sensor_424,"sensor_424, sensor_104, sensor_060, sensor_386, sensor_352"
WF-000957,0,Pass,0.0297655372257082,Low Risk,0.3309649652413883,0.6690350347586116,Outside Typical Historical Experience,Low-Risk Decision with Reliability Caution,Do not rely on automatic release alone. Verify the highlighted evidence before continuing.,sensor_060,"sensor_060, sensor_104, sensor_214, sensor_478, sensor_434"
WF-001564,0,Pass,0.0294693810101592,Low Risk,0.3174412366774775,0.6825587633225225,Unusual,Low-Risk Decision with Reliability Caution,Do not rely on automatic release alone. Verify the highlighted evidence before continuing.,sensor_060,"sensor_060, sensor_104, sensor_034, sensor_432, sensor_511"
WF-000960,0,Pass,0.0294046723208523,Low Risk,0.4341160917599598,0.5658839082400402,Familiar,Low-Risk Decision with Limited Support,Continue processing under standard monitoring.,sensor_153,"sensor_153, sensor_104, sensor_126, sensor_511, sensor_130"
WF-001059,0,Pass,0.0292397966553082,Low Risk,0.4496399023280234,0.5503600976719766,Familiar,Low-Risk Decision with Limited Support,Continue processing under standard monitoring.,sensor_104,"sensor_104, sensor_060, sensor_214, sensor_511, sensor_352"
WF-001544,0,Pass,0.0291397823757858,Low Risk,0.3787135250707951,0.6212864749292049,Unusual,Low-Risk Decision with Reliability Caution,Do not rely on automatic release alone. Verify the highlighted evidence before continuing.,sensor_104,"sensor_104, sensor_153, sensor_478, sensor_032, sensor_511"
WF-000513,0,Pass,0.0285030275934763,Low Risk,0.459680133209711,0.540319866790289,Very Familiar,Convergent Low-Risk Evidence,Continue processing under standard monitoring.,sensor_104,"sensor_104, sensor_511, sensor_015, sensor_060, sensor_389"
WF-001100,0,Pass,0.0283699642967726,Low Risk,0.4531587609690235,0.5468412390309765,Very Familiar,Convergent Low-Risk Evidence,Continue processing under standard monitoring.,sensor_104,"sensor_104, sensor_060, sensor_130, sensor_478, sensor_029"
WF-000709,0,Pass,0.0283070992209167,Low Risk,0.4622526594167971,0.537747340583203,Familiar,Convergent Low-Risk Evidence,Continue processing under standard monitoring.,sensor_478,"sensor_478, sensor_206, sensor_104, sensor_342, sensor_060"
WF-000818,0,Pass,0.0281330288721425,Low Risk,0.3894378725844454,0.6105621274155546,Unusual,Low-Risk Decision with Reliability Caution,Do not rely on automatic release alone. Verify the highlighted evidence before continuing.,sensor_424,"sensor_424, sensor_034, sensor_104, sensor_082, sensor_511"
WF-000630,0,Pass,0.0278699994602215,Low Risk,0.4951076853856093,0.5048923146143907,Very Familiar,Low-Risk Decision with Limited Support,Continue processing under standard monitoring.,sensor_060,"sensor_060, sensor_104, sensor_478, sensor_589, sensor_206"
WF-000968,0,Pass,0.0278010924165778,Low Risk,0.4422191986964867,0.5577808013035133,Familiar,Low-Risk Decision with Limited Support,Continue processing under standard monitoring.,sensor_342,"sensor_342, sensor_126, sensor_104, sensor_060, sensor_130"
WF-000605,0,Pass,0.0277391866556808,Low Risk,0.4500635305807434,0.5499364694192566,Very Familiar,Convergent Low-Risk Evidence,Continue processing under standard monitoring.,sensor_015,"sensor_015, sensor_060, sensor_104, sensor_478, sensor_282"
WF-000675,0,Pass,0.0274244105177695,Low Risk,0.4067563316476548,0.5932436683523452,Familiar,Convergent Low-Risk Evidence,Continue processing under standard monitoring.,sensor_104,"sensor_104, sensor_153, sensor_034, sensor_181, sensor_317"
WF-001500,0,Pass,0.0273699445319095,Low Risk,0.3551091042622691,0.6448908957377308,Outside Typical Historical Experience,Low-Risk Decision with Reliability Caution,Do not rely on automatic release alone. Verify the highlighted evidence before continuing.,sensor_060,"sensor_060, sensor_104, sensor_214, sensor_206, sensor_478"
WF-000863,0,Pass,0.0273019774078918,Low Risk,0.366494642523697,0.633505357476303,Unusual,Low-Risk Decision with Reliability Caution,Do not rely on automatic release alone. Verify the highlighted evidence before continuing.,sensor_104,"sensor_104, sensor_424, sensor_034, sensor_181, sensor_126"
WF-001190,1,Fail,0.0269371623680153,Low Risk,0.3997627210835821,0.6002372789164179,Familiar,Convergent Low-Risk Evidence,Continue processing under standard monitoring.,sensor_424,"sensor_424, sensor_153, sensor_034, sensor_104, sensor_214"
WF-001449,0,Pass,0.0267026885943025,Low Risk,0.3690663936816435,0.6309336063183565,Familiar,Convergent Low-Risk Evidence,Continue processing under standard monitoring.,sensor_034,"sensor_034, sensor_104, sensor_060, sensor_511, sensor_478"
WF-000629,0,Pass,0.0265960168206336,Low Risk,0.4011926030508802,0.5988073969491198,Familiar,Low-Risk Decision with Limited Support,Continue processing under standard monitoring.,sensor_060,"sensor_060, sensor_032, sensor_282, sensor_104, sensor_478"
WF-000974,0,Pass,0.0263637970331434,Low Risk,0.4233584013217353,0.5766415986782647,Very Familiar,Low-Risk Decision with Limited Support,Continue processing under standard monitoring.,sensor_104,"sensor_104, sensor_060, sensor_511, sensor_131, sensor_126"
WF-001447,0,Pass,0.0256892989555889,Low Risk,0.297932851520824,0.7020671484791761,Outside Typical Historical Experience,Low-Risk Decision with Reliability Caution,Do not rely on automatic release alone. Verify the highlighted evidence before continuing.,sensor_104,"sensor_104, sensor_082, sensor_478, sensor_060, sensor_206"
WF-001124,0,Pass,0.0256633708061988,Insufficient Evidence,0.3334313306030296,0.6665686693969703,Outside Typical Historical Experience,Insufficient Evidence,Repeat or verify available measurements and obtain engineering review before making a release decision.,sensor_104,"sensor_104, sensor_015, sensor_060, sensor_511, sensor_434"
WF-001074,0,Pass,0.0255857049947101,Low Risk,0.4411518393451659,0.5588481606548341,Familiar,Convergent Low-Risk Evidence,Continue processing under standard monitoring.,sensor_104,"sensor_104, sensor_060, sensor_478, sensor_214, sensor_130"
WF-000338,0,Pass,0.0253537726731054,Low Risk,0.3567795353907665,0.6432204646092334,Unusual,Low-Risk Decision with Reliability Caution,Do not rely on automatic release alone. Verify the highlighted evidence before continuing.,sensor_206,"sensor_206, sensor_342, sensor_104, sensor_511, sensor_032"
WF-001475,0,Pass,0.0252320060344618,Low Risk,0.4319471021317037,0.5680528978682963,Familiar,Convergent Low-Risk Evidence,Continue processing under standard monitoring.,sensor_060,"sensor_060, sensor_104, sensor_082, sensor_489, sensor_317"
WF-000821,0,Pass,0.025142566193286,Low Risk,0.3904849003786423,0.6095150996213576,Familiar,Low-Risk Decision with Historical Conflict,Do not rely on automatic release alone. Verify the highlighted evidence before continuing.,sensor_511,"sensor_511, sensor_034, sensor_104, sensor_201, sensor_378"
WF-001425,0,Pass,0.0249580594212095,Low Risk,0.4308631501910098,0.5691368498089902,Familiar,Low-Risk Decision with Limited Support,Continue processing under standard monitoring.,sensor_034,"sensor_034, sensor_104, sensor_181, sensor_317, sensor_434"
WF-000990,0,Pass,0.0247430443724499,Low Risk,0.4632096323246942,0.5367903676753059,Very Familiar,Low-Risk Decision with Limited Support,Continue processing under standard monitoring.,sensor_034,"sensor_034, sensor_104, sensor_060, sensor_126, sensor_214"
WF-000554,0,Pass,0.02463606235205,Low Risk,0.4837253992009918,0.5162746007990082,Very Familiar,Convergent Low-Risk Evidence,Continue processing under standard monitoring.,sensor_214,"sensor_214, sensor_206, sensor_104, sensor_352, sensor_060"
WF-000726,0,Pass,0.0244293874887086,Low Risk,0.3836933107337407,0.6163066892662593,Unusual,Low-Risk Decision with Reliability Caution,Do not rely on automatic release alone. Verify the highlighted evidence before continuing.,sensor_478,"sensor_478, sensor_206, sensor_104, sensor_342, sensor_060"
WF-001352,0,Pass,0.0243545580369474,Low Risk,0.3882031531772644,0.6117968468227356,Unusual,Low-Risk Decision with Reliability Caution,Do not rely on automatic release alone. Verify the highlighted evidence before continuing.,sensor_104,"sensor_104, sensor_034, sensor_060, sensor_130, sensor_478"
WF-001454,0,Pass,0.0243358776993061,Low Risk,0.3806601133161633,0.6193398866838367,Familiar,Low-Risk Decision with Historical Conflict,Do not rely on automatic release alone. Verify the highlighted evidence before continuing.,sensor_478,"sensor_478, sensor_206, sensor_104, sensor_342, sensor_060"
WF-001566,0,Pass,0.0237743521976791,Low Risk,0.4466011426500669,0.5533988573499331,Familiar,Low-Risk Decision with Historical Conflict,Do not rely on automatic release alone. Verify the highlighted evidence before continuing.,sensor_511,"sensor_511, sensor_034, sensor_282, sensor_181, sensor_317"
WF-001433,0,Pass,0.023658352782628,Low Risk,0.419774992239957,0.5802250077600429,Familiar,Convergent Low-Risk Evidence,Continue processing under standard monitoring.,sensor_034,"sensor_034, sensor_478, sensor_104, sensor_060, sensor_214"
WF-000955,0,Pass,0.0234881832990537,Low Risk,0.3613041215340428,0.6386958784659571,Outside Typical Historical Experience,Low-Risk Decision with Reliability Caution,Do not rely on automatic release alone. Verify the highlighted evidence before continuing.,sensor_153,"sensor_153, sensor_104, sensor_032, sensor_511, sensor_060"
WF-001346,0,Pass,0.0232767682877164,Low Risk,0.4452342098243039,0.554765790175696,Very Familiar,Low-Risk Decision with Historical Conflict,Do not rely on automatic release alone. Verify the highlighted evidence before continuing.,sensor_034,"sensor_034, sensor_104, sensor_317, sensor_432, sensor_201"
WF-000888,0,Pass,0.0231805995380912,Low Risk,0.4401252905186626,0.5598747094813373,Familiar,Convergent Low-Risk Evidence,Continue processing under standard monitoring.,sensor_034,"sensor_034, sensor_104, sensor_060, sensor_126, sensor_214"
WF-000456,0,Pass,0.0231566041013922,Low Risk,0.3845322122283467,0.6154677877716532,Unusual,Low-Risk Decision with Historical Conflict,Do not rely on automatic release alone. Verify the highlighted evidence before continuing.,sensor_206,"sensor_206, sensor_478, sensor_104, sensor_034, sensor_342"
WF-001473,0,Pass,0.0228641726482831,Low Risk,0.4096382129639181,0.5903617870360819,Unusual,Low-Risk Decision with Historical Conflict,Do not rely on automatic release alone. Verify the highlighted evidence before continuing.,sensor_104,"sensor_104, sensor_432, sensor_060, sensor_548, sensor_578"
WF-000622,0,Pass,0.0223167881014539,Low Risk,0.3571248136412773,0.6428751863587227,Unusual,Low-Risk Decision with Reliability Caution,Do not rely on automatic release alone. Verify the highlighted evidence before continuing.,sensor_034,"sensor_034, sensor_104, sensor_478, sensor_060, sensor_206"
WF-000873,0,Pass,0.0219285744454393,Low Risk,0.4162618684864302,0.5837381315135698,Very Familiar,Convergent Low-Risk Evidence,Continue processing under standard monitoring.,sensor_511,"sensor_511, sensor_478, sensor_104, sensor_034, sensor_214"
WF-000904,0,Pass,0.0219170643882636,Low Risk,0.4218171175651102,0.5781828824348898,Familiar,Convergent Low-Risk Evidence,Continue processing under standard monitoring.,sensor_104,"sensor_104, sensor_060, sensor_214, sensor_511, sensor_131"
WF-001542,0,Pass,0.0218768148533152,Low Risk,0.4429190097641921,0.5570809902358079,Familiar,Convergent Low-Risk Evidence,Continue processing under standard monitoring.,sensor_153,"sensor_153, sensor_034, sensor_060, sensor_104, sensor_214"
WF-001143,0,Pass,0.0214773592737084,Low Risk,0.383026252222064,0.616973747777936,Familiar,Convergent Low-Risk Evidence,Continue processing under standard monitoring.,sensor_104,"sensor_104, sensor_060, sensor_478, sensor_317, sensor_181"
WF-000819,0,Pass,0.0213473101017144,Low Risk,0.4150483504384761,0.5849516495615239,Familiar,Low-Risk Decision with Limited Support,Continue processing under standard monitoring.,sensor_104,"sensor_104, sensor_424, sensor_511, sensor_060, sensor_214"
WF-000866,0,Pass,0.0205299903912706,Low Risk,0.4777586087653737,0.5222413912346262,Very Familiar,Convergent Low-Risk Evidence,Continue processing under standard monitoring.,sensor_104,"sensor_104, sensor_034, sensor_060, sensor_478, sensor_214"
WF-001412,0,Pass,0.0201329162075677,Low Risk,0.4678543914121259,0.5321456085878741,Familiar,Low-Risk Decision with Limited Support,Continue processing under standard monitoring.,sensor_060,"sensor_060, sensor_065, sensor_104, sensor_082, sensor_034"
WF-001526,0,Pass,0.0198803182261642,Low Risk,0.396667687316871,0.6033323126831289,Outside Typical Historical Experience,Low-Risk Decision with Reliability Caution,Do not rely on automatic release alone. Verify the highlighted evidence before continuing.,sensor_034,"sensor_034, sensor_104, sensor_214, sensor_060, sensor_131"
WF-000749,0,Pass,0.0194137338011722,Low Risk,0.4919321855345954,0.5080678144654046,Very Familiar,Convergent Low-Risk Evidence,Continue processing under standard monitoring.,sensor_034,"sensor_034, sensor_104, sensor_060, sensor_282, sensor_511"
WF-000727,0,Pass,0.0192826831941094,Low Risk,0.5023158666742495,0.4976841333257504,Very Familiar,Convergent Low-Risk Evidence,Continue processing under standard monitoring.,sensor_034,"sensor_034, sensor_342, sensor_060, sensor_104, sensor_032"
WF-001355,0,Pass,0.0186270885350573,Low Risk,0.3206041934136843,0.6793958065863157,Unusual,Low-Risk Decision with Reliability Caution,Do not rely on automatic release alone. Verify the highlighted evidence before continuing.,sensor_104,"sensor_104, sensor_060, sensor_317, sensor_478, sensor_511"
WF-001530,0,Pass,0.0186067130995502,Low Risk,0.3980195100743661,0.6019804899256339,Unusual,Low-Risk Decision with Reliability Caution,Do not rely on automatic release alone. Verify the highlighted evidence before continuing.,sensor_104,"sensor_104, sensor_511, sensor_032, sensor_060, sensor_034"
WF-001151,0,Pass,0.0184493647110867,Low Risk,0.3692702494923044,0.6307297505076956,Unusual,Low-Risk Decision with Reliability Caution,Do not rely on automatic release alone. Verify the highlighted evidence before continuing.,sensor_104,"sensor_104, sensor_034, sensor_317, sensor_060, sensor_282"
WF-001494,0,Pass,0.0183735844336359,Low Risk,0.4280227544636211,0.5719772455363789,Familiar,Low-Risk Decision with Limited Support,Continue processing under standard monitoring.,sensor_104,"sensor_104, sensor_060, sensor_478, sensor_032, sensor_206"
WF-001443,0,Pass,0.0181476305780483,Low Risk,0.4584951295218503,0.5415048704781498,Familiar,Low-Risk Decision with Limited Support,Continue processing under standard monitoring.,sensor_034,"sensor_034, sensor_214, sensor_104, sensor_032, sensor_352"
WF-000713,0,Pass,0.017998145378469,Low Risk,0.4262656180604821,0.5737343819395179,Very Familiar,Low-Risk Decision with Limited Support,Continue processing under standard monitoring.,sensor_060,"sensor_060, sensor_104, sensor_034, sensor_032, sensor_478"
WF-001005,0,Pass,0.0174044761498418,Low Risk,0.5129151645928662,0.4870848354071337,Very Familiar,Convergent Low-Risk Evidence,Continue processing under standard monitoring.,sensor_060,"sensor_060, sensor_104, sensor_214, sensor_511, sensor_206"
WF-001434,0,Pass,0.0166559513486499,Low Risk,0.4554073052708653,0.5445926947291346,Very Familiar,Low-Risk Decision with Limited Support,Continue processing under standard monitoring.,sensor_104,"sensor_104, sensor_478, sensor_060, sensor_206, sensor_034"
WF-000931,0,Pass,0.0165529979837179,Low Risk,0.4253630165164818,0.5746369834835182,Familiar,Low-Risk Decision with Historical Conflict,Do not rely on automatic release alone. Verify the highlighted evidence before continuing.,sensor_153,"sensor_153, sensor_104, sensor_034, sensor_060, sensor_126"
WF-001440,0,Pass,0.0165250016048479,Low Risk,0.4762158040410568,0.5237841959589431,Familiar,Low-Risk Decision with Limited Support,Continue processing under standard monitoring.,sensor_104,"sensor_104, sensor_034, sensor_060, sensor_317, sensor_181"
WF-001442,0,Pass,0.0162653857813916,Low Risk,0.4280218008224004,0.5719781991775996,Familiar,Low-Risk Decision with Historical Conflict,Do not rely on automatic release alone. Verify the highlighted evidence before continuing.,sensor_104,"sensor_104, sensor_034, sensor_060, sensor_029, sensor_511"
WF-000715,0,Pass,0.0161458792290348,Low Risk,0.4963410097912662,0.5036589902087338,Very Familiar,Convergent Low-Risk Evidence,Continue processing under standard monitoring.,sensor_511,"sensor_511, sensor_104, sensor_214, sensor_060, sensor_015"
WF-001467,0,Pass,0.0158861525010141,Low Risk,0.376714908862755,0.623285091137245,Unusual,Low-Risk Decision with Reliability Caution,Do not rely on automatic release alone. Verify the highlighted evidence before continuing.,sensor_104,"sensor_104, sensor_317, sensor_511, sensor_034, sensor_060"
WF-001487,0,Pass,0.015831868315119,Low Risk,0.4202069249977919,0.5797930750022081,Unusual,Low-Risk Decision with Reliability Caution,Do not rely on automatic release alone. Verify the highlighted evidence before continuing.,sensor_060,"sensor_060, sensor_104, sensor_478, sensor_082, sensor_511"
WF-000694,0,Pass,0.0156205708782122,Low Risk,0.4454883602345935,0.5545116397654064,Very Familiar,Convergent Low-Risk Evidence,Continue processing under standard monitoring.,sensor_511,"sensor_511, sensor_060, sensor_104, sensor_478, sensor_206"
WF-001478,0,Pass,0.0155714199198236,Low Risk,0.4198554310764847,0.5801445689235152,Unusual,Low-Risk Decision with Reliability Caution,Do not rely on automatic release alone. Verify the highlighted evidence before continuing.,sensor_478,"sensor_478, sensor_206, sensor_342, sensor_104, sensor_060"
WF-000933,0,Pass,0.0147788975616677,Low Risk,0.4163660018009877,0.5836339981990122,Familiar,Low-Risk Decision with Historical Conflict,Do not rely on automatic release alone. Verify the highlighted evidence before continuing.,sensor_104,"sensor_104, sensor_126, sensor_060, sensor_520, sensor_130"
WF-001099,0,Pass,0.0144297908565783,Low Risk,0.4665405955140928,0.5334594044859071,Familiar,Convergent Low-Risk Evidence,Continue processing under standard monitoring.,sensor_424,"sensor_424, sensor_214, sensor_478, sensor_104, sensor_060"
WF-000817,0,Pass,0.0128786301620683,Low Risk,0.4983764598821812,0.5016235401178188,Familiar,Low-Risk Decision with Historical Conflict,Do not rely on automatic release alone. Verify the highlighted evidence before continuing.,sensor_034,"sensor_034, sensor_104, sensor_511, sensor_060, sensor_082"
WF-000937,0,Pass,0.0128631040847779,Low Risk,0.4215053426564173,0.5784946573435826,Unusual,Low-Risk Decision with Reliability Caution,Do not rely on automatic release alone. Verify the highlighted evidence before continuing.,sensor_060,"sensor_060, sensor_478, sensor_104, sensor_206, sensor_126"
WF-001479,0,Pass,0.0127124392248786,Low Risk,0.4389320155956159,0.5610679844043841,Unusual,Low-Risk Decision with Reliability Caution,Do not rely on automatic release alone. Verify the highlighted evidence before continuing.,sensor_104,"sensor_104, sensor_317, sensor_214, sensor_352, sensor_181"
WF-000616,0,Pass,0.0122494254630322,Low Risk,0.4978736563832621,0.5021263436167378,Very Familiar,Convergent Low-Risk Evidence,Continue processing under standard monitoring.,sensor_511,"sensor_511, sensor_104, sensor_214, sensor_060, sensor_352"
WF-000851,0,Pass,0.0113072610572929,Low Risk,0.4724868265345221,0.5275131734654779,Familiar,Convergent Low-Risk Evidence,Continue processing under standard monitoring.,sensor_478,"sensor_478, sensor_104, sensor_206, sensor_034, sensor_060"
WF-000812,0,Pass,0.0113072610572929,Low Risk,0.5164028914291944,0.4835971085708056,Very Familiar,Convergent Low-Risk Evidence,Continue processing under standard monitoring.,sensor_034,"sensor_034, sensor_104, sensor_214, sensor_060, sensor_352"
WF-001529,0,Pass,0.0107147518487837,Low Risk,0.4278747317833328,0.5721252682166672,Outside Typical Historical Experience,Low-Risk Decision with Historical Conflict,Do not rely on automatic release alone. Verify the highlighted evidence before continuing.,sensor_214,"sensor_214, sensor_317, sensor_104, sensor_282, sensor_181"
WF-000947,0,Pass,0.0097998114632629,Low Risk,0.4651473350765884,0.5348526649234115,Familiar,Low-Risk Decision with Limited Support,Continue processing under standard monitoring.,sensor_104,"sensor_104, sensor_478, sensor_511, sensor_060, sensor_206"
WF-000908,0,Pass,0.0092964306760435,Low Risk,0.5398253196835927,0.4601746803164073,Very Familiar,Convergent Low-Risk Evidence,Continue processing under standard monitoring.,sensor_104,"sensor_104, sensor_060, sensor_034, sensor_511, sensor_512"
WF-001492,0,Pass,0.0086214682717125,Low Risk,0.4423302907381796,0.5576697092618204,Outside Typical Historical Experience,Low-Risk Decision with Reliability Caution,Do not rely on automatic release alone. Verify the highlighted evidence before continuing.,sensor_104,"sensor_104, sensor_434, sensor_317, sensor_511, sensor_432"
WF-001422,0,Pass,0.0084168674729297,Low Risk,0.4775211550519335,0.5224788449480664,Very Familiar,Low-Risk Decision with Limited Support,Continue processing under standard monitoring.,sensor_060,"sensor_060, sensor_104, sensor_317, sensor_034, sensor_103"
WF-000731,0,Pass,0.0046567560809824,Low Risk,0.5468644478043551,0.4531355521956449,Familiar,Low-Risk Decision with Limited Support,Continue processing under standard monitoring.,sensor_214,"sensor_214, sensor_060, sensor_511, sensor_104, sensor_352"
