threshold,recall_fail,precision_fail,f1_fail,balanced_accuracy,true_negative,false_positive,false_negative,true_positive,false_alarms_per_detected_failure,operational_cost,model
0.005,1.0,0.06624102154828412,0.12425149700598802,0.5,0,1170,0,83,14.096385542168674,1170.0,Baseline Balanced Random Forest
0.01,1.0,0.06624102154828412,0.12425149700598802,0.5,0,1170,0,83,14.096385542168674,1170.0,Baseline Balanced Random Forest
0.015,1.0,0.06624102154828412,0.12425149700598802,0.5,0,1170,0,83,14.096385542168674,1170.0,Baseline Balanced Random Forest
0.02,1.0,0.06624102154828412,0.12425149700598802,0.5,0,1170,0,83,14.096385542168674,1170.0,Baseline Balanced Random Forest
0.025,1.0,0.06624102154828412,0.12425149700598802,0.5,0,1170,0,83,14.096385542168674,1170.0,Baseline Balanced Random Forest
0.03,1.0,0.06624102154828412,0.12425149700598802,0.5,0,1170,0,83,14.096385542168674,1170.0,Baseline Balanced Random Forest
0.035,1.0,0.06624102154828412,0.12425149700598802,0.5,0,1170,0,83,14.096385542168674,1170.0,Baseline Balanced Random Forest
0.04,1.0,0.06624102154828412,0.12425149700598802,0.5,0,1170,0,83,14.096385542168674,1170.0,Baseline Balanced Random Forest
0.045,1.0,0.06624102154828412,0.12425149700598802,0.5,0,1170,0,83,14.096385542168674,1170.0,Baseline Balanced Random Forest
0.05,1.0,0.06624102154828412,0.12425149700598802,0.5,0,1170,0,83,14.096385542168674,1170.0,Baseline Balanced Random Forest
0.055,1.0,0.06624102154828412,0.12425149700598802,0.5,0,1170,0,83,14.096385542168674,1170.0,Baseline Balanced Random Forest
0.06,1.0,0.06624102154828412,0.12425149700598802,0.5,0,1170,0,83,14.096385542168674,1170.0,Baseline Balanced Random Forest
0.065,1.0,0.06624102154828412,0.12425149700598802,0.5,0,1170,0,83,14.096385542168674,1170.0,Baseline Balanced Random Forest
0.07,1.0,0.06624102154828412,0.12425149700598802,0.5,0,1170,0,83,14.096385542168674,1170.0,Baseline Balanced Random Forest
0.075,1.0,0.06624102154828412,0.12425149700598802,0.5,0,1170,0,83,14.096385542168674,1170.0,Baseline Balanced Random Forest
0.08,1.0,0.06624102154828412,0.12425149700598802,0.5,0,1170,0,83,14.096385542168674,1170.0,Baseline Balanced Random Forest
0.085,1.0,0.06624102154828412,0.12425149700598802,0.5,0,1170,0,83,14.096385542168674,1170.0,Baseline Balanced Random Forest
0.09,1.0,0.06624102154828412,0.12425149700598802,0.5,0,1170,0,83,14.096385542168674,1170.0,Baseline Balanced Random Forest
0.095,1.0,0.06624102154828412,0.12425149700598802,0.5,0,1170,0,83,14.096385542168674,1170.0,Baseline Balanced Random Forest
0.1,1.0,0.06624102154828412,0.12425149700598802,0.5,0,1170,0,83,14.096385542168674,1170.0,Baseline Balanced Random Forest
0.105,1.0,0.06624102154828412,0.12425149700598802,0.5,0,1170,0,83,14.096385542168674,1170.0,Baseline Balanced Random Forest
0.11,1.0,0.06624102154828412,0.12425149700598802,0.5,0,1170,0,83,14.096385542168674,1170.0,Baseline Balanced Random Forest
0.115,1.0,0.06624102154828412,0.12425149700598802,0.5,0,1170,0,83,14.096385542168674,1170.0,Baseline Balanced Random Forest
0.12,1.0,0.06624102154828412,0.12425149700598802,0.5,0,1170,0,83,14.096385542168674,1170.0,Baseline Balanced Random Forest
0.125,1.0,0.06624102154828412,0.12425149700598802,0.5,0,1170,0,83,14.096385542168674,1170.0,Baseline Balanced Random Forest
0.13,1.0,0.06624102154828412,0.12425149700598802,0.5,0,1170,0,83,14.096385542168674,1170.0,Baseline Balanced Random Forest
0.135,1.0,0.06624102154828412,0.12425149700598802,0.5,0,1170,0,83,14.096385542168674,1170.0,Baseline Balanced Random Forest
0.14,1.0,0.06624102154828412,0.12425149700598802,0.5,0,1170,0,83,14.096385542168674,1170.0,Baseline Balanced Random Forest
0.145,1.0,0.06624102154828412,0.12425149700598802,0.5,0,1170,0,83,14.096385542168674,1170.0,Baseline Balanced Random Forest
0.15,1.0,0.06624102154828412,0.12425149700598802,0.5,0,1170,0,83,14.096385542168674,1170.0,Baseline Balanced Random Forest
0.155,1.0,0.06624102154828412,0.12425149700598802,0.5,0,1170,0,83,14.096385542168674,1170.0,Baseline Balanced Random Forest
0.16,1.0,0.06624102154828412,0.12425149700598802,0.5,0,1170,0,83,14.096385542168674,1170.0,Baseline Balanced Random Forest
0.165,1.0,0.06624102154828412,0.12425149700598802,0.5,0,1170,0,83,14.096385542168674,1170.0,Baseline Balanced Random Forest
0.17,1.0,0.06624102154828412,0.12425149700598802,0.5,0,1170,0,83,14.096385542168674,1170.0,Baseline Balanced Random Forest
0.17500000000000002,1.0,0.06624102154828412,0.12425149700598802,0.5,0,1170,0,83,14.096385542168674,1170.0,Baseline Balanced Random Forest
0.18,1.0,0.06624102154828412,0.12425149700598802,0.5,0,1170,0,83,14.096385542168674,1170.0,Baseline Balanced Random Forest
0.185,1.0,0.06624102154828412,0.12425149700598802,0.5,0,1170,0,83,14.096385542168674,1170.0,Baseline Balanced Random Forest
0.19,1.0,0.06624102154828412,0.12425149700598802,0.5,0,1170,0,83,14.096385542168674,1170.0,Baseline Balanced Random Forest
0.195,1.0,0.06624102154828412,0.12425149700598802,0.5,0,1170,0,83,14.096385542168674,1170.0,Baseline Balanced Random Forest
0.2,1.0,0.06624102154828412,0.12425149700598802,0.5,0,1170,0,83,14.096385542168674,1170.0,Baseline Balanced Random Forest
0.20500000000000002,1.0,0.06634692246203037,0.12443778110944528,0.5008547008547009,2,1168,0,83,14.072289156626505,1168.0,Baseline Balanced Random Forest
0.21,1.0,0.0664,0.1245311327831958,0.5012820512820513,3,1167,0,83,14.060240963855422,1167.0,Baseline Balanced Random Forest
0.215,1.0,0.0664,0.1245311327831958,0.5012820512820513,3,1167,0,83,14.060240963855422,1167.0,Baseline Balanced Random Forest
0.22,1.0,0.0664,0.1245311327831958,0.5012820512820513,3,1167,0,83,14.060240963855422,1167.0,Baseline Balanced Random Forest
0.225,1.0,0.06655974338412189,0.12481203007518797,0.5025641025641026,6,1164,0,83,14.024096385542169,1164.0,Baseline Balanced Random Forest
0.23,1.0,0.06672025723472669,0.12509419743782968,0.5038461538461538,9,1161,0,83,13.987951807228916,1161.0,Baseline Balanced Random Forest
0.23500000000000001,1.0,0.06688154713940371,0.12537764350453173,0.5051282051282051,12,1158,0,83,13.951807228915662,1158.0,Baseline Balanced Random Forest
0.24,1.0,0.06726094003241491,0.126044039483675,0.5081196581196581,19,1151,0,83,13.867469879518072,1151.0,Baseline Balanced Random Forest
0.245,1.0,0.06747967479674796,0.12642802741812642,0.5098290598290598,23,1147,0,83,13.819277108433734,1147.0,Baseline Balanced Random Forest
0.25,1.0,0.06781045751633986,0.12700841622035194,0.5123931623931623,29,1141,0,83,13.74698795180723,1141.0,Baseline Balanced Random Forest
0.255,1.0,0.06842539159109645,0.12808641975308643,0.5170940170940171,40,1130,0,83,13.614457831325302,1130.0,Baseline Balanced Random Forest
0.26,1.0,0.06910907577019151,0.1292834890965732,0.5222222222222223,52,1118,0,83,13.46987951807229,1118.0,Baseline Balanced Random Forest
0.265,1.0,0.06974789915966387,0.13040062843676356,0.5269230769230769,63,1107,0,83,13.337349397590362,1107.0,Baseline Balanced Random Forest
0.27,1.0,0.07033898305084746,0.13143309580364212,0.5311965811965812,73,1097,0,83,13.216867469879517,1097.0,Baseline Balanced Random Forest
0.275,1.0,0.0714900947459087,0.13344051446945338,0.5393162393162393,92,1078,0,83,12.987951807228916,1078.0,Baseline Balanced Random Forest
0.28,1.0,0.0726159230096238,0.13539967373572595,0.5470085470085471,110,1060,0,83,12.771084337349398,1060.0,Baseline Balanced Random Forest
0.28500000000000003,1.0,0.07351638618246235,0.13696369636963696,0.552991452991453,124,1046,0,83,12.602409638554217,1046.0,Baseline Balanced Random Forest
0.29,1.0,0.07518115942028986,0.13984835720303285,0.5636752136752137,149,1021,0,83,12.301204819277109,1021.0,Baseline Balanced Random Forest
0.295,1.0,0.07642725598526703,0.1420017108639863,0.5713675213675213,167,1003,0,83,12.08433734939759,1003.0,Baseline Balanced Random Forest
0.3,0.963855421686747,0.07554296506137866,0.14010507880910683,0.5635516424673052,191,979,3,80,12.2375,1009.0,Baseline Balanced Random Forest
0.305,0.963855421686747,0.07751937984496124,0.14349775784753363,0.5750901040057667,218,952,3,80,11.9,982.0,Baseline Balanced Random Forest
0.31,0.963855421686747,0.07976071784646062,0.14732965009208104,0.587483266398929,247,923,3,80,11.5375,953.0,Baseline Balanced Random Forest
0.315,0.963855421686747,0.08163265306122448,0.15051740357478832,0.5973123262279889,270,900,3,80,11.25,930.0,Baseline Balanced Random Forest
0.32,0.9518072289156626,0.08315789473684211,0.15295256534365925,0.603681392235609,299,871,4,79,11.025316455696203,911.0,Baseline Balanced Random Forest
0.325,0.9397590361445783,0.08469055374592833,0.1553784860557769,0.6096231078158789,327,843,5,78,10.807692307692308,893.0,Baseline Balanced Random Forest
0.33,0.9156626506024096,0.08646188850967008,0.158004158004158,0.6146689321388117,367,803,7,76,10.56578947368421,873.0,Baseline Balanced Random Forest
0.335,0.891566265060241,0.08695652173913043,0.15845824411134904,0.6137318504788384,393,777,9,74,10.5,867.0,Baseline Balanced Random Forest
0.34,0.8795180722891566,0.0897908979089791,0.16294642857142858,0.623519719905262,430,740,10,73,10.136986301369863,840.0,Baseline Balanced Random Forest
0.34500000000000003,0.8795180722891566,0.09346991037131883,0.16898148148148148,0.6371949335804757,462,708,10,73,9.698630136986301,808.0,Baseline Balanced Random Forest
0.35000000000000003,0.8674698795180723,0.09703504043126684,0.17454545454545456,0.6474101534342498,500,670,11,72,9.305555555555555,780.0,Baseline Balanced Random Forest
0.355,0.8554216867469879,0.10128388017118402,0.18112244897959184,0.6584800741427248,540,630,12,71,8.873239436619718,750.0,Baseline Balanced Random Forest
0.36,0.8554216867469879,0.10456553755522828,0.18635170603674542,0.6678817835444342,562,608,12,71,8.56338028169014,728.0,Baseline Balanced Random Forest
0.365,0.8554216867469879,0.11059190031152648,0.19586206896551725,0.6836937493563999,599,571,12,71,8.04225352112676,691.0,Baseline Balanced Random Forest
0.37,0.8554216867469879,0.11620294599018004,0.20461095100864554,0.6969416126042631,630,540,12,71,7.605633802816901,660.0,Baseline Balanced Random Forest
0.375,0.8192771084337349,0.11992945326278659,0.20923076923076922,0.6963906909690042,671,499,15,68,7.338235294117647,649.0,Baseline Balanced Random Forest
0.38,0.7831325301204819,0.12037037037037036,0.2086677367576244,0.688574812068788,695,475,18,65,7.3076923076923075,655.0,Baseline Balanced Random Forest
0.385,0.7710843373493976,0.12549019607843137,0.21585160202360876,0.6949438780764082,724,446,19,64,6.96875,636.0,Baseline Balanced Random Forest
0.39,0.7469879518072289,0.12836438923395446,0.21908127208480566,0.6935794459890845,749,421,21,62,6.790322580645161,631.0,Baseline Balanced Random Forest
0.395,0.7349397590361446,0.13260869565217392,0.22467771639042358,0.6969570590052518,771,399,22,61,6.540983606557377,619.0,Baseline Balanced Random Forest
0.4,0.6867469879518072,0.1347517730496454,0.22529644268774704,0.6869632375656471,804,366,26,57,6.421052631578948,626.0,Baseline Balanced Random Forest
0.405,0.6385542168674698,0.13316582914572864,0.2203742203742204,0.6718412109978376,825,345,30,53,6.509433962264151,645.0,Baseline Balanced Random Forest
0.41000000000000003,0.5783132530120482,0.128,0.2096069868995633,0.6494130367624343,843,327,35,48,6.8125,677.0,Baseline Balanced Random Forest
0.41500000000000004,0.5542168674698795,0.13068181818181818,0.21149425287356322,0.646339202965709,864,306,37,46,6.6521739130434785,676.0,Baseline Balanced Random Forest
0.42,0.5301204819277109,0.13414634146341464,0.2141119221411192,0.643692719596334,886,284,39,44,6.454545454545454,674.0,Baseline Balanced Random Forest
0.425,0.5060240963855421,0.1377049180327869,0.21649484536082475,0.6406188857996087,907,263,41,42,6.261904761904762,673.0,Baseline Balanced Random Forest
0.43,0.4819277108433735,0.1413427561837456,0.2185792349726776,0.6371177015755329,927,243,43,40,6.075,673.0,Baseline Balanced Random Forest
0.435,0.4819277108433735,0.15037593984962405,0.22922636103151864,0.6443826588404902,944,226,43,40,5.65,656.0,Baseline Balanced Random Forest
0.44,0.46987951807228917,0.15476190476190477,0.23283582089552238,0.6439141180105036,957,213,44,39,5.461538461538462,653.0,Baseline Balanced Random Forest
0.445,0.4578313253012048,0.16101694915254236,0.23824451410658307,0.6443002780352178,972,198,45,38,5.2105263157894735,648.0,Baseline Balanced Random Forest
0.45,0.4578313253012048,0.17272727272727273,0.2508250825082508,0.6511378848728246,988,182,45,38,4.7894736842105265,632.0,Baseline Balanced Random Forest
0.455,0.4457831325301205,0.18137254901960784,0.2578397212543554,0.6515240448975388,1003,167,46,37,4.513513513513513,627.0,Baseline Balanced Random Forest
0.46,0.40963855421686746,0.18478260869565216,0.2546816479400749,0.6407167130058696,1020,150,49,34,4.411764705882353,640.0,Baseline Balanced Random Forest
0.465,0.39759036144578314,0.1896551724137931,0.25680933852140075,0.6385387704664813,1029,141,50,33,4.2727272727272725,641.0,Baseline Balanced Random Forest
0.47000000000000003,0.37349397590361444,0.19135802469135801,0.2530612244897959,0.6307640819689012,1039,131,52,31,4.225806451612903,651.0,Baseline Balanced Random Forest
0.47500000000000003,0.3614457831325301,0.20833333333333334,0.2643171806167401,0.6320049428483163,1056,114,53,30,3.8,644.0,Baseline Balanced Random Forest
0.48,0.3373493975903614,0.21875,0.26540284360189575,0.625939656060138,1070,100,55,28,3.5714285714285716,650.0,Baseline Balanced Random Forest
0.485,0.3253012048192771,0.226890756302521,0.26732673267326734,0.6233343630933992,1078,92,56,27,3.4074074074074074,652.0,Baseline Balanced Random Forest
0.49,0.3132530120481928,0.23853211009174313,0.2708333333333333,0.621156420554011,1087,83,57,26,3.1923076923076925,653.0,Baseline Balanced Random Forest
0.495,0.2891566265060241,0.24242424242424243,0.26373626373626374,0.61252703120173,1095,75,59,24,3.125,665.0,Baseline Balanced Random Forest
0.5,0.26506024096385544,0.24719101123595505,0.2558139534883721,0.603897641849449,1103,67,61,22,3.0454545454545454,677.0,Baseline Balanced Random Forest
0.505,0.25301204819277107,0.25925925925925924,0.25609756097560976,0.6008649984553599,1110,60,62,21,2.857142857142857,680.0,Baseline Balanced Random Forest
0.51,0.21686746987951808,0.24324324324324326,0.22929936305732485,0.5845021110081351,1114,56,65,18,3.111111111111111,706.0,Baseline Balanced Random Forest
0.515,0.20481927710843373,0.2361111111111111,0.21935483870967742,0.5789053650499434,1115,55,66,17,3.235294117647059,715.0,Baseline Balanced Random Forest
0.52,0.1927710843373494,0.25,0.21768707482993196,0.5758727216558542,1122,48,67,16,3.0,718.0,Baseline Balanced Random Forest
0.525,0.1686746987951807,0.25,0.2014388489208633,0.5663886314488724,1128,42,69,14,3.0,732.0,Baseline Balanced Random Forest
0.53,0.13253012048192772,0.24444444444444444,0.171875,0.5517351457110493,1136,34,72,11,3.090909090909091,754.0,Baseline Balanced Random Forest
0.535,0.12048192771084337,0.25,0.16260162601626016,0.5474204510349089,1140,30,73,10,3.0,760.0,Baseline Balanced Random Forest
0.54,0.12048192771084337,0.2564102564102564,0.16393442622950818,0.5478478014622593,1141,29,73,10,2.9,759.0,Baseline Balanced Random Forest
0.545,0.10843373493975904,0.25,0.15126050420168066,0.5426784059314179,1143,27,74,9,3.0,767.0,Baseline Balanced Random Forest
0.55,0.0963855421686747,0.24242424242424243,0.13793103448275862,0.5375090104005766,1145,25,75,8,3.125,775.0,Baseline Balanced Random Forest
0.555,0.08433734939759036,0.28,0.12962962962962962,0.5344763670064875,1152,18,76,7,2.5714285714285716,778.0,Baseline Balanced Random Forest
0.56,0.08433734939759036,0.3181818181818182,0.13333333333333333,0.5357584182885388,1155,15,76,7,2.142857142857143,775.0,Baseline Balanced Random Forest
0.5650000000000001,0.08433734939759036,0.35,0.13592233009708737,0.5366131191432396,1157,13,76,7,1.8571428571428572,773.0,Baseline Balanced Random Forest
0.5700000000000001,0.08433734939759036,0.3684210526315789,0.13725490196078433,0.53704046957059,1158,12,76,7,1.7142857142857142,772.0,Baseline Balanced Random Forest
0.5750000000000001,0.08433734939759036,0.4117647058823529,0.14,0.5378951704252909,1160,10,76,7,1.4285714285714286,770.0,Baseline Balanced Random Forest
0.58,0.060240963855421686,0.4166666666666667,0.10526315789473684,0.5271290289362579,1163,7,78,5,1.4,787.0,Baseline Balanced Random Forest
0.585,0.060240963855421686,0.45454545454545453,0.10638297872340426,0.5275563793636083,1164,6,78,5,1.2,786.0,Baseline Balanced Random Forest
0.59,0.03614457831325301,0.3333333333333333,0.06521739130434782,0.515508186592524,1164,6,80,3,2.0,806.0,Baseline Balanced Random Forest
0.595,0.03614457831325301,0.3333333333333333,0.06521739130434782,0.515508186592524,1164,6,80,3,2.0,806.0,Baseline Balanced Random Forest
0.6,0.024096385542168676,0.2857142857142857,0.044444444444444446,0.5099114406343322,1165,5,81,2,2.5,815.0,Baseline Balanced Random Forest
0.605,0.024096385542168676,0.3333333333333333,0.0449438202247191,0.5103387910616827,1166,4,81,2,2.0,814.0,Baseline Balanced Random Forest
0.61,0.024096385542168676,0.3333333333333333,0.0449438202247191,0.5103387910616827,1166,4,81,2,2.0,814.0,Baseline Balanced Random Forest
0.615,0.012048192771084338,0.25,0.022988505747126436,0.5047420451034909,1167,3,82,1,3.0,823.0,Baseline Balanced Random Forest
0.62,0.012048192771084338,0.3333333333333333,0.023255813953488372,0.5051693955308413,1168,2,82,1,2.0,822.0,Baseline Balanced Random Forest
0.625,0.012048192771084338,0.3333333333333333,0.023255813953488372,0.5051693955308413,1168,2,82,1,2.0,822.0,Baseline Balanced Random Forest
0.63,0.012048192771084338,1.0,0.023809523809523808,0.5060240963855421,1170,0,82,1,0.0,820.0,Baseline Balanced Random Forest
0.635,0.012048192771084338,1.0,0.023809523809523808,0.5060240963855421,1170,0,82,1,0.0,820.0,Baseline Balanced Random Forest
0.64,0.012048192771084338,1.0,0.023809523809523808,0.5060240963855421,1170,0,82,1,0.0,820.0,Baseline Balanced Random Forest
0.645,0.012048192771084338,1.0,0.023809523809523808,0.5060240963855421,1170,0,82,1,0.0,820.0,Baseline Balanced Random Forest
0.65,0.012048192771084338,1.0,0.023809523809523808,0.5060240963855421,1170,0,82,1,0.0,820.0,Baseline Balanced Random Forest
0.655,0.0,0.0,0.0,0.5,1170,0,83,0,inf,830.0,Baseline Balanced Random Forest
0.66,0.0,0.0,0.0,0.5,1170,0,83,0,inf,830.0,Baseline Balanced Random Forest
0.665,0.0,0.0,0.0,0.5,1170,0,83,0,inf,830.0,Baseline Balanced Random Forest
0.67,0.0,0.0,0.0,0.5,1170,0,83,0,inf,830.0,Baseline Balanced Random Forest
0.675,0.0,0.0,0.0,0.5,1170,0,83,0,inf,830.0,Baseline Balanced Random Forest
0.68,0.0,0.0,0.0,0.5,1170,0,83,0,inf,830.0,Baseline Balanced Random Forest
0.685,0.0,0.0,0.0,0.5,1170,0,83,0,inf,830.0,Baseline Balanced Random Forest
0.6900000000000001,0.0,0.0,0.0,0.5,1170,0,83,0,inf,830.0,Baseline Balanced Random Forest
0.6950000000000001,0.0,0.0,0.0,0.5,1170,0,83,0,inf,830.0,Baseline Balanced Random Forest
0.7000000000000001,0.0,0.0,0.0,0.5,1170,0,83,0,inf,830.0,Baseline Balanced Random Forest
0.705,0.0,0.0,0.0,0.5,1170,0,83,0,inf,830.0,Baseline Balanced Random Forest
0.71,0.0,0.0,0.0,0.5,1170,0,83,0,inf,830.0,Baseline Balanced Random Forest
0.715,0.0,0.0,0.0,0.5,1170,0,83,0,inf,830.0,Baseline Balanced Random Forest
0.72,0.0,0.0,0.0,0.5,1170,0,83,0,inf,830.0,Baseline Balanced Random Forest
0.725,0.0,0.0,0.0,0.5,1170,0,83,0,inf,830.0,Baseline Balanced Random Forest
0.73,0.0,0.0,0.0,0.5,1170,0,83,0,inf,830.0,Baseline Balanced Random Forest
0.735,0.0,0.0,0.0,0.5,1170,0,83,0,inf,830.0,Baseline Balanced Random Forest
0.74,0.0,0.0,0.0,0.5,1170,0,83,0,inf,830.0,Baseline Balanced Random Forest
0.745,0.0,0.0,0.0,0.5,1170,0,83,0,inf,830.0,Baseline Balanced Random Forest
0.75,0.0,0.0,0.0,0.5,1170,0,83,0,inf,830.0,Baseline Balanced Random Forest
0.755,0.0,0.0,0.0,0.5,1170,0,83,0,inf,830.0,Baseline Balanced Random Forest
0.76,0.0,0.0,0.0,0.5,1170,0,83,0,inf,830.0,Baseline Balanced Random Forest
0.765,0.0,0.0,0.0,0.5,1170,0,83,0,inf,830.0,Baseline Balanced Random Forest
0.77,0.0,0.0,0.0,0.5,1170,0,83,0,inf,830.0,Baseline Balanced Random Forest
0.775,0.0,0.0,0.0,0.5,1170,0,83,0,inf,830.0,Baseline Balanced Random Forest
0.78,0.0,0.0,0.0,0.5,1170,0,83,0,inf,830.0,Baseline Balanced Random Forest
0.785,0.0,0.0,0.0,0.5,1170,0,83,0,inf,830.0,Baseline Balanced Random Forest
0.79,0.0,0.0,0.0,0.5,1170,0,83,0,inf,830.0,Baseline Balanced Random Forest
0.795,0.0,0.0,0.0,0.5,1170,0,83,0,inf,830.0,Baseline Balanced Random Forest
0.8,0.0,0.0,0.0,0.5,1170,0,83,0,inf,830.0,Baseline Balanced Random Forest
0.805,0.0,0.0,0.0,0.5,1170,0,83,0,inf,830.0,Baseline Balanced Random Forest
0.81,0.0,0.0,0.0,0.5,1170,0,83,0,inf,830.0,Baseline Balanced Random Forest
0.8150000000000001,0.0,0.0,0.0,0.5,1170,0,83,0,inf,830.0,Baseline Balanced Random Forest
0.8200000000000001,0.0,0.0,0.0,0.5,1170,0,83,0,inf,830.0,Baseline Balanced Random Forest
0.8250000000000001,0.0,0.0,0.0,0.5,1170,0,83,0,inf,830.0,Baseline Balanced Random Forest
0.8300000000000001,0.0,0.0,0.0,0.5,1170,0,83,0,inf,830.0,Baseline Balanced Random Forest
0.835,0.0,0.0,0.0,0.5,1170,0,83,0,inf,830.0,Baseline Balanced Random Forest
0.84,0.0,0.0,0.0,0.5,1170,0,83,0,inf,830.0,Baseline Balanced Random Forest
0.845,0.0,0.0,0.0,0.5,1170,0,83,0,inf,830.0,Baseline Balanced Random Forest
0.85,0.0,0.0,0.0,0.5,1170,0,83,0,inf,830.0,Baseline Balanced Random Forest
0.855,0.0,0.0,0.0,0.5,1170,0,83,0,inf,830.0,Baseline Balanced Random Forest
0.86,0.0,0.0,0.0,0.5,1170,0,83,0,inf,830.0,Baseline Balanced Random Forest
0.865,0.0,0.0,0.0,0.5,1170,0,83,0,inf,830.0,Baseline Balanced Random Forest
0.87,0.0,0.0,0.0,0.5,1170,0,83,0,inf,830.0,Baseline Balanced Random Forest
0.875,0.0,0.0,0.0,0.5,1170,0,83,0,inf,830.0,Baseline Balanced Random Forest
0.88,0.0,0.0,0.0,0.5,1170,0,83,0,inf,830.0,Baseline Balanced Random Forest
0.885,0.0,0.0,0.0,0.5,1170,0,83,0,inf,830.0,Baseline Balanced Random Forest
0.89,0.0,0.0,0.0,0.5,1170,0,83,0,inf,830.0,Baseline Balanced Random Forest
0.895,0.0,0.0,0.0,0.5,1170,0,83,0,inf,830.0,Baseline Balanced Random Forest
0.9,0.0,0.0,0.0,0.5,1170,0,83,0,inf,830.0,Baseline Balanced Random Forest
0.905,0.0,0.0,0.0,0.5,1170,0,83,0,inf,830.0,Baseline Balanced Random Forest
0.91,0.0,0.0,0.0,0.5,1170,0,83,0,inf,830.0,Baseline Balanced Random Forest
0.915,0.0,0.0,0.0,0.5,1170,0,83,0,inf,830.0,Baseline Balanced Random Forest
0.92,0.0,0.0,0.0,0.5,1170,0,83,0,inf,830.0,Baseline Balanced Random Forest
0.925,0.0,0.0,0.0,0.5,1170,0,83,0,inf,830.0,Baseline Balanced Random Forest
0.93,0.0,0.0,0.0,0.5,1170,0,83,0,inf,830.0,Baseline Balanced Random Forest
0.935,0.0,0.0,0.0,0.5,1170,0,83,0,inf,830.0,Baseline Balanced Random Forest
0.9400000000000001,0.0,0.0,0.0,0.5,1170,0,83,0,inf,830.0,Baseline Balanced Random Forest
0.9450000000000001,0.0,0.0,0.0,0.5,1170,0,83,0,inf,830.0,Baseline Balanced Random Forest
0.9500000000000001,0.0,0.0,0.0,0.5,1170,0,83,0,inf,830.0,Baseline Balanced Random Forest
0.9550000000000001,0.0,0.0,0.0,0.5,1170,0,83,0,inf,830.0,Baseline Balanced Random Forest
0.96,0.0,0.0,0.0,0.5,1170,0,83,0,inf,830.0,Baseline Balanced Random Forest
0.965,0.0,0.0,0.0,0.5,1170,0,83,0,inf,830.0,Baseline Balanced Random Forest
0.97,0.0,0.0,0.0,0.5,1170,0,83,0,inf,830.0,Baseline Balanced Random Forest
0.975,0.0,0.0,0.0,0.5,1170,0,83,0,inf,830.0,Baseline Balanced Random Forest
0.98,0.0,0.0,0.0,0.5,1170,0,83,0,inf,830.0,Baseline Balanced Random Forest
0.985,0.0,0.0,0.0,0.5,1170,0,83,0,inf,830.0,Baseline Balanced Random Forest
0.99,0.0,0.0,0.0,0.5,1170,0,83,0,inf,830.0,Baseline Balanced Random Forest
0.995,0.0,0.0,0.0,0.5,1170,0,83,0,inf,830.0,Baseline Balanced Random Forest
0.005,1.0,0.06624102154828412,0.12425149700598802,0.5,0,1170,0,83,14.096385542168674,1170.0,Augmented Balanced Random Forest
0.01,1.0,0.06624102154828412,0.12425149700598802,0.5,0,1170,0,83,14.096385542168674,1170.0,Augmented Balanced Random Forest
0.015,1.0,0.06624102154828412,0.12425149700598802,0.5,0,1170,0,83,14.096385542168674,1170.0,Augmented Balanced Random Forest
0.02,1.0,0.06624102154828412,0.12425149700598802,0.5,0,1170,0,83,14.096385542168674,1170.0,Augmented Balanced Random Forest
0.025,1.0,0.06624102154828412,0.12425149700598802,0.5,0,1170,0,83,14.096385542168674,1170.0,Augmented Balanced Random Forest
0.03,1.0,0.06624102154828412,0.12425149700598802,0.5,0,1170,0,83,14.096385542168674,1170.0,Augmented Balanced Random Forest
0.035,1.0,0.06624102154828412,0.12425149700598802,0.5,0,1170,0,83,14.096385542168674,1170.0,Augmented Balanced Random Forest
0.04,1.0,0.06624102154828412,0.12425149700598802,0.5,0,1170,0,83,14.096385542168674,1170.0,Augmented Balanced Random Forest
0.045,1.0,0.06624102154828412,0.12425149700598802,0.5,0,1170,0,83,14.096385542168674,1170.0,Augmented Balanced Random Forest
0.05,1.0,0.06624102154828412,0.12425149700598802,0.5,0,1170,0,83,14.096385542168674,1170.0,Augmented Balanced Random Forest
0.055,1.0,0.06624102154828412,0.12425149700598802,0.5,0,1170,0,83,14.096385542168674,1170.0,Augmented Balanced Random Forest
0.06,1.0,0.06624102154828412,0.12425149700598802,0.5,0,1170,0,83,14.096385542168674,1170.0,Augmented Balanced Random Forest
0.065,1.0,0.06624102154828412,0.12425149700598802,0.5,0,1170,0,83,14.096385542168674,1170.0,Augmented Balanced Random Forest
0.07,1.0,0.06624102154828412,0.12425149700598802,0.5,0,1170,0,83,14.096385542168674,1170.0,Augmented Balanced Random Forest
0.075,1.0,0.06624102154828412,0.12425149700598802,0.5,0,1170,0,83,14.096385542168674,1170.0,Augmented Balanced Random Forest
0.08,1.0,0.06624102154828412,0.12425149700598802,0.5,0,1170,0,83,14.096385542168674,1170.0,Augmented Balanced Random Forest
0.085,1.0,0.06624102154828412,0.12425149700598802,0.5,0,1170,0,83,14.096385542168674,1170.0,Augmented Balanced Random Forest
0.09,1.0,0.06624102154828412,0.12425149700598802,0.5,0,1170,0,83,14.096385542168674,1170.0,Augmented Balanced Random Forest
0.095,1.0,0.06624102154828412,0.12425149700598802,0.5,0,1170,0,83,14.096385542168674,1170.0,Augmented Balanced Random Forest
0.1,1.0,0.06624102154828412,0.12425149700598802,0.5,0,1170,0,83,14.096385542168674,1170.0,Augmented Balanced Random Forest
0.105,1.0,0.06624102154828412,0.12425149700598802,0.5,0,1170,0,83,14.096385542168674,1170.0,Augmented Balanced Random Forest
0.11,1.0,0.06624102154828412,0.12425149700598802,0.5,0,1170,0,83,14.096385542168674,1170.0,Augmented Balanced Random Forest
0.115,1.0,0.06624102154828412,0.12425149700598802,0.5,0,1170,0,83,14.096385542168674,1170.0,Augmented Balanced Random Forest
0.12,1.0,0.06624102154828412,0.12425149700598802,0.5,0,1170,0,83,14.096385542168674,1170.0,Augmented Balanced Random Forest
0.125,1.0,0.06624102154828412,0.12425149700598802,0.5,0,1170,0,83,14.096385542168674,1170.0,Augmented Balanced Random Forest
0.13,1.0,0.06624102154828412,0.12425149700598802,0.5,0,1170,0,83,14.096385542168674,1170.0,Augmented Balanced Random Forest
0.135,1.0,0.06624102154828412,0.12425149700598802,0.5,0,1170,0,83,14.096385542168674,1170.0,Augmented Balanced Random Forest
0.14,1.0,0.06624102154828412,0.12425149700598802,0.5,0,1170,0,83,14.096385542168674,1170.0,Augmented Balanced Random Forest
0.145,1.0,0.06624102154828412,0.12425149700598802,0.5,0,1170,0,83,14.096385542168674,1170.0,Augmented Balanced Random Forest
0.15,1.0,0.06624102154828412,0.12425149700598802,0.5,0,1170,0,83,14.096385542168674,1170.0,Augmented Balanced Random Forest
0.155,1.0,0.06624102154828412,0.12425149700598802,0.5,0,1170,0,83,14.096385542168674,1170.0,Augmented Balanced Random Forest
0.16,1.0,0.06624102154828412,0.12425149700598802,0.5,0,1170,0,83,14.096385542168674,1170.0,Augmented Balanced Random Forest
0.165,1.0,0.06624102154828412,0.12425149700598802,0.5,0,1170,0,83,14.096385542168674,1170.0,Augmented Balanced Random Forest
0.17,1.0,0.06624102154828412,0.12425149700598802,0.5,0,1170,0,83,14.096385542168674,1170.0,Augmented Balanced Random Forest
0.17500000000000002,1.0,0.06624102154828412,0.12425149700598802,0.5,0,1170,0,83,14.096385542168674,1170.0,Augmented Balanced Random Forest
0.18,1.0,0.06624102154828412,0.12425149700598802,0.5,0,1170,0,83,14.096385542168674,1170.0,Augmented Balanced Random Forest
0.185,1.0,0.06624102154828412,0.12425149700598802,0.5,0,1170,0,83,14.096385542168674,1170.0,Augmented Balanced Random Forest
0.19,1.0,0.06624102154828412,0.12425149700598802,0.5,0,1170,0,83,14.096385542168674,1170.0,Augmented Balanced Random Forest
0.195,1.0,0.06624102154828412,0.12425149700598802,0.5,0,1170,0,83,14.096385542168674,1170.0,Augmented Balanced Random Forest
0.2,1.0,0.06624102154828412,0.12425149700598802,0.5,0,1170,0,83,14.096385542168674,1170.0,Augmented Balanced Random Forest
0.20500000000000002,1.0,0.06624102154828412,0.12425149700598802,0.5,0,1170,0,83,14.096385542168674,1170.0,Augmented Balanced Random Forest
0.21,1.0,0.06634692246203037,0.12443778110944528,0.5008547008547009,2,1168,0,83,14.072289156626505,1168.0,Augmented Balanced Random Forest
0.215,1.0,0.06650641025641026,0.1247182569496619,0.5021367521367521,5,1165,0,83,14.036144578313253,1165.0,Augmented Balanced Random Forest
0.22,1.0,0.06655974338412189,0.12481203007518797,0.5025641025641026,6,1164,0,83,14.024096385542169,1164.0,Augmented Balanced Random Forest
0.225,1.0,0.06666666666666667,0.125,0.5034188034188034,8,1162,0,83,14.0,1162.0,Augmented Balanced Random Forest
0.23,1.0,0.0667739340305712,0.12518853695324283,0.5042735042735043,10,1160,0,83,13.975903614457831,1160.0,Augmented Balanced Random Forest
0.23500000000000001,1.0,0.06688154713940371,0.12537764350453173,0.5051282051282051,12,1158,0,83,13.951807228915662,1158.0,Augmented Balanced Random Forest
0.24,1.0,0.06709781729991916,0.12575757575757576,0.5068376068376068,16,1154,0,83,13.903614457831326,1154.0,Augmented Balanced Random Forest
0.245,1.0,0.06731549067315491,0.12613981762917933,0.5085470085470085,20,1150,0,83,13.855421686746988,1150.0,Augmented Balanced Random Forest
0.25,1.0,0.06769983686786298,0.12681436210847977,0.5115384615384615,27,1143,0,83,13.771084337349398,1143.0,Augmented Balanced Random Forest
0.255,1.0,0.06792144026186579,0.12720306513409962,0.5132478632478632,31,1139,0,83,13.72289156626506,1139.0,Augmented Balanced Random Forest
0.26,1.0,0.06836902800658978,0.12798766383962992,0.5166666666666667,39,1131,0,83,13.626506024096386,1131.0,Augmented Balanced Random Forest
0.265,1.0,0.06928213689482471,0.12958626073380172,0.5235042735042735,55,1115,0,83,13.433734939759036,1115.0,Augmented Balanced Random Forest
0.27,1.0,0.070042194092827,0.1309148264984227,0.5290598290598291,68,1102,0,83,13.27710843373494,1102.0,Augmented Balanced Random Forest
0.275,1.0,0.07094017094017094,0.13248204309656825,0.5354700854700855,83,1087,0,83,13.096385542168674,1087.0,Augmented Balanced Random Forest
0.28,1.0,0.07217391304347825,0.13463098134630982,0.544017094017094,103,1067,0,83,12.855421686746988,1067.0,Augmented Balanced Random Forest
0.28500000000000003,1.0,0.07345132743362832,0.1368507831821929,0.5525641025641026,123,1047,0,83,12.614457831325302,1047.0,Augmented Balanced Random Forest
0.29,1.0,0.07457322551662174,0.13879598662207357,0.5598290598290598,140,1030,0,83,12.409638554216867,1030.0,Augmented Balanced Random Forest
0.295,1.0,0.07621671258034894,0.1416382252559727,0.5700854700854701,164,1006,0,83,12.120481927710843,1006.0,Augmented Balanced Random Forest
0.3,1.0,0.07837582625118036,0.14535901926444833,0.582905982905983,194,976,0,83,11.759036144578314,976.0,Augmented Balanced Random Forest
0.305,1.0,0.08042635658914729,0.14887892376681613,0.5944444444444444,221,949,0,83,11.433734939759036,949.0,Augmented Balanced Random Forest
0.31,1.0,0.08283433133732535,0.15299539170506912,0.6072649572649572,251,919,0,83,11.072289156626505,919.0,Augmented Balanced Random Forest
0.315,0.9759036144578314,0.0826530612244898,0.1523988711194732,0.6037637730408815,271,899,2,81,11.098765432098766,919.0,Augmented Balanced Random Forest
0.32,0.963855421686747,0.08447729672650475,0.1553398058252427,0.611414890330553,303,867,3,80,10.8375,897.0,Augmented Balanced Random Forest
0.325,0.963855421686747,0.08705114254624592,0.1596806387225549,0.6233807022963649,331,839,3,80,10.4875,869.0,Augmented Balanced Random Forest
0.33,0.9397590361445783,0.08873720136518772,0.16216216216216217,0.6275718257645968,369,801,5,78,10.26923076923077,851.0,Augmented Balanced Random Forest
0.335,0.927710843373494,0.09134045077105575,0.16630669546436286,0.6365049943363197,404,766,6,77,9.948051948051948,826.0,Augmented Balanced Random Forest
0.34,0.9156626506024096,0.09359605911330049,0.16983240223463686,0.6433014107712902,434,736,7,76,9.68421052631579,806.0,Augmented Balanced Random Forest
0.34500000000000003,0.9036144578313253,0.0962772785622593,0.1740139211136891,0.6509525280609618,466,704,8,75,9.386666666666667,784.0,Augmented Balanced Random Forest
0.35000000000000003,0.8674698795180723,0.0972972972972973,0.17496962332928312,0.6482648542889506,502,668,11,72,9.277777777777779,778.0,Augmented Balanced Random Forest
0.355,0.8313253012048193,0.09787234042553192,0.1751269035532995,0.6438677788075379,534,636,14,69,9.217391304347826,776.0,Augmented Balanced Random Forest
0.36,0.8313253012048193,0.10058309037900874,0.17945383615084526,0.651987436927196,553,617,14,69,8.942028985507246,757.0,Augmented Balanced Random Forest
0.365,0.8192771084337349,0.10365853658536585,0.18403247631935046,0.6583565029348162,582,588,15,68,8.647058823529411,738.0,Augmented Balanced Random Forest
0.37,0.8072289156626506,0.10789049919484701,0.1903409090909091,0.6668623210791886,616,554,16,67,8.26865671641791,714.0,Augmented Balanced Random Forest
0.375,0.7951807228915663,0.11224489795918367,0.19672131147540983,0.67451343836886,648,522,17,66,7.909090909090909,692.0,Augmented Balanced Random Forest
0.38,0.7831325301204819,0.11586452762923351,0.20186335403726707,0.679600453094429,674,496,18,65,7.630769230769231,676.0,Augmented Balanced Random Forest
0.385,0.7469879518072289,0.11742424242424243,0.20294599018003273,0.6743486767583153,704,466,21,62,7.516129032258065,676.0,Augmented Balanced Random Forest
0.39,0.7108433734939759,0.11895161290322581,0.20379965457685664,0.6686695499948512,733,437,24,59,7.406779661016949,677.0,Augmented Balanced Random Forest
0.395,0.6867469879518072,0.12127659574468085,0.20614828209764918,0.6668777674801771,757,413,26,57,7.245614035087719,673.0,Augmented Balanced Random Forest
0.4,0.6385542168674698,0.12100456621004566,0.2034548944337812,0.6547471939038203,785,385,30,53,7.264150943396227,685.0,Augmented Balanced Random Forest
0.405,0.6265060240963856,0.12590799031476999,0.20967741935483872,0.6589795077746885,809,361,31,52,6.9423076923076925,671.0,Augmented Balanced Random Forest
0.41000000000000003,0.6024096385542169,0.1282051282051282,0.21141649048625794,0.6559056739779632,830,340,33,50,6.8,670.0,Augmented Balanced Random Forest
0.41500000000000004,0.5783132530120482,0.1322314049586777,0.21524663677130046,0.6545412418906394,855,315,35,48,6.5625,665.0,Augmented Balanced Random Forest
0.42,0.5301204819277109,0.1282798833819242,0.20657276995305165,0.6372824631860776,871,299,39,44,6.795454545454546,689.0,Augmented Balanced Random Forest
0.425,0.5060240963855421,0.12923076923076923,0.20588235294117646,0.6320718772526002,887,283,41,42,6.738095238095238,693.0,Augmented Balanced Random Forest
0.43,0.4819277108433735,0.13245033112582782,0.2077922077922078,0.6289980434558748,908,262,43,40,6.55,692.0,Augmented Balanced Random Forest
0.435,0.4457831325301205,0.13503649635036497,0.20728291316526612,0.621609514983009,933,237,46,37,6.405405405405405,697.0,Augmented Balanced Random Forest
0.44,0.40963855421686746,0.136,0.2042042042042042,0.6125115848007414,954,216,49,34,6.352941176470588,706.0,Augmented Balanced Random Forest
0.445,0.40963855421686746,0.1452991452991453,0.21451104100946372,0.6193491916383482,970,200,49,34,5.882352941176471,690.0,Augmented Balanced Random Forest
0.45,0.39759036144578314,0.14666666666666667,0.21428571428571427,0.6167438986716095,978,192,50,33,5.818181818181818,692.0,Augmented Balanced Random Forest
0.455,0.3855421686746988,0.15311004784688995,0.2191780821917808,0.6171300586963238,993,177,51,32,5.53125,687.0,Augmented Balanced Random Forest
0.46,0.37349397590361444,0.15979381443298968,0.22382671480144403,0.6170888682936876,1007,163,52,31,5.258064516129032,683.0,Augmented Balanced Random Forest
0.465,0.3493975903614458,0.1676300578034682,0.2265625,0.6131603336422613,1026,144,54,29,4.9655172413793105,684.0,Augmented Balanced Random Forest
0.47000000000000003,0.3493975903614458,0.18012422360248448,0.23770491803278687,0.6182885387704664,1038,132,54,29,4.551724137931035,672.0,Augmented Balanced Random Forest
0.47500000000000003,0.3373493975903614,0.1917808219178082,0.2445414847161572,0.6182473483678304,1052,118,55,28,4.214285714285714,668.0,Augmented Balanced Random Forest
0.48,0.3132530120481928,0.18840579710144928,0.23529411764705882,0.6087632581608485,1058,112,57,26,4.3076923076923075,682.0,Augmented Balanced Random Forest
0.485,0.30120481927710846,0.20833333333333334,0.24630541871921183,0.6100041190402636,1075,95,58,25,3.8,675.0,Augmented Balanced Random Forest
0.49,0.2891566265060241,0.20689655172413793,0.24120603015075376,0.6052620739367727,1078,92,59,24,3.8333333333333335,682.0,Augmented Balanced Random Forest
0.495,0.27710843373493976,0.2072072072072072,0.23711340206185566,0.6009473792606324,1082,88,60,23,3.8260869565217392,688.0,Augmented Balanced Random Forest
0.5,0.25301204819277107,0.21,0.22950819672131148,0.5927453403357018,1091,79,62,21,3.761904761904762,699.0,Augmented Balanced Random Forest
0.505,0.2289156626506024,0.2111111111111111,0.21965317919075145,0.5841159509834208,1099,71,64,19,3.736842105263158,711.0,Augmented Balanced Random Forest
0.51,0.21686746987951808,0.21951219512195122,0.21818181818181817,0.5810833075893317,1106,64,65,18,3.5555555555555554,714.0,Augmented Balanced Random Forest
0.515,0.20481927710843373,0.22077922077922077,0.2125,0.5767686129131913,1110,60,66,17,3.5294117647058822,720.0,Augmented Balanced Random Forest
0.52,0.1927710843373494,0.23880597014925373,0.21333333333333335,0.574590670373803,1119,51,67,16,3.1875,721.0,Augmented Balanced Random Forest
0.525,0.1686746987951807,0.22950819672131148,0.19444444444444445,0.5642518793121203,1123,47,69,14,3.357142857142857,737.0,Augmented Balanced Random Forest
0.53,0.1566265060240964,0.23214285714285715,0.18705035971223022,0.5599371846359799,1127,43,70,13,3.3076923076923075,743.0,Augmented Balanced Random Forest
0.535,0.14457831325301204,0.23076923076923078,0.17777777777777778,0.5551951395324889,1130,40,71,12,3.3333333333333335,750.0,Augmented Balanced Random Forest
0.54,0.10843373493975904,0.2,0.140625,0.5388322520852641,1134,36,74,9,4.0,776.0,Augmented Balanced Random Forest
0.545,0.10843373493975904,0.2,0.140625,0.5388322520852641,1134,36,74,9,4.0,776.0,Augmented Balanced Random Forest
0.55,0.0963855421686747,0.21052631578947367,0.1322314049586777,0.5353722582638245,1140,30,75,8,3.75,780.0,Augmented Balanced Random Forest
0.555,0.0963855421686747,0.2222222222222222,0.13445378151260504,0.5362269591185254,1142,28,75,8,3.5,778.0,Augmented Balanced Random Forest
0.56,0.07228915662650602,0.2,0.10619469026548672,0.5258881680568427,1146,24,77,6,4.0,794.0,Augmented Balanced Random Forest
0.5650000000000001,0.07228915662650602,0.23076923076923078,0.11009174311926606,0.5275975697662444,1150,20,77,6,3.3333333333333335,790.0,Augmented Balanced Random Forest
0.5700000000000001,0.07228915662650602,0.25,0.11214953271028037,0.5284522706209454,1152,18,77,6,3.0,788.0,Augmented Balanced Random Forest
0.5750000000000001,0.07228915662650602,0.2608695652173913,0.11320754716981132,0.5288796210482958,1153,17,77,6,2.8333333333333335,787.0,Augmented Balanced Random Forest
0.58,0.060240963855421686,0.2631578947368421,0.09803921568627451,0.5241375759448049,1156,14,78,5,2.8,794.0,Augmented Balanced Random Forest
0.585,0.060240963855421686,0.2631578947368421,0.09803921568627451,0.5241375759448049,1156,14,78,5,2.8,794.0,Augmented Balanced Random Forest
0.59,0.04819277108433735,0.25,0.08080808080808081,0.5189681804139635,1158,12,79,4,3.0,802.0,Augmented Balanced Random Forest
0.595,0.04819277108433735,0.26666666666666666,0.08163265306122448,0.519395530841314,1159,11,79,4,2.75,801.0,Augmented Balanced Random Forest
0.6,0.024096385542168676,0.15384615384615385,0.041666666666666664,0.5073473380702297,1159,11,81,2,5.5,821.0,Augmented Balanced Random Forest
0.605,0.024096385542168676,0.18181818181818182,0.0425531914893617,0.5082020389249305,1161,9,81,2,4.5,819.0,Augmented Balanced Random Forest
0.61,0.012048192771084338,0.14285714285714285,0.022222222222222223,0.5034599938214396,1164,6,82,1,6.0,826.0,Augmented Balanced Random Forest
0.615,0.012048192771084338,0.2,0.022727272727272728,0.5043146946761404,1166,4,82,1,4.0,824.0,Augmented Balanced Random Forest
0.62,0.012048192771084338,0.25,0.022988505747126436,0.5047420451034909,1167,3,82,1,3.0,823.0,Augmented Balanced Random Forest
0.625,0.012048192771084338,0.25,0.022988505747126436,0.5047420451034909,1167,3,82,1,3.0,823.0,Augmented Balanced Random Forest
0.63,0.012048192771084338,0.25,0.022988505747126436,0.5047420451034909,1167,3,82,1,3.0,823.0,Augmented Balanced Random Forest
0.635,0.012048192771084338,0.3333333333333333,0.023255813953488372,0.5051693955308413,1168,2,82,1,2.0,822.0,Augmented Balanced Random Forest
0.64,0.012048192771084338,0.3333333333333333,0.023255813953488372,0.5051693955308413,1168,2,82,1,2.0,822.0,Augmented Balanced Random Forest
0.645,0.012048192771084338,0.3333333333333333,0.023255813953488372,0.5051693955308413,1168,2,82,1,2.0,822.0,Augmented Balanced Random Forest
0.65,0.012048192771084338,0.3333333333333333,0.023255813953488372,0.5051693955308413,1168,2,82,1,2.0,822.0,Augmented Balanced Random Forest
0.655,0.012048192771084338,1.0,0.023809523809523808,0.5060240963855421,1170,0,82,1,0.0,820.0,Augmented Balanced Random Forest
0.66,0.012048192771084338,1.0,0.023809523809523808,0.5060240963855421,1170,0,82,1,0.0,820.0,Augmented Balanced Random Forest
0.665,0.012048192771084338,1.0,0.023809523809523808,0.5060240963855421,1170,0,82,1,0.0,820.0,Augmented Balanced Random Forest
0.67,0.012048192771084338,1.0,0.023809523809523808,0.5060240963855421,1170,0,82,1,0.0,820.0,Augmented Balanced Random Forest
0.675,0.0,0.0,0.0,0.5,1170,0,83,0,inf,830.0,Augmented Balanced Random Forest
0.68,0.0,0.0,0.0,0.5,1170,0,83,0,inf,830.0,Augmented Balanced Random Forest
0.685,0.0,0.0,0.0,0.5,1170,0,83,0,inf,830.0,Augmented Balanced Random Forest
0.6900000000000001,0.0,0.0,0.0,0.5,1170,0,83,0,inf,830.0,Augmented Balanced Random Forest
0.6950000000000001,0.0,0.0,0.0,0.5,1170,0,83,0,inf,830.0,Augmented Balanced Random Forest
0.7000000000000001,0.0,0.0,0.0,0.5,1170,0,83,0,inf,830.0,Augmented Balanced Random Forest
0.705,0.0,0.0,0.0,0.5,1170,0,83,0,inf,830.0,Augmented Balanced Random Forest
0.71,0.0,0.0,0.0,0.5,1170,0,83,0,inf,830.0,Augmented Balanced Random Forest
0.715,0.0,0.0,0.0,0.5,1170,0,83,0,inf,830.0,Augmented Balanced Random Forest
0.72,0.0,0.0,0.0,0.5,1170,0,83,0,inf,830.0,Augmented Balanced Random Forest
0.725,0.0,0.0,0.0,0.5,1170,0,83,0,inf,830.0,Augmented Balanced Random Forest
0.73,0.0,0.0,0.0,0.5,1170,0,83,0,inf,830.0,Augmented Balanced Random Forest
0.735,0.0,0.0,0.0,0.5,1170,0,83,0,inf,830.0,Augmented Balanced Random Forest
0.74,0.0,0.0,0.0,0.5,1170,0,83,0,inf,830.0,Augmented Balanced Random Forest
0.745,0.0,0.0,0.0,0.5,1170,0,83,0,inf,830.0,Augmented Balanced Random Forest
0.75,0.0,0.0,0.0,0.5,1170,0,83,0,inf,830.0,Augmented Balanced Random Forest
0.755,0.0,0.0,0.0,0.5,1170,0,83,0,inf,830.0,Augmented Balanced Random Forest
0.76,0.0,0.0,0.0,0.5,1170,0,83,0,inf,830.0,Augmented Balanced Random Forest
0.765,0.0,0.0,0.0,0.5,1170,0,83,0,inf,830.0,Augmented Balanced Random Forest
0.77,0.0,0.0,0.0,0.5,1170,0,83,0,inf,830.0,Augmented Balanced Random Forest
0.775,0.0,0.0,0.0,0.5,1170,0,83,0,inf,830.0,Augmented Balanced Random Forest
0.78,0.0,0.0,0.0,0.5,1170,0,83,0,inf,830.0,Augmented Balanced Random Forest
0.785,0.0,0.0,0.0,0.5,1170,0,83,0,inf,830.0,Augmented Balanced Random Forest
0.79,0.0,0.0,0.0,0.5,1170,0,83,0,inf,830.0,Augmented Balanced Random Forest
0.795,0.0,0.0,0.0,0.5,1170,0,83,0,inf,830.0,Augmented Balanced Random Forest
0.8,0.0,0.0,0.0,0.5,1170,0,83,0,inf,830.0,Augmented Balanced Random Forest
0.805,0.0,0.0,0.0,0.5,1170,0,83,0,inf,830.0,Augmented Balanced Random Forest
0.81,0.0,0.0,0.0,0.5,1170,0,83,0,inf,830.0,Augmented Balanced Random Forest
0.8150000000000001,0.0,0.0,0.0,0.5,1170,0,83,0,inf,830.0,Augmented Balanced Random Forest
0.8200000000000001,0.0,0.0,0.0,0.5,1170,0,83,0,inf,830.0,Augmented Balanced Random Forest
0.8250000000000001,0.0,0.0,0.0,0.5,1170,0,83,0,inf,830.0,Augmented Balanced Random Forest
0.8300000000000001,0.0,0.0,0.0,0.5,1170,0,83,0,inf,830.0,Augmented Balanced Random Forest
0.835,0.0,0.0,0.0,0.5,1170,0,83,0,inf,830.0,Augmented Balanced Random Forest
0.84,0.0,0.0,0.0,0.5,1170,0,83,0,inf,830.0,Augmented Balanced Random Forest
0.845,0.0,0.0,0.0,0.5,1170,0,83,0,inf,830.0,Augmented Balanced Random Forest
0.85,0.0,0.0,0.0,0.5,1170,0,83,0,inf,830.0,Augmented Balanced Random Forest
0.855,0.0,0.0,0.0,0.5,1170,0,83,0,inf,830.0,Augmented Balanced Random Forest
0.86,0.0,0.0,0.0,0.5,1170,0,83,0,inf,830.0,Augmented Balanced Random Forest
0.865,0.0,0.0,0.0,0.5,1170,0,83,0,inf,830.0,Augmented Balanced Random Forest
0.87,0.0,0.0,0.0,0.5,1170,0,83,0,inf,830.0,Augmented Balanced Random Forest
0.875,0.0,0.0,0.0,0.5,1170,0,83,0,inf,830.0,Augmented Balanced Random Forest
0.88,0.0,0.0,0.0,0.5,1170,0,83,0,inf,830.0,Augmented Balanced Random Forest
0.885,0.0,0.0,0.0,0.5,1170,0,83,0,inf,830.0,Augmented Balanced Random Forest
0.89,0.0,0.0,0.0,0.5,1170,0,83,0,inf,830.0,Augmented Balanced Random Forest
0.895,0.0,0.0,0.0,0.5,1170,0,83,0,inf,830.0,Augmented Balanced Random Forest
0.9,0.0,0.0,0.0,0.5,1170,0,83,0,inf,830.0,Augmented Balanced Random Forest
0.905,0.0,0.0,0.0,0.5,1170,0,83,0,inf,830.0,Augmented Balanced Random Forest
0.91,0.0,0.0,0.0,0.5,1170,0,83,0,inf,830.0,Augmented Balanced Random Forest
0.915,0.0,0.0,0.0,0.5,1170,0,83,0,inf,830.0,Augmented Balanced Random Forest
0.92,0.0,0.0,0.0,0.5,1170,0,83,0,inf,830.0,Augmented Balanced Random Forest
0.925,0.0,0.0,0.0,0.5,1170,0,83,0,inf,830.0,Augmented Balanced Random Forest
0.93,0.0,0.0,0.0,0.5,1170,0,83,0,inf,830.0,Augmented Balanced Random Forest
0.935,0.0,0.0,0.0,0.5,1170,0,83,0,inf,830.0,Augmented Balanced Random Forest
0.9400000000000001,0.0,0.0,0.0,0.5,1170,0,83,0,inf,830.0,Augmented Balanced Random Forest
0.9450000000000001,0.0,0.0,0.0,0.5,1170,0,83,0,inf,830.0,Augmented Balanced Random Forest
0.9500000000000001,0.0,0.0,0.0,0.5,1170,0,83,0,inf,830.0,Augmented Balanced Random Forest
0.9550000000000001,0.0,0.0,0.0,0.5,1170,0,83,0,inf,830.0,Augmented Balanced Random Forest
0.96,0.0,0.0,0.0,0.5,1170,0,83,0,inf,830.0,Augmented Balanced Random Forest
0.965,0.0,0.0,0.0,0.5,1170,0,83,0,inf,830.0,Augmented Balanced Random Forest
0.97,0.0,0.0,0.0,0.5,1170,0,83,0,inf,830.0,Augmented Balanced Random Forest
0.975,0.0,0.0,0.0,0.5,1170,0,83,0,inf,830.0,Augmented Balanced Random Forest
0.98,0.0,0.0,0.0,0.5,1170,0,83,0,inf,830.0,Augmented Balanced Random Forest
0.985,0.0,0.0,0.0,0.5,1170,0,83,0,inf,830.0,Augmented Balanced Random Forest
0.99,0.0,0.0,0.0,0.5,1170,0,83,0,inf,830.0,Augmented Balanced Random Forest
0.995,0.0,0.0,0.0,0.5,1170,0,83,0,inf,830.0,Augmented Balanced Random Forest
0.005,0.9036144578313253,0.08833922261484099,0.1609442060085837,0.6210379981464319,396,774,8,75,10.32,854.0,Augmented XGBoost
0.01,0.8072289156626506,0.10452418096723869,0.1850828729281768,0.65831531253218,596,574,16,67,8.567164179104477,734.0,Augmented XGBoost
0.015,0.7228915662650602,0.12072434607645875,0.20689655172413793,0.6746936463803934,733,437,23,60,7.283333333333333,667.0,Augmented XGBoost
0.02,0.6626506024096386,0.13253012048192772,0.22088353413654618,0.6774791473586654,810,360,28,55,6.545454545454546,640.0,Augmented XGBoost
0.025,0.6024096385542169,0.1392757660167131,0.22624434389140272,0.6691535372258264,861,309,33,50,6.18,639.0,Augmented XGBoost
0.03,0.5060240963855421,0.1390728476821192,0.21818181818181817,0.64190093708166,910,260,41,42,6.190476190476191,670.0,Augmented XGBoost
0.035,0.46987951807228917,0.14661654135338345,0.22349570200573066,0.6379312120275976,943,227,44,39,5.82051282051282,667.0,Augmented XGBoost
0.04,0.4578313253012048,0.15637860082304528,0.2331288343558282,0.6413088250437647,965,205,45,38,5.394736842105263,655.0,Augmented XGBoost
0.045,0.4457831325301205,0.16444444444444445,0.24025974025974026,0.6425496859231798,982,188,46,37,5.081081081081081,648.0,Augmented XGBoost
0.05,0.42168674698795183,0.17073170731707318,0.24305555555555555,0.6381938008444032,1000,170,48,35,4.857142857142857,650.0,Augmented XGBoost
0.055,0.3493975903614458,0.15846994535519127,0.21804511278195488,0.608886829368757,1016,154,54,29,5.310344827586207,694.0,Augmented XGBoost
0.06,0.3253012048192771,0.16463414634146342,0.21862348178137653,0.60410359386263,1033,137,56,27,5.074074074074074,697.0,Augmented XGBoost
0.065,0.3132530120481928,0.17105263157894737,0.22127659574468084,0.6027803521779426,1044,126,57,26,4.846153846153846,696.0,Augmented XGBoost
0.07,0.3132530120481928,0.18181818181818182,0.23008849557522124,0.6066265060240964,1053,117,57,26,4.5,687.0,Augmented XGBoost
0.075,0.30120481927710846,0.17857142857142858,0.2242152466367713,0.6014571104932551,1055,115,58,25,4.6,695.0,Augmented XGBoost
0.08,0.2891566265060241,0.18461538461538463,0.22535211267605634,0.5992791679538667,1064,106,59,24,4.416666666666667,696.0,Augmented XGBoost
0.085,0.27710843373493976,0.18548387096774194,0.2222222222222222,0.5953918237050767,1069,101,60,23,4.391304347826087,701.0,Augmented XGBoost
0.09,0.2289156626506024,0.168141592920354,0.19387755102040816,0.574286891154361,1076,94,64,19,4.947368421052632,734.0,Augmented XGBoost
0.095,0.21686746987951808,0.16981132075471697,0.19047619047619047,0.5708268973329215,1082,88,65,18,4.888888888888889,738.0,Augmented XGBoost
0.1,0.20481927710843373,0.16666666666666666,0.1837837837837838,0.5660848522294306,1085,85,66,17,5.0,745.0,Augmented XGBoost
0.105,0.20481927710843373,0.17525773195876287,0.18888888888888888,0.5682216043661827,1090,80,66,17,4.705882352941177,740.0,Augmented XGBoost
0.11,0.20481927710843373,0.18085106382978725,0.192090395480226,0.569503655648234,1093,77,66,17,4.529411764705882,737.0,Augmented XGBoost
0.115,0.20481927710843373,0.18888888888888888,0.19653179190751446,0.5712130573576357,1097,73,66,17,4.294117647058823,733.0,Augmented XGBoost
0.12,0.1927710843373494,0.18181818181818182,0.1871345029239766,0.5656163113994439,1098,72,67,16,4.5,742.0,Augmented XGBoost
0.125,0.1927710843373494,0.19047619047619047,0.19161676646706588,0.5673257131088456,1102,68,67,16,4.25,738.0,Augmented XGBoost
0.13,0.18072289156626506,0.19230769230769232,0.18633540372670807,0.5634383688600556,1107,63,68,15,4.2,743.0,Augmented XGBoost
0.135,0.18072289156626506,0.19230769230769232,0.18633540372670807,0.5634383688600556,1107,63,68,15,4.2,743.0,Augmented XGBoost
0.14,0.18072289156626506,0.19230769230769232,0.18633540372670807,0.5634383688600556,1107,63,68,15,4.2,743.0,Augmented XGBoost
0.145,0.18072289156626506,0.20833333333333334,0.1935483870967742,0.5660024714241582,1113,57,68,15,3.8,737.0,Augmented XGBoost
0.15,0.18072289156626506,0.2112676056338028,0.19480519480519481,0.5664298218515086,1114,56,68,15,3.7333333333333334,736.0,Augmented XGBoost
0.155,0.18072289156626506,0.2112676056338028,0.19480519480519481,0.5664298218515086,1114,56,68,15,3.7333333333333334,736.0,Augmented XGBoost
0.16,0.18072289156626506,0.22388059701492538,0.2,0.5681392235609103,1118,52,68,15,3.466666666666667,732.0,Augmented XGBoost
0.165,0.18072289156626506,0.24193548387096775,0.20689655172413793,0.5702759756976624,1123,47,68,15,3.1333333333333333,727.0,Augmented XGBoost
0.17,0.18072289156626506,0.2459016393442623,0.20833333333333334,0.5707033261250128,1124,46,68,15,3.066666666666667,726.0,Augmented XGBoost
0.17500000000000002,0.18072289156626506,0.25,0.2097902097902098,0.5711306765523633,1125,45,68,15,3.0,725.0,Augmented XGBoost
0.18,0.18072289156626506,0.25862068965517243,0.2127659574468085,0.5719853774070641,1127,43,68,15,2.8666666666666667,723.0,Augmented XGBoost
0.185,0.1686746987951807,0.2545454545454545,0.2028985507246377,0.5668159818762228,1129,41,69,14,2.9285714285714284,731.0,Augmented XGBoost
0.19,0.1566265060240964,0.2549019607843137,0.19402985074626866,0.562073936772732,1132,38,70,13,2.923076923076923,738.0,Augmented XGBoost
0.195,0.1566265060240964,0.26,0.19548872180451127,0.5625012872000824,1133,37,70,13,2.8461538461538463,737.0,Augmented XGBoost
0.2,0.1566265060240964,0.2708333333333333,0.1984732824427481,0.5633559880547833,1135,35,70,13,2.6923076923076925,735.0,Augmented XGBoost
0.20500000000000002,0.1566265060240964,0.2765957446808511,0.2,0.5637833384821337,1136,34,70,13,2.6153846153846154,734.0,Augmented XGBoost
0.21,0.1566265060240964,0.2765957446808511,0.2,0.5637833384821337,1136,34,70,13,2.6153846153846154,734.0,Augmented XGBoost
0.215,0.1566265060240964,0.2765957446808511,0.2,0.5637833384821337,1136,34,70,13,2.6153846153846154,734.0,Augmented XGBoost
0.22,0.1566265060240964,0.2826086956521739,0.20155038759689922,0.5642106889094841,1137,33,70,13,2.5384615384615383,733.0,Augmented XGBoost
0.225,0.1566265060240964,0.28888888888888886,0.203125,0.5646380393368345,1138,32,70,13,2.4615384615384617,732.0,Augmented XGBoost
0.23,0.1566265060240964,0.29545454545454547,0.2047244094488189,0.565065389764185,1139,31,70,13,2.3846153846153846,731.0,Augmented XGBoost
0.23500000000000001,0.1566265060240964,0.3023255813953488,0.20634920634920634,0.5654927401915354,1140,30,70,13,2.3076923076923075,730.0,Augmented XGBoost
0.24,0.1566265060240964,0.3170731707317073,0.20967741935483872,0.5663474410462362,1142,28,70,13,2.1538461538461537,728.0,Augmented XGBoost
0.245,0.14457831325301204,0.3,0.1951219512195122,0.560323344660694,1142,28,71,12,2.3333333333333335,738.0,Augmented XGBoost
0.25,0.14457831325301204,0.3,0.1951219512195122,0.560323344660694,1142,28,71,12,2.3333333333333335,738.0,Augmented XGBoost
0.255,0.14457831325301204,0.3,0.1951219512195122,0.560323344660694,1142,28,71,12,2.3333333333333335,738.0,Augmented XGBoost
0.26,0.14457831325301204,0.3157894736842105,0.19834710743801653,0.5611780455153949,1144,26,71,12,2.1666666666666665,736.0,Augmented XGBoost
0.265,0.14457831325301204,0.32432432432432434,0.2,0.5616053959427453,1145,25,71,12,2.0833333333333335,735.0,Augmented XGBoost
0.27,0.13253012048192772,0.3055555555555556,0.18487394957983194,0.5555812995572031,1145,25,72,11,2.272727272727273,745.0,Augmented XGBoost
0.275,0.13253012048192772,0.3142857142857143,0.1864406779661017,0.5560086499845536,1146,24,72,11,2.1818181818181817,744.0,Augmented XGBoost
0.28,0.13253012048192772,0.3142857142857143,0.1864406779661017,0.5560086499845536,1146,24,72,11,2.1818181818181817,744.0,Augmented XGBoost
0.28500000000000003,0.13253012048192772,0.3142857142857143,0.1864406779661017,0.5560086499845536,1146,24,72,11,2.1818181818181817,744.0,Augmented XGBoost
0.29,0.13253012048192772,0.3333333333333333,0.1896551724137931,0.5568633508392544,1148,22,72,11,2.0,742.0,Augmented XGBoost
0.295,0.13253012048192772,0.3333333333333333,0.1896551724137931,0.5568633508392544,1148,22,72,11,2.0,742.0,Augmented XGBoost
0.3,0.13253012048192772,0.3333333333333333,0.1896551724137931,0.5568633508392544,1148,22,72,11,2.0,742.0,Augmented XGBoost
0.305,0.13253012048192772,0.3333333333333333,0.1896551724137931,0.5568633508392544,1148,22,72,11,2.0,742.0,Augmented XGBoost
0.31,0.13253012048192772,0.34375,0.19130434782608696,0.5572907012666048,1149,21,72,11,1.9090909090909092,741.0,Augmented XGBoost
0.315,0.13253012048192772,0.3548387096774194,0.19298245614035087,0.5577180516939553,1150,20,72,11,1.8181818181818181,740.0,Augmented XGBoost
0.32,0.13253012048192772,0.3548387096774194,0.19298245614035087,0.5577180516939553,1150,20,72,11,1.8181818181818181,740.0,Augmented XGBoost
0.325,0.13253012048192772,0.3548387096774194,0.19298245614035087,0.5577180516939553,1150,20,72,11,1.8181818181818181,740.0,Augmented XGBoost
0.33,0.13253012048192772,0.3548387096774194,0.19298245614035087,0.5577180516939553,1150,20,72,11,1.8181818181818181,740.0,Augmented XGBoost
0.335,0.13253012048192772,0.3548387096774194,0.19298245614035087,0.5577180516939553,1150,20,72,11,1.8181818181818181,740.0,Augmented XGBoost
0.34,0.13253012048192772,0.3548387096774194,0.19298245614035087,0.5577180516939553,1150,20,72,11,1.8181818181818181,740.0,Augmented XGBoost
0.34500000000000003,0.13253012048192772,0.3548387096774194,0.19298245614035087,0.5577180516939553,1150,20,72,11,1.8181818181818181,740.0,Augmented XGBoost
0.35000000000000003,0.13253012048192772,0.36666666666666664,0.19469026548672566,0.5581454021213057,1151,19,72,11,1.7272727272727273,739.0,Augmented XGBoost
0.355,0.13253012048192772,0.36666666666666664,0.19469026548672566,0.5581454021213057,1151,19,72,11,1.7272727272727273,739.0,Augmented XGBoost
0.36,0.12048192771084337,0.35714285714285715,0.18018018018018017,0.552548656163114,1152,18,73,10,1.8,748.0,Augmented XGBoost
0.365,0.10843373493975904,0.3333333333333333,0.16363636363636364,0.5465245597775719,1152,18,74,9,2.0,758.0,Augmented XGBoost
0.37,0.10843373493975904,0.3333333333333333,0.16363636363636364,0.5465245597775719,1152,18,74,9,2.0,758.0,Augmented XGBoost
0.375,0.0963855421686747,0.3076923076923077,0.14678899082568808,0.5405004633920297,1152,18,75,8,2.25,768.0,Augmented XGBoost
0.38,0.0963855421686747,0.3076923076923077,0.14678899082568808,0.5405004633920297,1152,18,75,8,2.25,768.0,Augmented XGBoost
0.385,0.0963855421686747,0.3076923076923077,0.14678899082568808,0.5405004633920297,1152,18,75,8,2.25,768.0,Augmented XGBoost
0.39,0.08433734939759036,0.28,0.12962962962962962,0.5344763670064875,1152,18,76,7,2.5714285714285716,778.0,Augmented XGBoost
0.395,0.08433734939759036,0.28,0.12962962962962962,0.5344763670064875,1152,18,76,7,2.5714285714285716,778.0,Augmented XGBoost
0.4,0.060240963855421686,0.22727272727272727,0.09523809523809523,0.5228555246627536,1153,17,78,5,3.4,797.0,Augmented XGBoost
0.405,0.060240963855421686,0.22727272727272727,0.09523809523809523,0.5228555246627536,1153,17,78,5,3.4,797.0,Augmented XGBoost
0.41000000000000003,0.060240963855421686,0.22727272727272727,0.09523809523809523,0.5228555246627536,1153,17,78,5,3.4,797.0,Augmented XGBoost
0.41500000000000004,0.060240963855421686,0.25,0.0970873786407767,0.5237102255174545,1155,15,78,5,3.0,795.0,Augmented XGBoost
0.42,0.04819277108433735,0.21052631578947367,0.0784313725490196,0.5176861291319123,1155,15,79,4,3.75,805.0,Augmented XGBoost
0.425,0.04819277108433735,0.2222222222222222,0.07920792079207921,0.5181134795592627,1156,14,79,4,3.5,804.0,Augmented XGBoost
0.43,0.04819277108433735,0.2222222222222222,0.07920792079207921,0.5181134795592627,1156,14,79,4,3.5,804.0,Augmented XGBoost
0.435,0.04819277108433735,0.23529411764705882,0.08,0.5185408299866131,1157,13,79,4,3.25,803.0,Augmented XGBoost
0.44,0.04819277108433735,0.25,0.08080808080808081,0.5189681804139635,1158,12,79,4,3.0,802.0,Augmented XGBoost
0.445,0.04819277108433735,0.25,0.08080808080808081,0.5189681804139635,1158,12,79,4,3.0,802.0,Augmented XGBoost
0.45,0.04819277108433735,0.25,0.08080808080808081,0.5189681804139635,1158,12,79,4,3.0,802.0,Augmented XGBoost
0.455,0.04819277108433735,0.25,0.08080808080808081,0.5189681804139635,1158,12,79,4,3.0,802.0,Augmented XGBoost
0.46,0.04819277108433735,0.25,0.08080808080808081,0.5189681804139635,1158,12,79,4,3.0,802.0,Augmented XGBoost
0.465,0.04819277108433735,0.25,0.08080808080808081,0.5189681804139635,1158,12,79,4,3.0,802.0,Augmented XGBoost
0.47000000000000003,0.04819277108433735,0.25,0.08080808080808081,0.5189681804139635,1158,12,79,4,3.0,802.0,Augmented XGBoost
0.47500000000000003,0.04819277108433735,0.26666666666666666,0.08163265306122448,0.519395530841314,1159,11,79,4,2.75,801.0,Augmented XGBoost
0.48,0.04819277108433735,0.26666666666666666,0.08163265306122448,0.519395530841314,1159,11,79,4,2.75,801.0,Augmented XGBoost
0.485,0.04819277108433735,0.2857142857142857,0.08247422680412371,0.5198228812686644,1160,10,79,4,2.5,800.0,Augmented XGBoost
0.49,0.03614457831325301,0.23076923076923078,0.0625,0.5137987848831223,1160,10,80,3,3.3333333333333335,810.0,Augmented XGBoost
0.495,0.03614457831325301,0.23076923076923078,0.0625,0.5137987848831223,1160,10,80,3,3.3333333333333335,810.0,Augmented XGBoost
0.5,0.03614457831325301,0.2727272727272727,0.06382978723404255,0.5146534857378231,1162,8,80,3,2.6666666666666665,808.0,Augmented XGBoost
0.505,0.03614457831325301,0.2727272727272727,0.06382978723404255,0.5146534857378231,1162,8,80,3,2.6666666666666665,808.0,Augmented XGBoost
0.51,0.03614457831325301,0.3,0.06451612903225806,0.5150808361651735,1163,7,80,3,2.3333333333333335,807.0,Augmented XGBoost
0.515,0.03614457831325301,0.3333333333333333,0.06521739130434782,0.515508186592524,1164,6,80,3,2.0,806.0,Augmented XGBoost
0.52,0.024096385542168676,0.25,0.04395604395604396,0.5094840902069818,1164,6,81,2,3.0,816.0,Augmented XGBoost
0.525,0.024096385542168676,0.25,0.04395604395604396,0.5094840902069818,1164,6,81,2,3.0,816.0,Augmented XGBoost
0.53,0.024096385542168676,0.2857142857142857,0.044444444444444446,0.5099114406343322,1165,5,81,2,2.5,815.0,Augmented XGBoost
0.535,0.024096385542168676,0.3333333333333333,0.0449438202247191,0.5103387910616827,1166,4,81,2,2.0,814.0,Augmented XGBoost
0.54,0.024096385542168676,0.4,0.045454545454545456,0.5107661414890331,1167,3,81,2,1.5,813.0,Augmented XGBoost
0.545,0.024096385542168676,0.4,0.045454545454545456,0.5107661414890331,1167,3,81,2,1.5,813.0,Augmented XGBoost
0.55,0.012048192771084338,0.25,0.022988505747126436,0.5047420451034909,1167,3,82,1,3.0,823.0,Augmented XGBoost
0.555,0.0,0.0,0.0,0.4987179487179487,1167,3,83,0,inf,833.0,Augmented XGBoost
0.56,0.0,0.0,0.0,0.4987179487179487,1167,3,83,0,inf,833.0,Augmented XGBoost
0.5650000000000001,0.0,0.0,0.0,0.4987179487179487,1167,3,83,0,inf,833.0,Augmented XGBoost
0.5700000000000001,0.0,0.0,0.0,0.4987179487179487,1167,3,83,0,inf,833.0,Augmented XGBoost
0.5750000000000001,0.0,0.0,0.0,0.4987179487179487,1167,3,83,0,inf,833.0,Augmented XGBoost
0.58,0.0,0.0,0.0,0.4987179487179487,1167,3,83,0,inf,833.0,Augmented XGBoost
0.585,0.0,0.0,0.0,0.4987179487179487,1167,3,83,0,inf,833.0,Augmented XGBoost
0.59,0.0,0.0,0.0,0.4987179487179487,1167,3,83,0,inf,833.0,Augmented XGBoost
0.595,0.0,0.0,0.0,0.4987179487179487,1167,3,83,0,inf,833.0,Augmented XGBoost
0.6,0.0,0.0,0.0,0.4987179487179487,1167,3,83,0,inf,833.0,Augmented XGBoost
0.605,0.0,0.0,0.0,0.4987179487179487,1167,3,83,0,inf,833.0,Augmented XGBoost
0.61,0.0,0.0,0.0,0.4987179487179487,1167,3,83,0,inf,833.0,Augmented XGBoost
0.615,0.0,0.0,0.0,0.4987179487179487,1167,3,83,0,inf,833.0,Augmented XGBoost
0.62,0.0,0.0,0.0,0.49914529914529915,1168,2,83,0,inf,832.0,Augmented XGBoost
0.625,0.0,0.0,0.0,0.49914529914529915,1168,2,83,0,inf,832.0,Augmented XGBoost
0.63,0.0,0.0,0.0,0.49914529914529915,1168,2,83,0,inf,832.0,Augmented XGBoost
0.635,0.0,0.0,0.0,0.49914529914529915,1168,2,83,0,inf,832.0,Augmented XGBoost
0.64,0.0,0.0,0.0,0.4995726495726496,1169,1,83,0,inf,831.0,Augmented XGBoost
0.645,0.0,0.0,0.0,0.4995726495726496,1169,1,83,0,inf,831.0,Augmented XGBoost
0.65,0.0,0.0,0.0,0.4995726495726496,1169,1,83,0,inf,831.0,Augmented XGBoost
0.655,0.0,0.0,0.0,0.4995726495726496,1169,1,83,0,inf,831.0,Augmented XGBoost
0.66,0.0,0.0,0.0,0.4995726495726496,1169,1,83,0,inf,831.0,Augmented XGBoost
0.665,0.0,0.0,0.0,0.4995726495726496,1169,1,83,0,inf,831.0,Augmented XGBoost
0.67,0.0,0.0,0.0,0.4995726495726496,1169,1,83,0,inf,831.0,Augmented XGBoost
0.675,0.0,0.0,0.0,0.4995726495726496,1169,1,83,0,inf,831.0,Augmented XGBoost
0.68,0.0,0.0,0.0,0.4995726495726496,1169,1,83,0,inf,831.0,Augmented XGBoost
0.685,0.0,0.0,0.0,0.4995726495726496,1169,1,83,0,inf,831.0,Augmented XGBoost
0.6900000000000001,0.0,0.0,0.0,0.4995726495726496,1169,1,83,0,inf,831.0,Augmented XGBoost
0.6950000000000001,0.0,0.0,0.0,0.4995726495726496,1169,1,83,0,inf,831.0,Augmented XGBoost
0.7000000000000001,0.0,0.0,0.0,0.4995726495726496,1169,1,83,0,inf,831.0,Augmented XGBoost
0.705,0.0,0.0,0.0,0.4995726495726496,1169,1,83,0,inf,831.0,Augmented XGBoost
0.71,0.0,0.0,0.0,0.4995726495726496,1169,1,83,0,inf,831.0,Augmented XGBoost
0.715,0.0,0.0,0.0,0.4995726495726496,1169,1,83,0,inf,831.0,Augmented XGBoost
0.72,0.0,0.0,0.0,0.4995726495726496,1169,1,83,0,inf,831.0,Augmented XGBoost
0.725,0.0,0.0,0.0,0.4995726495726496,1169,1,83,0,inf,831.0,Augmented XGBoost
0.73,0.0,0.0,0.0,0.4995726495726496,1169,1,83,0,inf,831.0,Augmented XGBoost
0.735,0.0,0.0,0.0,0.5,1170,0,83,0,inf,830.0,Augmented XGBoost
0.74,0.0,0.0,0.0,0.5,1170,0,83,0,inf,830.0,Augmented XGBoost
0.745,0.0,0.0,0.0,0.5,1170,0,83,0,inf,830.0,Augmented XGBoost
0.75,0.0,0.0,0.0,0.5,1170,0,83,0,inf,830.0,Augmented XGBoost
0.755,0.0,0.0,0.0,0.5,1170,0,83,0,inf,830.0,Augmented XGBoost
0.76,0.0,0.0,0.0,0.5,1170,0,83,0,inf,830.0,Augmented XGBoost
0.765,0.0,0.0,0.0,0.5,1170,0,83,0,inf,830.0,Augmented XGBoost
0.77,0.0,0.0,0.0,0.5,1170,0,83,0,inf,830.0,Augmented XGBoost
0.775,0.0,0.0,0.0,0.5,1170,0,83,0,inf,830.0,Augmented XGBoost
0.78,0.0,0.0,0.0,0.5,1170,0,83,0,inf,830.0,Augmented XGBoost
0.785,0.0,0.0,0.0,0.5,1170,0,83,0,inf,830.0,Augmented XGBoost
0.79,0.0,0.0,0.0,0.5,1170,0,83,0,inf,830.0,Augmented XGBoost
0.795,0.0,0.0,0.0,0.5,1170,0,83,0,inf,830.0,Augmented XGBoost
0.8,0.0,0.0,0.0,0.5,1170,0,83,0,inf,830.0,Augmented XGBoost
0.805,0.0,0.0,0.0,0.5,1170,0,83,0,inf,830.0,Augmented XGBoost
0.81,0.0,0.0,0.0,0.5,1170,0,83,0,inf,830.0,Augmented XGBoost
0.8150000000000001,0.0,0.0,0.0,0.5,1170,0,83,0,inf,830.0,Augmented XGBoost
0.8200000000000001,0.0,0.0,0.0,0.5,1170,0,83,0,inf,830.0,Augmented XGBoost
0.8250000000000001,0.0,0.0,0.0,0.5,1170,0,83,0,inf,830.0,Augmented XGBoost
0.8300000000000001,0.0,0.0,0.0,0.5,1170,0,83,0,inf,830.0,Augmented XGBoost
0.835,0.0,0.0,0.0,0.5,1170,0,83,0,inf,830.0,Augmented XGBoost
0.84,0.0,0.0,0.0,0.5,1170,0,83,0,inf,830.0,Augmented XGBoost
0.845,0.0,0.0,0.0,0.5,1170,0,83,0,inf,830.0,Augmented XGBoost
0.85,0.0,0.0,0.0,0.5,1170,0,83,0,inf,830.0,Augmented XGBoost
0.855,0.0,0.0,0.0,0.5,1170,0,83,0,inf,830.0,Augmented XGBoost
0.86,0.0,0.0,0.0,0.5,1170,0,83,0,inf,830.0,Augmented XGBoost
0.865,0.0,0.0,0.0,0.5,1170,0,83,0,inf,830.0,Augmented XGBoost
0.87,0.0,0.0,0.0,0.5,1170,0,83,0,inf,830.0,Augmented XGBoost
0.875,0.0,0.0,0.0,0.5,1170,0,83,0,inf,830.0,Augmented XGBoost
0.88,0.0,0.0,0.0,0.5,1170,0,83,0,inf,830.0,Augmented XGBoost
0.885,0.0,0.0,0.0,0.5,1170,0,83,0,inf,830.0,Augmented XGBoost
0.89,0.0,0.0,0.0,0.5,1170,0,83,0,inf,830.0,Augmented XGBoost
0.895,0.0,0.0,0.0,0.5,1170,0,83,0,inf,830.0,Augmented XGBoost
0.9,0.0,0.0,0.0,0.5,1170,0,83,0,inf,830.0,Augmented XGBoost
0.905,0.0,0.0,0.0,0.5,1170,0,83,0,inf,830.0,Augmented XGBoost
0.91,0.0,0.0,0.0,0.5,1170,0,83,0,inf,830.0,Augmented XGBoost
0.915,0.0,0.0,0.0,0.5,1170,0,83,0,inf,830.0,Augmented XGBoost
0.92,0.0,0.0,0.0,0.5,1170,0,83,0,inf,830.0,Augmented XGBoost
0.925,0.0,0.0,0.0,0.5,1170,0,83,0,inf,830.0,Augmented XGBoost
0.93,0.0,0.0,0.0,0.5,1170,0,83,0,inf,830.0,Augmented XGBoost
0.935,0.0,0.0,0.0,0.5,1170,0,83,0,inf,830.0,Augmented XGBoost
0.9400000000000001,0.0,0.0,0.0,0.5,1170,0,83,0,inf,830.0,Augmented XGBoost
0.9450000000000001,0.0,0.0,0.0,0.5,1170,0,83,0,inf,830.0,Augmented XGBoost
0.9500000000000001,0.0,0.0,0.0,0.5,1170,0,83,0,inf,830.0,Augmented XGBoost
0.9550000000000001,0.0,0.0,0.0,0.5,1170,0,83,0,inf,830.0,Augmented XGBoost
0.96,0.0,0.0,0.0,0.5,1170,0,83,0,inf,830.0,Augmented XGBoost
0.965,0.0,0.0,0.0,0.5,1170,0,83,0,inf,830.0,Augmented XGBoost
0.97,0.0,0.0,0.0,0.5,1170,0,83,0,inf,830.0,Augmented XGBoost
0.975,0.0,0.0,0.0,0.5,1170,0,83,0,inf,830.0,Augmented XGBoost
0.98,0.0,0.0,0.0,0.5,1170,0,83,0,inf,830.0,Augmented XGBoost
0.985,0.0,0.0,0.0,0.5,1170,0,83,0,inf,830.0,Augmented XGBoost
0.99,0.0,0.0,0.0,0.5,1170,0,83,0,inf,830.0,Augmented XGBoost
0.995,0.0,0.0,0.0,0.5,1170,0,83,0,inf,830.0,Augmented XGBoost
