feature,wafers_ranked,average_investigation_rank,average_priority_score,priority_1_count,actual_failure_wafers,positive_shap_rate,mean_absolute_robust_z,missing_measurement_rate
sensor_104,310,2.1225806451612903,0.7284274193548387,128,21,0.2806451612903226,0.6406810035842296,0.0
sensor_060,255,2.996078431372549,0.682843137254902,57,18,0.21568627450980393,0.9210261548407407,0.00784313725490196
sensor_034,135,3.140740740740741,0.6608333333333334,34,9,0.4444444444444444,1.8060217937454695,0.0
sensor_478,169,3.5502958579881656,0.635576923076923,25,14,0.24260355029585798,1.0409204558669614,0.005917159763313609
sensor_424,54,3.9074074074074074,0.6171296296296297,16,3,0.7407407407407407,1.6140532094702922,0.0
sensor_511,168,4.5773809523809526,0.6076636904761905,11,10,0.30357142857142855,1.005213204571352,0.0
sensor_153,37,2.3783783783783785,0.6976351351351351,9,7,1.0,2.7330541725446196,0.0
sensor_065,52,4.75,0.5980769230769231,7,4,0.7115384615384616,1.431789948217052,0.0
sensor_206,153,4.758169934640523,0.5987745098039216,5,11,0.3202614379084967,1.1258470142212618,0.0
sensor_342,90,5.2555555555555555,0.5798611111111112,5,7,0.5222222222222223,1.56284751536774,0.011111111111111112
sensor_214,66,4.5606060606060606,0.5662878787878788,3,7,0.06060606060606061,1.4148084619782733,0.0
sensor_015,58,4.913793103448276,0.5599137931034484,3,4,0.5517241379310345,1.073080172344848,0.0
sensor_317,92,5.782608695652174,0.5177989130434782,3,3,0.15217391304347827,1.176889638336526,0.0
sensor_082,20,5.25,0.5549999999999999,1,0,0.95,2.022448979591837,0.0
sensor_032,54,5.351851851851852,0.5416666666666666,1,3,0.0,7.474710136481444,0.0
sensor_432,71,5.535211267605634,0.5390845070422535,1,6,0.1267605633802817,1.9987198867272074,0.0
sensor_282,52,5.788461538461538,0.525,1,6,0.09615384615384616,1.5486906710310964,0.0
sensor_181,51,6.352941176470588,0.5080882352941177,1,2,0.1568627450980392,1.356475842468534,0.0
sensor_520,85,6.788235294117647,0.4786764705882353,1,6,0.24705882352941178,1.3695758603346018,0.0
sensor_386,37,6.837837837837838,0.47229729729729736,1,4,0.6216216216216216,2.1613175675675675,0.0
sensor_125,33,8.242424242424242,0.38636363636363635,1,1,0.18181818181818182,1.099567099567106,0.0
sensor_512,10,5.7,0.5662499999999999,0,1,1.0,1.5432187270699178,0.0
sensor_421,1,6.0,0.5625,0,0,1.0,3.175952955112746,0.0
sensor_472,1,4.0,0.5625,0,0,1.0,5.245183125831017,0.0
sensor_434,8,5.25,0.553125,0,1,1.0,2.4039105314935085,0.0
sensor_001,5,5.2,0.535,0,0,1.0,1.6574314255753546,0.0
sensor_066,20,5.75,0.53125,0,3,1.0,2.9165178153089832,0.0
sensor_589,2,4.5,0.53125,0,0,1.0,2.2666666666666666,0.0
sensor_017,3,6.666666666666667,0.5291666666666667,0,0,1.0,3.1319989940679656,0.0
sensor_349,3,5.666666666666667,0.525,0,0,1.0,5.519298245614036,0.0
sensor_103,17,5.882352941176471,0.524264705882353,0,1,0.8823529411764706,1.2651978609625671,0.0
sensor_288,8,5.625,0.5234375,0,1,1.0,2.3780378037803773,0.0
sensor_563,4,5.75,0.515625,0,1,1.0,3.519274583067506,0.0
sensor_426,9,6.222222222222222,0.5138888888888888,0,1,1.0,2.109704171800273,0.0
sensor_130,51,6.549019607843137,0.5125,0,1,0.13725490196078433,2.7087705518259884,0.0
sensor_133,12,6.5,0.5114583333333333,0,2,1.0,1.283333333333331,0.0
sensor_542,2,7.5,0.5062500000000001,0,0,1.0,1.2725653371927965,0.0
sensor_489,30,6.866666666666666,0.5033333333333333,0,1,1.0,0.9662456180842903,0.0
sensor_352,69,6.913043478260869,0.496195652173913,0,6,0.0,0.8755681330932167,0.0
sensor_011,1,8.0,0.48750000000000004,0,0,1.0,1.4424778761061947,0.0
sensor_576,1,7.0,0.4875,0,0,1.0,0.9739583333333333,0.0
sensor_126,74,6.783783783783784,0.4839527027027027,0,4,0.04054054054054054,1.154885083102905,0.0
sensor_064,24,6.583333333333333,0.48333333333333334,0,2,1.0,1.9232621956693174,0.0
sensor_124,1,6.0,0.47500000000000003,0,0,1.0,2.076923076923075,0.0
sensor_476,14,6.928571428571429,0.46785714285714286,0,2,1.0,1.7856566959606541,0.0
sensor_131,53,7.584905660377358,0.4634433962264151,0,1,0.03773584905660377,1.1021639989269427,0.0
sensor_406,7,7.571428571428571,0.46071428571428574,0,0,1.0,0.8730158730158732,0.0
sensor_068,4,8.0,0.45937500000000003,0,0,1.0,2.693201376936318,0.0
sensor_056,8,8.0,0.45625,0,0,1.0,0.8453947368421053,0.0
sensor_147,19,7.7894736842105265,0.45592105263157895,0,1,0.0,3.0118039161227617,0.0
sensor_039,1,6.0,0.45,0,0,1.0,1.6555977229601775,0.0
sensor_271,9,7.666666666666667,0.44583333333333336,0,2,0.1111111111111111,1.9326017515243312,0.0
sensor_578,37,7.4324324324324325,0.44054054054054054,0,2,0.02702702702702703,2.394546886729863,0.0
sensor_036,4,8.25,0.4375,0,1,0.0,20.176754108723028,0.0
sensor_268,3,9.333333333333334,0.4375,0,0,1.0,0.9558823529411763,0.0
sensor_029,47,8.297872340425531,0.4300531914893618,0,2,0.0,1.2266361067712757,0.0
sensor_201,52,7.884615384615385,0.42403846153846153,0,5,0.0,0.9666894153586163,0.0
sensor_022,11,7.7272727272727275,0.42045454545454547,0,1,0.09090909090909091,1.5564932947257113,0.0
sensor_453,35,8.771428571428572,0.4203571428571429,0,1,0.05714285714285714,1.3400825548555284,0.0
sensor_123,15,8.733333333333333,0.4141666666666667,0,1,0.0,1.5554080221300135,0.0
sensor_411,1,7.0,0.4125,0,0,0.0,1.40200651798837,0.0
sensor_184,13,8.692307692307692,0.4057692307692307,0,1,0.0,0.910229569541277,0.0
sensor_574,13,7.923076923076923,0.4,0,1,0.46153846153846156,2.1046794377557676,0.0
sensor_334,1,8.0,0.39999999999999997,0,0,0.0,1.2616523487479443,0.0
sensor_389,29,8.586206896551724,0.39741379310344827,0,3,0.0,0.9605566785923784,0.0
sensor_182,8,9.625,0.3953125,0,1,0.0,1.3968573730862208,0.0
sensor_228,2,8.0,0.39375,0,0,0.0,1.2564102564102564,0.0
sensor_057,2,8.0,0.39374999999999993,0,0,0.0,1.3312101910828076,0.0
sensor_087,1,8.0,0.38749999999999996,0,0,0.0,2.984644913627624,0.0
sensor_454,1,10.0,0.38749999999999996,0,0,0.0,1.2625725490196078,0.0
sensor_417,2,9.5,0.38125000000000003,0,0,0.0,1.2181215551914193,0.0
sensor_548,32,8.25,0.380859375,0,3,0.0,1.246306734453288,0.0
sensor_020,9,9.333333333333334,0.38055555555555554,0,0,0.0,2.3434111493813203,0.0
sensor_208,3,9.0,0.3791666666666667,0,0,0.0,1.4690949227373071,0.0
sensor_378,9,7.777777777777778,0.375,0,1,0.0,1.4888888888888887,0.0
sensor_485,10,8.6,0.375,0,0,0.0,2.4759936117352646,0.0
sensor_564,35,8.914285714285715,0.3678571428571429,0,1,0.0,1.0785091642550202,0.0
sensor_296,4,8.75,0.365625,0,1,0.0,0.8852150819713693,0.0
sensor_253,10,9.4,0.36500000000000005,0,1,0.0,0.8802135364635365,0.0
sensor_092,2,9.5,0.36250000000000004,0,0,0.0,1.412972972972973,0.0
sensor_188,1,10.0,0.3625,0,0,0.0,1.0639810426540284,0.0
sensor_469,16,8.75,0.36015625,0,0,0.0,1.185179855064121,0.0
sensor_418,6,9.333333333333334,0.35833333333333334,0,0,0.0,1.2218057600682204,0.0
sensor_128,2,9.0,0.35625,0,0,0.0,1.6197946377638344,0.0
sensor_470,26,8.961538461538462,0.35528846153846155,0,1,0.0,1.12496258605208,0.0
sensor_173,8,9.375,0.3515625,0,0,0.0,1.166402116402116,0.0
sensor_079,1,9.0,0.35,0,1,0.0,1.6308943089430894,0.0
sensor_480,15,9.133333333333333,0.3483333333333334,0,0,0.0,1.498098299183072,0.0
sensor_183,6,9.5,0.3479166666666667,0,0,0.0,1.1780167264038235,0.0
sensor_281,10,9.2,0.34375000000000006,0,0,0.0,2.4123076923076927,0.0
sensor_127,9,9.0,0.3430555555555556,0,0,0.1111111111111111,1.0098684210526327,0.0
sensor_303,1,10.0,0.3375,0,0,0.0,0.8939905469277515,0.0
sensor_447,5,9.6,0.335,0,0,0.0,1.2052017937219723,0.0
sensor_308,13,9.153846153846153,0.33076923076923076,0,1,0.0,0.9368131868131866,0.0
sensor_310,10,9.0,0.325,0,1,0.0,1.2728021978021973,0.0
sensor_051,1,10.0,0.32499999999999996,0,0,0.0,1.5055290424949066,0.0
sensor_248,64,9.734375,0.3173828125,0,2,0.0,0.3147389481707317,0.0
sensor_203,1,10.0,0.31250000000000006,0,0,0.0,0.7041911680171684,0.0
sensor_198,1,10.0,0.3125,0,0,0.0,1.4906542056074772,0.0
sensor_444,7,9.428571428571429,0.3071428571428571,0,1,0.0,1.0374670184696568,0.0
sensor_059,4,9.75,0.290625,0,0,0.0,0.6254101348888101,0.0
sensor_461,11,9.909090909090908,0.2818181818181818,0,0,0.0,0.7912019504639661,0.0
sensor_456,2,9.5,0.28125,0,0,0.0,0.9491314922463903,0.0
sensor_324,1,10.0,0.275,0,0,0.0,0.6848338620191307,0.0
sensor_561,3,10.0,0.27499999999999997,0,0,0.0,0.5297504798464491,0.0
sensor_122,9,9.666666666666666,0.2625,0,0,0.0,0.8803418803418835,0.0
sensor_431,1,10.0,0.23750000000000002,0,0,0.0,0.48207715457756445,0.0
sensor_189,1,10.0,0.2375,0,0,0.0,0.8451129416404981,0.0
sensor_144,1,10.0,0.175,0,0,0.0,1.0625000000000002,0.0
