event_id,timestamp_utc,event_type,category,outcome,user_email,display_name,role,auth_source,session_id,request_id,source_component,client_ip,user_agent,resource_type,resource_id,action,message,details_json,duration_ms,previous_event_hash,event_hash
00c8dab1-4c9b-4690-a04a-8cf635483970,2026-07-13T07:24:23.995075+00:00,login_attempt,authentication,success,barkavi@hevemind.local,,admin,development,,,21_secure_access_gateway,,,,,login_attempt,,"{""legacy_fingerprint"":""c32d8e608042f1673dcca490c8b8c832eb06f3618747d0e9f11dc5c1dcf63d20"",""legacy_line_number"":9,""legacy_timestamp_utc"":""2026-07-13T06:52:02.774406+00:00""}",,7d39acb3bf5a5aa340e98b203a7ee4ee4ec880e1c942832f4620f6a92f3a9659,4cb9cf011fc24aaf045c7f3cc6df9391eaa25f32d10cc22d03aad001de1505f2
8fb0ab1b-7a29-4227-817d-9b0259df24a6,2026-07-13T07:24:23.993908+00:00,login_attempt,authentication,success,barkavi@hevemind.local,,admin,development,,,21_secure_access_gateway,,,,,login_attempt,,"{""legacy_fingerprint"":""c7d8f579022c4a847f2beabc7ba8a316352dddccb1710fc0a5160a86235394c1"",""legacy_line_number"":8,""legacy_timestamp_utc"":""2026-07-13T06:37:51.292502+00:00""}",,34a6c3e6112811ced0ed8bf5cc0798778516906941cb76ccb957860b852958c1,7d39acb3bf5a5aa340e98b203a7ee4ee4ec880e1c942832f4620f6a92f3a9659
615af9de-09c2-4998-8c70-5c05f329073c,2026-07-13T07:24:23.992826+00:00,login_attempt,authentication,success,barkavi@hevemind.local,,admin,development,,,21_secure_access_gateway,,,,,login_attempt,,"{""legacy_fingerprint"":""84f1d22cd3039297dff9d14392482416029fa9d1bab51e50d3598d7672514864"",""legacy_line_number"":7,""legacy_timestamp_utc"":""2026-07-13T06:32:40.479509+00:00""}",,aeb3b0568ca5583f67bca4a0e483ca86b996cbcc38887909b6ec726eb0510522,34a6c3e6112811ced0ed8bf5cc0798778516906941cb76ccb957860b852958c1
1aabbc3f-2340-4941-aabd-c7ffb734c417,2026-07-13T07:24:23.991891+00:00,login_attempt,authentication,failure,,,,development,,,21_secure_access_gateway,,,,,login_attempt,"Unknown, inactive, or unauthorised account.","{""legacy_fingerprint"":""95676351ce0276138fc436cd3d4e9d759c28ff3ea146ad741151bdaafc48375a"",""legacy_line_number"":6,""legacy_timestamp_utc"":""2026-07-13T06:15:21.250240+00:00""}",,d4a0c65579492a417b14d742385b47523d4fdbe4c8fe01b15a277134baf8c2b0,aeb3b0568ca5583f67bca4a0e483ca86b996cbcc38887909b6ec726eb0510522
88617d27-fd53-425c-9509-215177981a1d,2026-07-13T07:24:23.990955+00:00,login_attempt,authentication,success,barkavi@hevemind.local,,admin,development,,,21_secure_access_gateway,,,,,login_attempt,,"{""legacy_fingerprint"":""84fddff7d5f2809e488e28efa684b5b49f5b8a95a8f5a3b337850ed2ab19bf06"",""legacy_line_number"":5,""legacy_timestamp_utc"":""2026-07-13T04:56:39.825798+00:00""}",,65677111fbbdb41dab614821e83e46bb8b04898c1bcce6c82edd62810c0b6ab8,d4a0c65579492a417b14d742385b47523d4fdbe4c8fe01b15a277134baf8c2b0
f62ccf22-10da-4b05-8027-5a40165358b8,2026-07-13T07:24:23.989850+00:00,login_attempt,authentication,success,barkavi@hevemind.local,,admin,development,,,21_secure_access_gateway,,,,,login_attempt,,"{""legacy_fingerprint"":""31cbd2be33ad2ac74bd019164253387866d4450b9ea3f84a859a77b5f5fb8a1b"",""legacy_line_number"":4,""legacy_timestamp_utc"":""2026-07-13T04:46:14.776314+00:00""}",,9113bdcf9b5aa03c9537602ac30cc00126552db1f9ebe03f50a9f1fd37bb0afa,65677111fbbdb41dab614821e83e46bb8b04898c1bcce6c82edd62810c0b6ab8
6af89c01-c65f-43f7-8ffd-7db5b89a2a0c,2026-07-13T07:24:23.988820+00:00,login_attempt,authentication,success,barkavi@hevemind.local,,admin,development,,,21_secure_access_gateway,,,,,login_attempt,,"{""legacy_fingerprint"":""fc3847e58f9d54b6b5c870360416db3fcc9a6350e3be90ce0ce688f0320cde37"",""legacy_line_number"":3,""legacy_timestamp_utc"":""2026-07-13T04:45:21.587203+00:00""}",,4e3e2571fbc420c1049493ebc8b0afd8fe7e14b60e5866ee654feccf2cbfc5d8,9113bdcf9b5aa03c9537602ac30cc00126552db1f9ebe03f50a9f1fd37bb0afa
3ae15970-2a8a-481f-80e3-1f1d6544b566,2026-07-13T07:24:23.987746+00:00,login_attempt,authentication,failure,barkavi@hevemind.local,,admin,development,,,21_secure_access_gateway,,,,,login_attempt,Invalid password. Attempt 1 of 5.,"{""legacy_fingerprint"":""9327d9598d214e1c078a3c3351439afeec05f8b6013d2d6fb5711c630e916b71"",""legacy_line_number"":2,""legacy_timestamp_utc"":""2026-07-13T04:45:14.349185+00:00""}",,4ff2c8c606b28fbddd5d9135602c8c192aec18eaeb46e5d13c1b42128061ce77,4e3e2571fbc420c1049493ebc8b0afd8fe7e14b60e5866ee654feccf2cbfc5d8
26633dd4-7a79-4ee2-8dd2-29915207ae5e,2026-07-13T07:24:23.986474+00:00,development_user_created_or_updated,authentication,success,barkavi@hevemind.local,,admin,administration_cli,,,21_secure_access_gateway,,,,,development_user_created_or_updated,,"{""legacy_fingerprint"":""5ac450c189a1eec4733c5d9f4be6bcb74bc83816c0956d4e7a78c8bae4efc022"",""legacy_line_number"":1,""legacy_timestamp_utc"":""2026-07-13T04:43:17.205140+00:00""}",,,4ff2c8c606b28fbddd5d9135602c8c192aec18eaeb46e5d13c1b42128061ce77
