alert_id,run_id,generated_utc,category,alert_type,severity,resource_type,resource_id,metric_name,observed_value,threshold_value,message,recommended_action,evidence_json,severity_rank
0c5bd7795612ef7ad094,7d44f4360ad11644,2026-07-14T13:04:49.092284+00:00,Feature Drift,sensor_distribution_shift,Critical,sensor_feature,sensor_075,constant_sensor_change,,,"sensor_075 is classified as Critical for distribution drift (PSI=0.0000, KS=0.0008, standardised mean shift=0.0283, missing-rate difference=0.0032).","Escalate process and sensor review, compare with maintenance and recipe changes, and assess retraining immediately.","{""current_constant"": true, ""feature_health_score"": 94.75, ""ks_p_value"": 0.9625672272684133, ""ks_statistic"": 0.0008006405124099114, ""missing_rate_difference"": 0.0031770883637232427, ""notes"": ""Current sensor is constant. Sensor became constant in current data. Current missingness exceeds reference missingness."", ""psi"": 0.0, ""reference_constant"": false, ""standardised_mean_shift"": 0.02829559174871464}",3
95916b53b08a2f98beed,7d44f4360ad11644,2026-07-14T13:04:49.092284+00:00,Feature Drift,sensor_distribution_shift,Critical,sensor_feature,sensor_207,constant_sensor_change,,,"sensor_207 is classified as Critical for distribution drift (PSI=0.0000, KS=0.0008, standardised mean shift=0.0283, missing-rate difference=0.0032).","Escalate process and sensor review, compare with maintenance and recipe changes, and assess retraining immediately.","{""current_constant"": true, ""feature_health_score"": 94.75, ""ks_p_value"": 0.9625672272684133, ""ks_statistic"": 0.0008006405124099114, ""missing_rate_difference"": 0.0031770883637232427, ""notes"": ""Current sensor is constant. Sensor became constant in current data. Current missingness exceeds reference missingness."", ""psi"": 0.0, ""reference_constant"": false, ""standardised_mean_shift"": 0.028295591748714634}",3
92c706a2eb45239a3756,7d44f4360ad11644,2026-07-14T13:04:49.092284+00:00,Feature Drift,sensor_distribution_shift,Critical,sensor_feature,sensor_210,constant_sensor_change,,,"sensor_210 is classified as Critical for distribution drift (PSI=0.0000, KS=0.0008, standardised mean shift=0.0283, missing-rate difference=0.0032).","Escalate process and sensor review, compare with maintenance and recipe changes, and assess retraining immediately.","{""current_constant"": true, ""feature_health_score"": 94.75, ""ks_p_value"": 0.9625672272684133, ""ks_statistic"": 0.0008006405124099114, ""missing_rate_difference"": 0.0031770883637232427, ""notes"": ""Current sensor is constant. Sensor became constant in current data. Current missingness exceeds reference missingness."", ""psi"": 0.0, ""reference_constant"": false, ""standardised_mean_shift"": 0.028295591748714637}",3
66d718f149ebcae9c6bf,7d44f4360ad11644,2026-07-14T13:04:49.092284+00:00,Feature Drift,sensor_distribution_shift,Critical,sensor_feature,sensor_343,constant_sensor_change,,,"sensor_343 is classified as Critical for distribution drift (PSI=0.0000, KS=0.0008, standardised mean shift=0.0283, missing-rate difference=0.0032).","Escalate process and sensor review, compare with maintenance and recipe changes, and assess retraining immediately.","{""current_constant"": true, ""feature_health_score"": 94.75, ""ks_p_value"": 0.9625672272684133, ""ks_statistic"": 0.0008006405124099114, ""missing_rate_difference"": 0.0031770883637232427, ""notes"": ""Current sensor is constant. Sensor became constant in current data. Current missingness exceeds reference missingness."", ""psi"": 0.0, ""reference_constant"": false, ""standardised_mean_shift"": 0.02829559174871464}",3
9a2280e7e6037b4bf33c,7d44f4360ad11644,2026-07-14T13:04:49.092284+00:00,Feature Drift,sensor_distribution_shift,Critical,sensor_feature,sensor_348,constant_sensor_change,,,"sensor_348 is classified as Critical for distribution drift (PSI=0.0000, KS=0.0008, standardised mean shift=0.0283, missing-rate difference=0.0032).","Escalate process and sensor review, compare with maintenance and recipe changes, and assess retraining immediately.","{""current_constant"": true, ""feature_health_score"": 94.75, ""ks_p_value"": 0.9625672272684133, ""ks_statistic"": 0.0008006405124099114, ""missing_rate_difference"": 0.0031770883637232427, ""notes"": ""Current sensor is constant. Sensor became constant in current data. Current missingness exceeds reference missingness."", ""psi"": 0.0, ""reference_constant"": false, ""standardised_mean_shift"": 0.02829559174871464}",3
36f627b84d794924bb72,7d44f4360ad11644,2026-07-14T13:04:49.092284+00:00,Feature Drift,sensor_distribution_shift,Critical,sensor_feature,sensor_479,constant_sensor_change,,,"sensor_479 is classified as Critical for distribution drift (PSI=0.0000, KS=0.0008, standardised mean shift=0.0283, missing-rate difference=0.0032).","Escalate process and sensor review, compare with maintenance and recipe changes, and assess retraining immediately.","{""current_constant"": true, ""feature_health_score"": 94.75, ""ks_p_value"": 0.9625672272684133, ""ks_statistic"": 0.0008006405124099114, ""missing_rate_difference"": 0.0031770883637232427, ""notes"": ""Current sensor is constant. Sensor became constant in current data. Current missingness exceeds reference missingness."", ""psi"": 0.0, ""reference_constant"": false, ""standardised_mean_shift"": 0.02829559174871464}",3
a15de9b9e106dc0964f9,7d44f4360ad11644,2026-07-14T13:04:49.092284+00:00,Feature Drift,sensor_distribution_shift,Warning,sensor_feature,sensor_346,psi,0.2316685324003052,0.2,"sensor_346 is classified as Warning for distribution drift (PSI=0.2317, KS=0.0648, standardised mean shift=0.1319, missing-rate difference=0.0792).","Increase monitoring frequency, investigate the affected evidence and prepare a controlled retraining assessment.","{""current_constant"": false, ""feature_health_score"": 84.7, ""ks_p_value"": 0.722970758927712, ""ks_statistic"": 0.06484384070590965, ""missing_rate_difference"": 0.07924166713263964, ""notes"": ""Current missingness exceeds reference missingness."", ""psi"": 0.2316685324003052, ""reference_constant"": false, ""standardised_mean_shift"": 0.13192635696775287}",2
c3c5911f8c6fd36679ca,7d44f4360ad11644,2026-07-14T13:04:49.092284+00:00,Prediction Drift,operational_output_shift,Warning,model_output,combined_uncertainty,combined_uncertainty,,0.1,"Combined Uncertainty is classified as Warning; reference mean=None, current mean=None.","Increase monitoring frequency, investigate the affected evidence and prepare a controlled retraining assessment.","{""current_count"": 0, ""current_mean"": null, ""health_score"": 70.0, ""ks_p_value"": null, ""ks_statistic"": null, ""notes"": ""The operational metric is unavailable in one or both datasets."", ""psi"": null, ""reference_count"": 0, ""reference_mean"": null, ""wasserstein_distance"": null}",2
84f455b09b25cb07d774,7d44f4360ad11644,2026-07-14T13:04:49.092284+00:00,Prediction Drift,operational_output_shift,Warning,model_output,data_confidence,data_confidence,,0.1,"Data Confidence is classified as Warning; reference mean=None, current mean=None.","Increase monitoring frequency, investigate the affected evidence and prepare a controlled retraining assessment.","{""current_count"": 0, ""current_mean"": null, ""health_score"": 70.0, ""ks_p_value"": null, ""ks_statistic"": null, ""notes"": ""The operational metric is unavailable in one or both datasets."", ""psi"": null, ""reference_count"": 0, ""reference_mean"": null, ""wasserstein_distance"": null}",2
5b7197665fdb6f29d464,7d44f4360ad11644,2026-07-14T13:04:49.092284+00:00,Prediction Drift,operational_output_shift,Warning,model_output,failure_probability,failure_probability,,0.05,"Failure Probability is classified as Warning; reference mean=None, current mean=None.","Increase monitoring frequency, investigate the affected evidence and prepare a controlled retraining assessment.","{""current_count"": 0, ""current_mean"": null, ""health_score"": 70.0, ""ks_p_value"": null, ""ks_statistic"": null, ""notes"": ""The operational metric is unavailable in one or both datasets."", ""psi"": null, ""reference_count"": 0, ""reference_mean"": null, ""wasserstein_distance"": null}",2
2069b2ae6b7fedc7ae56,7d44f4360ad11644,2026-07-14T13:04:49.092284+00:00,Prediction Drift,operational_output_shift,Warning,model_output,prediction_confidence,prediction_confidence,,0.1,"Prediction Confidence is classified as Warning; reference mean=None, current mean=None.","Increase monitoring frequency, investigate the affected evidence and prepare a controlled retraining assessment.","{""current_count"": 0, ""current_mean"": null, ""health_score"": 70.0, ""ks_p_value"": null, ""ks_statistic"": null, ""notes"": ""The operational metric is unavailable in one or both datasets."", ""psi"": null, ""reference_count"": 0, ""reference_mean"": null, ""wasserstein_distance"": null}",2
a277ec36c5bc5dbd903a,7d44f4360ad11644,2026-07-14T13:04:49.092284+00:00,Feature Drift,sensor_distribution_shift,Watch,sensor_feature,sensor_073,missing_rate_difference,0.07924166713263964,0.03,"sensor_073 is classified as Watch for distribution drift (PSI=0.0582, KS=0.0929, standardised mean shift=0.1399, missing-rate difference=0.0792).",Continue deployment with enhanced monitoring and document the observed change for trend analysis.,"{""current_constant"": false, ""feature_health_score"": 97.3, ""ks_p_value"": 0.2781982096906008, ""ks_statistic"": 0.09287124114710321, ""missing_rate_difference"": 0.07924166713263964, ""notes"": ""Current missingness exceeds reference missingness."", ""psi"": 0.05821006793674173, ""reference_constant"": false, ""standardised_mean_shift"": 0.1399341261501251}",1
afe12587497170cc4752,7d44f4360ad11644,2026-07-14T13:04:49.092284+00:00,Feature Drift,sensor_distribution_shift,Watch,sensor_feature,sensor_074,missing_rate_difference,0.07924166713263964,0.03,"sensor_074 is classified as Watch for distribution drift (PSI=0.0382, KS=0.0516, standardised mean shift=0.1109, missing-rate difference=0.0792).",Continue deployment with enhanced monitoring and document the observed change for trend analysis.,"{""current_constant"": false, ""feature_health_score"": 97.3, ""ks_p_value"": 0.9213122594975869, ""ks_statistic"": 0.051608034366655064, ""missing_rate_difference"": 0.07924166713263964, ""notes"": ""Current missingness exceeds reference missingness."", ""psi"": 0.038244855195451344, ""reference_constant"": false, ""standardised_mean_shift"": 0.11085132959701763}",1
f7aa3d2fbaec4ba1784d,7d44f4360ad11644,2026-07-14T13:04:49.092284+00:00,Feature Drift,sensor_distribution_shift,Watch,sensor_feature,sensor_248,psi,0.11540179818773758,0.1,"sensor_248 is classified as Watch for distribution drift (PSI=0.1154, KS=0.0708, standardised mean shift=0.0150, missing-rate difference=0.0148).",Continue deployment with enhanced monitoring and document the observed change for trend analysis.,"{""current_constant"": false, ""feature_health_score"": 94.6, ""ks_p_value"": 0.49643861203595957, ""ks_statistic"": 0.07082477381004415, ""missing_rate_difference"": 0.014840815164624044, ""notes"": ""Current missingness exceeds reference missingness."", ""psi"": 0.11540179818773758, ""reference_constant"": false, ""standardised_mean_shift"": 0.015028176958334584}",1
15813944949572ca3ef5,7d44f4360ad11644,2026-07-14T13:04:49.092284+00:00,Feature Drift,sensor_distribution_shift,Watch,sensor_feature,sensor_347,missing_rate_difference,0.07924166713263964,0.03,"sensor_347 is classified as Watch for distribution drift (PSI=0.0400, KS=0.0563, standardised mean shift=0.1336, missing-rate difference=0.0792).",Continue deployment with enhanced monitoring and document the observed change for trend analysis.,"{""current_constant"": false, ""feature_health_score"": 97.3, ""ks_p_value"": 0.8614756365696852, ""ks_statistic"": 0.056345059793335706, ""missing_rate_difference"": 0.07924166713263964, ""notes"": ""Current missingness exceeds reference missingness."", ""psi"": 0.040035811999359884, ""reference_constant"": false, ""standardised_mean_shift"": 0.1336011698104827}",1
ba56db4555b7e6864627,7d44f4360ad11644,2026-07-14T13:04:49.092284+00:00,Feature Drift,sensor_distribution_shift,Watch,sensor_feature,sensor_349,psi,0.10333591810809342,0.1,"sensor_349 is classified as Watch for distribution drift (PSI=0.1033, KS=0.0909, standardised mean shift=0.1276, missing-rate difference=0.0032).",Continue deployment with enhanced monitoring and document the observed change for trend analysis.,"{""current_constant"": false, ""feature_health_score"": 94.6, ""ks_p_value"": 0.031204357834041203, ""ks_statistic"": 0.09090338278000157, ""missing_rate_difference"": 0.003222838436160856, ""notes"": ""No additional data-quality note."", ""psi"": 0.10333591810809342, ""reference_constant"": false, ""standardised_mean_shift"": 0.12761213744712416}",1
e42eebe56655f5067e18,7d44f4360ad11644,2026-07-14T13:04:49.092284+00:00,Feature Drift,sensor_distribution_shift,Watch,sensor_feature,sensor_386,psi,0.10158112067004396,0.1,"sensor_386 is classified as Watch for distribution drift (PSI=0.1016, KS=0.0503, standardised mean shift=0.0046, missing-rate difference=0.0148).",Continue deployment with enhanced monitoring and document the observed change for trend analysis.,"{""current_constant"": false, ""feature_health_score"": 94.6, ""ks_p_value"": 0.878062914512659, ""ks_statistic"": 0.050299401197604815, ""missing_rate_difference"": 0.014840815164624044, ""notes"": ""Current missingness exceeds reference missingness."", ""psi"": 0.10158112067004396, ""reference_constant"": false, ""standardised_mean_shift"": 0.00455317702933112}",1
292290419fc43bc40ac7,7d44f4360ad11644,2026-07-14T13:04:49.092284+00:00,Feature Drift,sensor_distribution_shift,Watch,sensor_feature,sensor_520,psi,0.102664063858982,0.1,"sensor_520 is classified as Watch for distribution drift (PSI=0.1027, KS=0.0685, standardised mean shift=0.0242, missing-rate difference=0.0148).",Continue deployment with enhanced monitoring and document the observed change for trend analysis.,"{""current_constant"": false, ""feature_health_score"": 94.6, ""ks_p_value"": 0.5402550744050274, ""ks_statistic"": 0.06848201407404164, ""missing_rate_difference"": 0.014840815164624044, ""notes"": ""Current missingness exceeds reference missingness."", ""psi"": 0.102664063858982, ""reference_constant"": false, ""standardised_mean_shift"": 0.02420618001754791}",1
5c25bf8e3e5aa479707c,7d44f4360ad11644,2026-07-14T13:04:49.092284+00:00,Feature Drift,sensor_distribution_shift,Watch,sensor_feature,sensor_547,missing_rate_difference,0.031465883154315005,0.03,"sensor_547 is classified as Watch for distribution drift (PSI=0.0097, KS=0.0420, standardised mean shift=0.0876, missing-rate difference=0.0315).",Continue deployment with enhanced monitoring and document the observed change for trend analysis.,"{""current_constant"": false, ""feature_health_score"": 97.3, ""ks_p_value"": 0.8565368250901959, ""ks_statistic"": 0.04197231756286876, ""missing_rate_difference"": 0.031465883154315005, ""notes"": ""Current missingness exceeds reference missingness."", ""psi"": 0.009670829980809202, ""reference_constant"": false, ""standardised_mean_shift"": 0.0875824106100907}",1
2f9f94fd9c0f8a3e3897,7d44f4360ad11644,2026-07-14T13:04:49.092284+00:00,Feature Drift,sensor_distribution_shift,Watch,sensor_feature,sensor_548,missing_rate_difference,0.031465883154315005,0.03,"sensor_548 is classified as Watch for distribution drift (PSI=0.0306, KS=0.0719, standardised mean shift=0.1121, missing-rate difference=0.0315).",Continue deployment with enhanced monitoring and document the observed change for trend analysis.,"{""current_constant"": false, ""feature_health_score"": 97.3, ""ks_p_value"": 0.2323318456595994, ""ks_statistic"": 0.07185693668633308, ""missing_rate_difference"": 0.031465883154315005, ""notes"": ""Current missingness exceeds reference missingness."", ""psi"": 0.030627703823770714, ""reference_constant"": false, ""standardised_mean_shift"": 0.11210655917659187}",1
5d5acd8e36f162573121,7d44f4360ad11644,2026-07-14T13:04:49.092284+00:00,Feature Drift,sensor_distribution_shift,Watch,sensor_feature,sensor_549,missing_rate_difference,0.031465883154315005,0.03,"sensor_549 is classified as Watch for distribution drift (PSI=0.0457, KS=0.0676, standardised mean shift=0.0692, missing-rate difference=0.0315).",Continue deployment with enhanced monitoring and document the observed change for trend analysis.,"{""current_constant"": false, ""feature_health_score"": 97.3, ""ks_p_value"": 0.29672472038402203, ""ks_statistic"": 0.06761708205277761, ""missing_rate_difference"": 0.031465883154315005, ""notes"": ""Current missingness exceeds reference missingness."", ""psi"": 0.04565154208433308, ""reference_constant"": false, ""standardised_mean_shift"": 0.06920054700914344}",1
f6b5a5824cc4e4abca31,7d44f4360ad11644,2026-07-14T13:04:49.092284+00:00,Feature Drift,sensor_distribution_shift,Watch,sensor_feature,sensor_550,missing_rate_difference,0.031465883154315005,0.03,"sensor_550 is classified as Watch for distribution drift (PSI=0.0458, KS=0.0576, standardised mean shift=0.0606, missing-rate difference=0.0315).",Continue deployment with enhanced monitoring and document the observed change for trend analysis.,"{""current_constant"": false, ""feature_health_score"": 97.3, ""ks_p_value"": 0.4935816710768564, ""ks_statistic"": 0.057623138987968336, ""missing_rate_difference"": 0.031465883154315005, ""notes"": ""Current missingness exceeds reference missingness."", ""psi"": 0.045837183047767766, ""reference_constant"": false, ""standardised_mean_shift"": 0.060563750901398546}",1
74385545772de93fadff,7d44f4360ad11644,2026-07-14T13:04:49.092284+00:00,Feature Drift,sensor_distribution_shift,Watch,sensor_feature,sensor_551,missing_rate_difference,0.031465883154315005,0.03,"sensor_551 is classified as Watch for distribution drift (PSI=0.0502, KS=0.0674, standardised mean shift=0.0161, missing-rate difference=0.0315).",Continue deployment with enhanced monitoring and document the observed change for trend analysis.,"{""current_constant"": false, ""feature_health_score"": 97.3, ""ks_p_value"": 0.3010789089864082, ""ks_statistic"": 0.06735536263095321, ""missing_rate_difference"": 0.031465883154315005, ""notes"": ""Current missingness exceeds reference missingness."", ""psi"": 0.05018195898196016, ""reference_constant"": false, ""standardised_mean_shift"": 0.01612439355519102}",1
5b8694d47f6dded43e9a,7d44f4360ad11644,2026-07-14T13:04:49.092284+00:00,Feature Drift,sensor_distribution_shift,Watch,sensor_feature,sensor_552,missing_rate_difference,0.031465883154315005,0.03,"sensor_552 is classified as Watch for distribution drift (PSI=0.0486, KS=0.0874, standardised mean shift=0.0807, missing-rate difference=0.0315).",Continue deployment with enhanced monitoring and document the observed change for trend analysis.,"{""current_constant"": false, ""feature_health_score"": 97.3, ""ks_p_value"": 0.08299062605022475, ""ks_statistic"": 0.08739559264493646, ""missing_rate_difference"": 0.031465883154315005, ""notes"": ""Current missingness exceeds reference missingness."", ""psi"": 0.048599421469265415, ""reference_constant"": false, ""standardised_mean_shift"": 0.0807082667418999}",1
97445f1e3da52e8595f7,7d44f4360ad11644,2026-07-14T13:04:49.092284+00:00,Feature Drift,sensor_distribution_shift,Watch,sensor_feature,sensor_553,missing_rate_difference,0.031465883154315005,0.03,"sensor_553 is classified as Watch for distribution drift (PSI=0.0422, KS=0.0494, standardised mean shift=0.0596, missing-rate difference=0.0315).",Continue deployment with enhanced monitoring and document the observed change for trend analysis.,"{""current_constant"": false, ""feature_health_score"": 97.3, ""ks_p_value"": 0.6897643118821559, ""ks_statistic"": 0.04939019374714915, ""missing_rate_difference"": 0.031465883154315005, ""notes"": ""Current missingness exceeds reference missingness."", ""psi"": 0.042175665274961895, ""reference_constant"": false, ""standardised_mean_shift"": 0.059590031373944766}",1
2f32c62586af90750214,7d44f4360ad11644,2026-07-14T13:04:49.092284+00:00,Feature Drift,sensor_distribution_shift,Watch,sensor_feature,sensor_554,missing_rate_difference,0.031465883154315005,0.03,"sensor_554 is classified as Watch for distribution drift (PSI=0.0477, KS=0.0753, standardised mean shift=0.0202, missing-rate difference=0.0315).",Continue deployment with enhanced monitoring and document the observed change for trend analysis.,"{""current_constant"": false, ""feature_health_score"": 97.3, ""ks_p_value"": 0.1886510788132547, ""ks_statistic"": 0.07526676686781675, ""missing_rate_difference"": 0.031465883154315005, ""notes"": ""Current missingness exceeds reference missingness."", ""psi"": 0.047725301937387395, ""reference_constant"": false, ""standardised_mean_shift"": 0.020242553697943175}",1
add2de230717b3458ddb,7d44f4360ad11644,2026-07-14T13:04:49.092284+00:00,Feature Drift,sensor_distribution_shift,Watch,sensor_feature,sensor_555,missing_rate_difference,0.031465883154315005,0.03,"sensor_555 is classified as Watch for distribution drift (PSI=0.0664, KS=0.0882, standardised mean shift=0.0790, missing-rate difference=0.0315).",Continue deployment with enhanced monitoring and document the observed change for trend analysis.,"{""current_constant"": false, ""feature_health_score"": 97.3, ""ks_p_value"": 0.0783164001507481, ""ks_statistic"": 0.0881882286081761, ""missing_rate_difference"": 0.031465883154315005, ""notes"": ""Current missingness exceeds reference missingness."", ""psi"": 0.06638667533982032, ""reference_constant"": false, ""standardised_mean_shift"": 0.07900010539943415}",1
ef93b64c7a68a7bb496b,7d44f4360ad11644,2026-07-14T13:04:49.092284+00:00,Feature Drift,sensor_distribution_shift,Watch,sensor_feature,sensor_556,psi,0.10038292800693291,0.1,"sensor_556 is classified as Watch for distribution drift (PSI=0.1004, KS=0.0450, standardised mean shift=0.0118, missing-rate difference=0.0315).",Continue deployment with enhanced monitoring and document the observed change for trend analysis.,"{""current_constant"": false, ""feature_health_score"": 91.9, ""ks_p_value"": 0.7928018906967707, ""ks_statistic"": 0.045000785158265444, ""missing_rate_difference"": 0.031465883154315005, ""notes"": ""Current missingness exceeds reference missingness."", ""psi"": 0.10038292800693291, ""reference_constant"": false, ""standardised_mean_shift"": 0.01178637566835368}",1
c1dda212205910ba98d3,7d44f4360ad11644,2026-07-14T13:04:49.092284+00:00,Feature Drift,sensor_distribution_shift,Watch,sensor_feature,sensor_557,missing_rate_difference,0.031465883154315005,0.03,"sensor_557 is classified as Watch for distribution drift (PSI=0.0411, KS=0.0714, standardised mean shift=0.0184, missing-rate difference=0.0315).",Continue deployment with enhanced monitoring and document the observed change for trend analysis.,"{""current_constant"": false, ""feature_health_score"": 97.3, ""ks_p_value"": 0.23828934399839888, ""ks_statistic"": 0.07143070791364758, ""missing_rate_difference"": 0.031465883154315005, ""notes"": ""Current missingness exceeds reference missingness."", ""psi"": 0.04111855146999455, ""reference_constant"": false, ""standardised_mean_shift"": 0.018449952615302564}",1
feaed7b5d150e1c52d95,7d44f4360ad11644,2026-07-14T13:04:49.092284+00:00,Feature Drift,sensor_distribution_shift,Watch,sensor_feature,sensor_558,missing_rate_difference,0.031465883154315005,0.03,"sensor_558 is classified as Watch for distribution drift (PSI=0.0512, KS=0.0992, standardised mean shift=0.0764, missing-rate difference=0.0315).",Continue deployment with enhanced monitoring and document the observed change for trend analysis.,"{""current_constant"": false, ""feature_health_score"": 97.3, ""ks_p_value"": 0.033114514794002556, ""ks_statistic"": 0.09921409396475023, ""missing_rate_difference"": 0.031465883154315005, ""notes"": ""Current missingness exceeds reference missingness."", ""psi"": 0.051213344864480426, ""reference_constant"": false, ""standardised_mean_shift"": 0.07636458837928621}",1
6c58da95ced9a0964d08,7d44f4360ad11644,2026-07-14T13:04:49.092284+00:00,Feature Drift,sensor_distribution_shift,Watch,sensor_feature,sensor_563,missing_rate_difference,0.05856517606152875,0.03,"sensor_563 is classified as Watch for distribution drift (PSI=0.0436, KS=0.0602, standardised mean shift=0.0092, missing-rate difference=0.0586).",Continue deployment with enhanced monitoring and document the observed change for trend analysis.,"{""current_constant"": false, ""feature_health_score"": 97.3, ""ks_p_value"": 0.402776758582577, ""ks_statistic"": 0.06022613424932016, ""missing_rate_difference"": 0.05856517606152875, ""notes"": ""No additional data-quality note."", ""psi"": 0.04362600262575199, ""reference_constant"": false, ""standardised_mean_shift"": 0.00917614874856852}",1
ce8e74466524c0b08e72,7d44f4360ad11644,2026-07-14T13:04:49.092284+00:00,Feature Drift,sensor_distribution_shift,Watch,sensor_feature,sensor_564,missing_rate_difference,0.05856517606152875,0.03,"sensor_564 is classified as Watch for distribution drift (PSI=0.0177, KS=0.0382, standardised mean shift=0.0420, missing-rate difference=0.0586).",Continue deployment with enhanced monitoring and document the observed change for trend analysis.,"{""current_constant"": false, ""feature_health_score"": 97.3, ""ks_p_value"": 0.9060372955083007, ""ks_statistic"": 0.03817088879347352, ""missing_rate_difference"": 0.05856517606152875, ""notes"": ""No additional data-quality note."", ""psi"": 0.017726512181897733, ""reference_constant"": false, ""standardised_mean_shift"": 0.041965131426019375}",1
fdb5f02ee72b4af8c676,7d44f4360ad11644,2026-07-14T13:04:49.092284+00:00,Feature Drift,sensor_distribution_shift,Watch,sensor_feature,sensor_565,missing_rate_difference,0.05856517606152875,0.03,"sensor_565 is classified as Watch for distribution drift (PSI=0.0234, KS=0.0542, standardised mean shift=0.1289, missing-rate difference=0.0586).",Continue deployment with enhanced monitoring and document the observed change for trend analysis.,"{""current_constant"": false, ""feature_health_score"": 97.3, ""ks_p_value"": 0.539212437165233, ""ks_statistic"": 0.054172033777014406, ""missing_rate_difference"": 0.05856517606152875, ""notes"": ""No additional data-quality note."", ""psi"": 0.02338027170903219, ""reference_constant"": false, ""standardised_mean_shift"": 0.12893533703964027}",1
14ade2bdbd29c8eb8e59,7d44f4360ad11644,2026-07-14T13:04:49.092284+00:00,Feature Drift,sensor_distribution_shift,Watch,sensor_feature,sensor_566,missing_rate_difference,0.05856517606152875,0.03,"sensor_566 is classified as Watch for distribution drift (PSI=0.0183, KS=0.0391, standardised mean shift=0.0060, missing-rate difference=0.0586).",Continue deployment with enhanced monitoring and document the observed change for trend analysis.,"{""current_constant"": false, ""feature_health_score"": 97.3, ""ks_p_value"": 0.8903090350185817, ""ks_statistic"": 0.039086875626162865, ""missing_rate_difference"": 0.05856517606152875, ""notes"": ""No additional data-quality note."", ""psi"": 0.018297677961250463, ""reference_constant"": false, ""standardised_mean_shift"": 0.005954789121721479}",1
37526f6b387a872f61b1,7d44f4360ad11644,2026-07-14T13:04:49.092284+00:00,Feature Drift,sensor_distribution_shift,Watch,sensor_feature,sensor_567,missing_rate_difference,0.05856517606152875,0.03,"sensor_567 is classified as Watch for distribution drift (PSI=0.0199, KS=0.0654, standardised mean shift=0.1365, missing-rate difference=0.0586).",Continue deployment with enhanced monitoring and document the observed change for trend analysis.,"{""current_constant"": false, ""feature_health_score"": 97.3, ""ks_p_value"": 0.3042892988245606, ""ks_statistic"": 0.06539287247745806, ""missing_rate_difference"": 0.05856517606152875, ""notes"": ""No additional data-quality note."", ""psi"": 0.019925906072360944, ""reference_constant"": false, ""standardised_mean_shift"": 0.13654680274163966}",1
cfb8db1ea654036b49dc,7d44f4360ad11644,2026-07-14T13:04:49.092284+00:00,Feature Drift,sensor_distribution_shift,Watch,sensor_feature,sensor_568,missing_rate_difference,0.05856517606152875,0.03,"sensor_568 is classified as Watch for distribution drift (PSI=0.0649, KS=0.0441, standardised mean shift=0.0008, missing-rate difference=0.0586).",Continue deployment with enhanced monitoring and document the observed change for trend analysis.,"{""current_constant"": false, ""feature_health_score"": 97.3, ""ks_p_value"": 0.7869647425359483, ""ks_statistic"": 0.04406755402891083, ""missing_rate_difference"": 0.05856517606152875, ""notes"": ""No additional data-quality note."", ""psi"": 0.06488013157801806, ""reference_constant"": false, ""standardised_mean_shift"": 0.0007737949886674773}",1
221388878f8653a1c8fe,7d44f4360ad11644,2026-07-14T13:04:49.092284+00:00,Feature Drift,sensor_distribution_shift,Watch,sensor_feature,sensor_569,missing_rate_difference,0.05856517606152875,0.03,"sensor_569 is classified as Watch for distribution drift (PSI=0.0164, KS=0.0599, standardised mean shift=0.1363, missing-rate difference=0.0586).",Continue deployment with enhanced monitoring and document the observed change for trend analysis.,"{""current_constant"": false, ""feature_health_score"": 97.3, ""ks_p_value"": 0.4087517427014141, ""ks_statistic"": 0.0599398883641048, ""missing_rate_difference"": 0.05856517606152875, ""notes"": ""No additional data-quality note."", ""psi"": 0.01643811072145513, ""reference_constant"": false, ""standardised_mean_shift"": 0.13627531387326786}",1
6fcab0dc103951696c0a,7d44f4360ad11644,2026-07-14T13:04:49.092284+00:00,Feature Drift,sensor_distribution_shift,Watch,sensor_feature,sensor_570,missing_rate_difference,0.05856517606152875,0.03,"sensor_570 is classified as Watch for distribution drift (PSI=0.0407, KS=0.0487, standardised mean shift=0.0031, missing-rate difference=0.0586).",Continue deployment with enhanced monitoring and document the observed change for trend analysis.,"{""current_constant"": false, ""feature_health_score"": 97.3, ""ks_p_value"": 0.6734939097331176, ""ks_statistic"": 0.04874051810505231, ""missing_rate_difference"": 0.05856517606152875, ""notes"": ""No additional data-quality note."", ""psi"": 0.04067442795260883, ""reference_constant"": false, ""standardised_mean_shift"": 0.0031495679127530223}",1
