sensor,missing_count,missing_rate,failure_rate_when_missing,failure_rate_when_observed,failure_rate_difference,missingness_mutual_information
sensor_073,615,0.49082202713487627,0.04715447154471545,0.08463949843260188,-0.03748502688788643,0.002884890099087184
sensor_074,615,0.49082202713487627,0.04715447154471545,0.08463949843260188,-0.03748502688788643,0.002884890099087184
sensor_346,615,0.49082202713487627,0.04715447154471545,0.08463949843260188,-0.03748502688788643,0.002884890099087184
sensor_347,615,0.49082202713487627,0.04715447154471545,0.08463949843260188,-0.03748502688788643,0.002884890099087184
sensor_113,568,0.4533120510774142,0.0528169014084507,0.07737226277372262,-0.02455536136527192,0.0012278721580133295
sensor_248,568,0.4533120510774142,0.0528169014084507,0.07737226277372262,-0.02455536136527192,0.0012278721580133295
sensor_386,568,0.4533120510774142,0.0528169014084507,0.07737226277372262,-0.02455536136527192,0.0012278721580133295
sensor_520,568,0.4533120510774142,0.0528169014084507,0.07737226277372262,-0.02455536136527192,0.0012278721580133295
sensor_041,21,0.01675977653631285,0.0,0.06737012987012987,-0.06737012987012987,0.0011587435701809479
sensor_042,21,0.01675977653631285,0.0,0.06737012987012987,-0.06737012987012987,0.0011587435701809479
sensor_076,20,0.01596169193934557,0.0,0.06731549067315491,-0.06731549067315491,0.0011031030547647286
sensor_077,20,0.01596169193934557,0.0,0.06731549067315491,-0.06731549067315491,0.0011031030547647286
sensor_078,20,0.01596169193934557,0.0,0.06731549067315491,-0.06731549067315491,0.0011031030547647286
sensor_079,20,0.01596169193934557,0.0,0.06731549067315491,-0.06731549067315491,0.0011031030547647286
sensor_080,20,0.01596169193934557,0.0,0.06731549067315491,-0.06731549067315491,0.0011031030547647286
sensor_081,20,0.01596169193934557,0.0,0.06731549067315491,-0.06731549067315491,0.0011031030547647286
sensor_082,20,0.01596169193934557,0.0,0.06731549067315491,-0.06731549067315491,0.0011031030547647286
sensor_083,20,0.01596169193934557,0.0,0.06731549067315491,-0.06731549067315491,0.0011031030547647286
sensor_119,20,0.01596169193934557,0.0,0.06731549067315491,-0.06731549067315491,0.0011031030547647286
sensor_211,20,0.01596169193934557,0.0,0.06731549067315491,-0.06731549067315491,0.0011031030547647286
sensor_212,20,0.01596169193934557,0.0,0.06731549067315491,-0.06731549067315491,0.0011031030547647286
sensor_213,20,0.01596169193934557,0.0,0.06731549067315491,-0.06731549067315491,0.0011031030547647286
sensor_214,20,0.01596169193934557,0.0,0.06731549067315491,-0.06731549067315491,0.0011031030547647286
sensor_215,20,0.01596169193934557,0.0,0.06731549067315491,-0.06731549067315491,0.0011031030547647286
sensor_216,20,0.01596169193934557,0.0,0.06731549067315491,-0.06731549067315491,0.0011031030547647286
sensor_217,20,0.01596169193934557,0.0,0.06731549067315491,-0.06731549067315491,0.0011031030547647286
sensor_218,20,0.01596169193934557,0.0,0.06731549067315491,-0.06731549067315491,0.0011031030547647286
sensor_254,20,0.01596169193934557,0.0,0.06731549067315491,-0.06731549067315491,0.0011031030547647286
sensor_349,20,0.01596169193934557,0.0,0.06731549067315491,-0.06731549067315491,0.0011031030547647286
sensor_350,20,0.01596169193934557,0.0,0.06731549067315491,-0.06731549067315491,0.0011031030547647286
sensor_351,20,0.01596169193934557,0.0,0.06731549067315491,-0.06731549067315491,0.0011031030547647286
sensor_352,20,0.01596169193934557,0.0,0.06731549067315491,-0.06731549067315491,0.0011031030547647286
sensor_353,20,0.01596169193934557,0.0,0.06731549067315491,-0.06731549067315491,0.0011031030547647286
sensor_354,20,0.01596169193934557,0.0,0.06731549067315491,-0.06731549067315491,0.0011031030547647286
sensor_355,20,0.01596169193934557,0.0,0.06731549067315491,-0.06731549067315491,0.0011031030547647286
sensor_356,20,0.01596169193934557,0.0,0.06731549067315491,-0.06731549067315491,0.0011031030547647286
sensor_392,20,0.01596169193934557,0.0,0.06731549067315491,-0.06731549067315491,0.0011031030547647286
sensor_483,20,0.01596169193934557,0.0,0.06731549067315491,-0.06731549067315491,0.0011031030547647286
sensor_484,20,0.01596169193934557,0.0,0.06731549067315491,-0.06731549067315491,0.0011031030547647286
sensor_485,20,0.01596169193934557,0.0,0.06731549067315491,-0.06731549067315491,0.0011031030547647286
sensor_486,20,0.01596169193934557,0.0,0.06731549067315491,-0.06731549067315491,0.0011031030547647286
sensor_487,20,0.01596169193934557,0.0,0.06731549067315491,-0.06731549067315491,0.0011031030547647286
sensor_488,20,0.01596169193934557,0.0,0.06731549067315491,-0.06731549067315491,0.0011031030547647286
sensor_489,20,0.01596169193934557,0.0,0.06731549067315491,-0.06731549067315491,0.0011031030547647286
sensor_490,20,0.01596169193934557,0.0,0.06731549067315491,-0.06731549067315491,0.0011031030547647286
sensor_526,20,0.01596169193934557,0.0,0.06731549067315491,-0.06731549067315491,0.0011031030547647286
sensor_054,3,0.0023942537909018356,0.3333333333333333,0.0656,0.2677333333333333,0.0007551087461965273
sensor_055,3,0.0023942537909018356,0.3333333333333333,0.0656,0.2677333333333333,0.0007551087461965273
sensor_056,3,0.0023942537909018356,0.3333333333333333,0.0656,0.2677333333333333,0.0007551087461965273
sensor_057,3,0.0023942537909018356,0.3333333333333333,0.0656,0.2677333333333333,0.0007551087461965273
sensor_058,3,0.0023942537909018356,0.3333333333333333,0.0656,0.2677333333333333,0.0007551087461965273
sensor_059,3,0.0023942537909018356,0.3333333333333333,0.0656,0.2677333333333333,0.0007551087461965273
sensor_196,3,0.0023942537909018356,0.3333333333333333,0.0656,0.2677333333333333,0.0007551087461965273
sensor_332,3,0.0023942537909018356,0.3333333333333333,0.0656,0.2677333333333333,0.0007551087461965273
sensor_468,3,0.0023942537909018356,0.3333333333333333,0.0656,0.2677333333333333,0.0007551087461965273
sensor_003,13,0.010375099760574621,0.0,0.06693548387096775,-0.06693548387096775,0.000714923119383315
sensor_004,13,0.010375099760574621,0.0,0.06693548387096775,-0.06693548387096775,0.000714923119383315
sensor_005,13,0.010375099760574621,0.0,0.06693548387096775,-0.06693548387096775,0.000714923119383315
sensor_007,13,0.010375099760574621,0.0,0.06693548387096775,-0.06693548387096775,0.000714923119383315
sensor_139,13,0.010375099760574621,0.0,0.06693548387096775,-0.06693548387096775,0.000714923119383315
sensor_140,13,0.010375099760574621,0.0,0.06693548387096775,-0.06693548387096775,0.000714923119383315
sensor_141,13,0.010375099760574621,0.0,0.06693548387096775,-0.06693548387096775,0.000714923119383315
sensor_143,13,0.010375099760574621,0.0,0.06693548387096775,-0.06693548387096775,0.000714923119383315
sensor_274,13,0.010375099760574621,0.0,0.06693548387096775,-0.06693548387096775,0.000714923119383315
sensor_275,13,0.010375099760574621,0.0,0.06693548387096775,-0.06693548387096775,0.000714923119383315
sensor_276,13,0.010375099760574621,0.0,0.06693548387096775,-0.06693548387096775,0.000714923119383315
sensor_278,13,0.010375099760574621,0.0,0.06693548387096775,-0.06693548387096775,0.000714923119383315
sensor_412,13,0.010375099760574621,0.0,0.06693548387096775,-0.06693548387096775,0.000714923119383315
sensor_413,13,0.010375099760574621,0.0,0.06693548387096775,-0.06693548387096775,0.000714923119383315
sensor_414,13,0.010375099760574621,0.0,0.06693548387096775,-0.06693548387096775,0.000714923119383315
sensor_416,13,0.010375099760574621,0.0,0.06693548387096775,-0.06693548387096775,0.000714923119383315
sensor_085,11,0.008778930566640064,0.0,0.06682769726247988,-0.06682769726247988,0.0006044312707944102
sensor_220,11,0.008778930566640064,0.0,0.06682769726247988,-0.06682769726247988,0.0006044312707944102
sensor_358,11,0.008778930566640064,0.0,0.06682769726247988,-0.06682769726247988,0.0006044312707944102
sensor_492,11,0.008778930566640064,0.0,0.06682769726247988,-0.06682769726247988,0.0006044312707944102
sensor_090,38,0.030327214684756583,0.02631578947368421,0.06748971193415639,-0.041173922460472176,0.0005117605536185633
sensor_091,38,0.030327214684756583,0.02631578947368421,0.06748971193415639,-0.041173922460472176,0.0005117605536185633
sensor_225,38,0.030327214684756583,0.02631578947368421,0.06748971193415639,-0.041173922460472176,0.0005117605536185633
sensor_226,38,0.030327214684756583,0.02631578947368421,0.06748971193415639,-0.041173922460472176,0.0005117605536185633
sensor_363,38,0.030327214684756583,0.02631578947368421,0.06748971193415639,-0.041173922460472176,0.0005117605536185633
sensor_364,38,0.030327214684756583,0.02631578947368421,0.06748971193415639,-0.041173922460472176,0.0005117605536185633
sensor_497,38,0.030327214684756583,0.02631578947368421,0.06748971193415639,-0.041173922460472176,0.0005117605536185633
sensor_498,38,0.030327214684756583,0.02631578947368421,0.06748971193415639,-0.041173922460472176,0.0005117605536185633
sensor_122,9,0.007182761372705506,0.0,0.06672025723472669,-0.06672025723472669,0.0004941234920235946
sensor_123,9,0.007182761372705506,0.0,0.06672025723472669,-0.06672025723472669,0.0004941234920235946
sensor_124,9,0.007182761372705506,0.0,0.06672025723472669,-0.06672025723472669,0.0004941234920235946
sensor_125,9,0.007182761372705506,0.0,0.06672025723472669,-0.06672025723472669,0.0004941234920235946
sensor_126,9,0.007182761372705506,0.0,0.06672025723472669,-0.06672025723472669,0.0004941234920235946
sensor_127,9,0.007182761372705506,0.0,0.06672025723472669,-0.06672025723472669,0.0004941234920235946
sensor_128,9,0.007182761372705506,0.0,0.06672025723472669,-0.06672025723472669,0.0004941234920235946
sensor_129,9,0.007182761372705506,0.0,0.06672025723472669,-0.06672025723472669,0.0004941234920235946
sensor_130,9,0.007182761372705506,0.0,0.06672025723472669,-0.06672025723472669,0.0004941234920235946
sensor_131,9,0.007182761372705506,0.0,0.06672025723472669,-0.06672025723472669,0.0004941234920235946
sensor_132,9,0.007182761372705506,0.0,0.06672025723472669,-0.06672025723472669,0.0004941234920235946
sensor_008,8,0.006384676775738229,0.0,0.06666666666666667,-0.06666666666666667,0.00043903843729152514
sensor_133,8,0.006384676775738229,0.0,0.06666666666666667,-0.06666666666666667,0.00043903843729152514
sensor_134,8,0.006384676775738229,0.0,0.06666666666666667,-0.06666666666666667,0.00043903843729152514
sensor_135,8,0.006384676775738229,0.0,0.06666666666666667,-0.06666666666666667,0.00043903843729152514
sensor_144,8,0.006384676775738229,0.0,0.06666666666666667,-0.06666666666666667,0.00043903843729152514
sensor_268,8,0.006384676775738229,0.0,0.06666666666666667,-0.06666666666666667,0.00043903843729152514
sensor_269,8,0.006384676775738229,0.0,0.06666666666666667,-0.06666666666666667,0.00043903843729152514
sensor_270,8,0.006384676775738229,0.0,0.06666666666666667,-0.06666666666666667,0.00043903843729152514
sensor_279,8,0.006384676775738229,0.0,0.06666666666666667,-0.06666666666666667,0.00043903843729152514
sensor_406,8,0.006384676775738229,0.0,0.06666666666666667,-0.06666666666666667,0.00043903843729152514
sensor_407,8,0.006384676775738229,0.0,0.06666666666666667,-0.06666666666666667,0.00043903843729152514
sensor_408,8,0.006384676775738229,0.0,0.06666666666666667,-0.06666666666666667,0.00043903843729152514
sensor_417,8,0.006384676775738229,0.0,0.06666666666666667,-0.06666666666666667,0.00043903843729152514
sensor_540,8,0.006384676775738229,0.0,0.06666666666666667,-0.06666666666666667,0.00043903843729152514
sensor_541,8,0.006384676775738229,0.0,0.06666666666666667,-0.06666666666666667,0.00043903843729152514
sensor_542,8,0.006384676775738229,0.0,0.06666666666666667,-0.06666666666666667,0.00043903843729152514
sensor_563,233,0.18595371109337588,0.0815450643776824,0.06274509803921569,0.018799966338466714,0.0004112246349193549
sensor_564,233,0.18595371109337588,0.0815450643776824,0.06274509803921569,0.018799966338466714,0.0004112246349193549
sensor_565,233,0.18595371109337588,0.0815450643776824,0.06274509803921569,0.018799966338466714,0.0004112246349193549
sensor_566,233,0.18595371109337588,0.0815450643776824,0.06274509803921569,0.018799966338466714,0.0004112246349193549
sensor_567,233,0.18595371109337588,0.0815450643776824,0.06274509803921569,0.018799966338466714,0.0004112246349193549
sensor_568,233,0.18595371109337588,0.0815450643776824,0.06274509803921569,0.018799966338466714,0.0004112246349193549
sensor_569,233,0.18595371109337588,0.0815450643776824,0.06274509803921569,0.018799966338466714,0.0004112246349193549
sensor_570,233,0.18595371109337588,0.0815450643776824,0.06274509803921569,0.018799966338466714,0.0004112246349193549
sensor_092,6,0.004788507581803671,0.0,0.06655974338412189,-0.06655974338412189,0.0003290056157462633
sensor_095,6,0.004788507581803671,0.0,0.06655974338412189,-0.06655974338412189,0.0003290056157462633
sensor_096,6,0.004788507581803671,0.0,0.06655974338412189,-0.06655974338412189,0.0003290056157462633
sensor_097,6,0.004788507581803671,0.0,0.06655974338412189,-0.06655974338412189,0.0003290056157462633
sensor_099,6,0.004788507581803671,0.0,0.06655974338412189,-0.06655974338412189,0.0003290056157462633
sensor_100,6,0.004788507581803671,0.0,0.06655974338412189,-0.06655974338412189,0.0003290056157462633
sensor_101,6,0.004788507581803671,0.0,0.06655974338412189,-0.06655974338412189,0.0003290056157462633
sensor_102,6,0.004788507581803671,0.0,0.06655974338412189,-0.06655974338412189,0.0003290056157462633
sensor_103,6,0.004788507581803671,0.0,0.06655974338412189,-0.06655974338412189,0.0003290056157462633
sensor_106,6,0.004788507581803671,0.0,0.06655974338412189,-0.06655974338412189,0.0003290056157462633
sensor_107,6,0.004788507581803671,0.0,0.06655974338412189,-0.06655974338412189,0.0003290056157462633
sensor_108,6,0.004788507581803671,0.0,0.06655974338412189,-0.06655974338412189,0.0003290056157462633
sensor_109,6,0.004788507581803671,0.0,0.06655974338412189,-0.06655974338412189,0.0003290056157462633
sensor_368,6,0.004788507581803671,0.0,0.06655974338412189,-0.06655974338412189,0.0003290056157462633
sensor_369,6,0.004788507581803671,0.0,0.06655974338412189,-0.06655974338412189,0.0003290056157462633
sensor_001,5,0.0039904229848363925,0.0,0.06650641025641026,-0.06650641025641026,0.0002740576969473933
sensor_002,5,0.0039904229848363925,0.0,0.06650641025641026,-0.06650641025641026,0.0002740576969473933
sensor_060,5,0.0039904229848363925,0.0,0.06650641025641026,-0.06650641025641026,0.0002740576969473933
sensor_064,5,0.0039904229848363925,0.0,0.06650641025641026,-0.06650641025641026,0.0002740576969473933
sensor_065,5,0.0039904229848363925,0.0,0.06650641025641026,-0.06650641025641026,0.0002740576969473933
sensor_066,5,0.0039904229848363925,0.0,0.06650641025641026,-0.06650641025641026,0.0002740576969473933
sensor_137,5,0.0039904229848363925,0.0,0.06650641025641026,-0.06650641025641026,0.0002740576969473933
sensor_138,5,0.0039904229848363925,0.0,0.06650641025641026,-0.06650641025641026,0.0002740576969473933
sensor_197,5,0.0039904229848363925,0.0,0.06650641025641026,-0.06650641025641026,0.0002740576969473933
sensor_201,5,0.0039904229848363925,0.0,0.06650641025641026,-0.06650641025641026,0.0002740576969473933
sensor_202,5,0.0039904229848363925,0.0,0.06650641025641026,-0.06650641025641026,0.0002740576969473933
sensor_203,5,0.0039904229848363925,0.0,0.06650641025641026,-0.06650641025641026,0.0002740576969473933
sensor_272,5,0.0039904229848363925,0.0,0.06650641025641026,-0.06650641025641026,0.0002740576969473933
sensor_273,5,0.0039904229848363925,0.0,0.06650641025641026,-0.06650641025641026,0.0002740576969473933
sensor_333,5,0.0039904229848363925,0.0,0.06650641025641026,-0.06650641025641026,0.0002740576969473933
sensor_337,5,0.0039904229848363925,0.0,0.06650641025641026,-0.06650641025641026,0.0002740576969473933
sensor_338,5,0.0039904229848363925,0.0,0.06650641025641026,-0.06650641025641026,0.0002740576969473933
sensor_339,5,0.0039904229848363925,0.0,0.06650641025641026,-0.06650641025641026,0.0002740576969473933
sensor_410,5,0.0039904229848363925,0.0,0.06650641025641026,-0.06650641025641026,0.0002740576969473933
sensor_411,5,0.0039904229848363925,0.0,0.06650641025641026,-0.06650641025641026,0.0002740576969473933
sensor_469,5,0.0039904229848363925,0.0,0.06650641025641026,-0.06650641025641026,0.0002740576969473933
sensor_473,5,0.0039904229848363925,0.0,0.06650641025641026,-0.06650641025641026,0.0002740576969473933
sensor_474,5,0.0039904229848363925,0.0,0.06650641025641026,-0.06650641025641026,0.0002740576969473933
sensor_475,5,0.0039904229848363925,0.0,0.06650641025641026,-0.06650641025641026,0.0002740576969473933
sensor_061,4,0.0031923383878691143,0.0,0.06645316253002402,-0.06645316253002402,0.00021915533845964091
sensor_062,4,0.0031923383878691143,0.0,0.06645316253002402,-0.06645316253002402,0.00021915533845964091
sensor_063,4,0.0031923383878691143,0.0,0.06645316253002402,-0.06645316253002402,0.00021915533845964091
sensor_067,4,0.0031923383878691143,0.0,0.06645316253002402,-0.06645316253002402,0.00021915533845964091
sensor_068,4,0.0031923383878691143,0.0,0.06645316253002402,-0.06645316253002402,0.00021915533845964091
sensor_069,4,0.0031923383878691143,0.0,0.06645316253002402,-0.06645316253002402,0.00021915533845964091
sensor_071,4,0.0031923383878691143,0.0,0.06645316253002402,-0.06645316253002402,0.00021915533845964091
sensor_072,4,0.0031923383878691143,0.0,0.06645316253002402,-0.06645316253002402,0.00021915533845964091
sensor_075,4,0.0031923383878691143,0.0,0.06645316253002402,-0.06645316253002402,0.00021915533845964091
sensor_198,4,0.0031923383878691143,0.0,0.06645316253002402,-0.06645316253002402,0.00021915533845964091
sensor_199,4,0.0031923383878691143,0.0,0.06645316253002402,-0.06645316253002402,0.00021915533845964091
sensor_200,4,0.0031923383878691143,0.0,0.06645316253002402,-0.06645316253002402,0.00021915533845964091
sensor_204,4,0.0031923383878691143,0.0,0.06645316253002402,-0.06645316253002402,0.00021915533845964091
sensor_205,4,0.0031923383878691143,0.0,0.06645316253002402,-0.06645316253002402,0.00021915533845964091
sensor_206,4,0.0031923383878691143,0.0,0.06645316253002402,-0.06645316253002402,0.00021915533845964091
sensor_207,4,0.0031923383878691143,0.0,0.06645316253002402,-0.06645316253002402,0.00021915533845964091
sensor_208,4,0.0031923383878691143,0.0,0.06645316253002402,-0.06645316253002402,0.00021915533845964091
sensor_209,4,0.0031923383878691143,0.0,0.06645316253002402,-0.06645316253002402,0.00021915533845964091
sensor_210,4,0.0031923383878691143,0.0,0.06645316253002402,-0.06645316253002402,0.00021915533845964091
sensor_334,4,0.0031923383878691143,0.0,0.06645316253002402,-0.06645316253002402,0.00021915533845964091
sensor_335,4,0.0031923383878691143,0.0,0.06645316253002402,-0.06645316253002402,0.00021915533845964091
sensor_336,4,0.0031923383878691143,0.0,0.06645316253002402,-0.06645316253002402,0.00021915533845964091
sensor_340,4,0.0031923383878691143,0.0,0.06645316253002402,-0.06645316253002402,0.00021915533845964091
sensor_341,4,0.0031923383878691143,0.0,0.06645316253002402,-0.06645316253002402,0.00021915533845964091
sensor_342,4,0.0031923383878691143,0.0,0.06645316253002402,-0.06645316253002402,0.00021915533845964091
sensor_343,4,0.0031923383878691143,0.0,0.06645316253002402,-0.06645316253002402,0.00021915533845964091
sensor_344,4,0.0031923383878691143,0.0,0.06645316253002402,-0.06645316253002402,0.00021915533845964091
sensor_345,4,0.0031923383878691143,0.0,0.06645316253002402,-0.06645316253002402,0.00021915533845964091
sensor_348,4,0.0031923383878691143,0.0,0.06645316253002402,-0.06645316253002402,0.00021915533845964091
sensor_470,4,0.0031923383878691143,0.0,0.06645316253002402,-0.06645316253002402,0.00021915533845964091
sensor_471,4,0.0031923383878691143,0.0,0.06645316253002402,-0.06645316253002402,0.00021915533845964091
sensor_472,4,0.0031923383878691143,0.0,0.06645316253002402,-0.06645316253002402,0.00021915533845964091
sensor_476,4,0.0031923383878691143,0.0,0.06645316253002402,-0.06645316253002402,0.00021915533845964091
sensor_477,4,0.0031923383878691143,0.0,0.06645316253002402,-0.06645316253002402,0.00021915533845964091
sensor_478,4,0.0031923383878691143,0.0,0.06645316253002402,-0.06645316253002402,0.00021915533845964091
sensor_479,4,0.0031923383878691143,0.0,0.06645316253002402,-0.06645316253002402,0.00021915533845964091
sensor_480,4,0.0031923383878691143,0.0,0.06645316253002402,-0.06645316253002402,0.00021915533845964091
sensor_481,4,0.0031923383878691143,0.0,0.06645316253002402,-0.06645316253002402,0.00021915533845964091
sensor_015,3,0.0023942537909018356,0.0,0.0664,-0.0664,0.00016429846475876642
sensor_016,3,0.0023942537909018356,0.0,0.0664,-0.0664,0.00016429846475876642
sensor_017,3,0.0023942537909018356,0.0,0.0664,-0.0664,0.00016429846475876642
sensor_018,3,0.0023942537909018356,0.0,0.0664,-0.0664,0.00016429846475876642
sensor_019,3,0.0023942537909018356,0.0,0.0664,-0.0664,0.00016429846475876642
sensor_136,3,0.0023942537909018356,0.0,0.0664,-0.0664,0.00016429846475876642
sensor_151,3,0.0023942537909018356,0.0,0.0664,-0.0664,0.00016429846475876642
sensor_152,3,0.0023942537909018356,0.0,0.0664,-0.0664,0.00016429846475876642
sensor_153,3,0.0023942537909018356,0.0,0.0664,-0.0664,0.00016429846475876642
sensor_154,3,0.0023942537909018356,0.0,0.0664,-0.0664,0.00016429846475876642
sensor_155,3,0.0023942537909018356,0.0,0.0664,-0.0664,0.00016429846475876642
sensor_271,3,0.0023942537909018356,0.0,0.0664,-0.0664,0.00016429846475876642
sensor_286,3,0.0023942537909018356,0.0,0.0664,-0.0664,0.00016429846475876642
sensor_287,3,0.0023942537909018356,0.0,0.0664,-0.0664,0.00016429846475876642
sensor_288,3,0.0023942537909018356,0.0,0.0664,-0.0664,0.00016429846475876642
sensor_289,3,0.0023942537909018356,0.0,0.0664,-0.0664,0.00016429846475876642
sensor_290,3,0.0023942537909018356,0.0,0.0664,-0.0664,0.00016429846475876642
sensor_409,3,0.0023942537909018356,0.0,0.0664,-0.0664,0.00016429846475876642
sensor_424,3,0.0023942537909018356,0.0,0.0664,-0.0664,0.00016429846475876642
sensor_425,3,0.0023942537909018356,0.0,0.0664,-0.0664,0.00016429846475876642
sensor_426,3,0.0023942537909018356,0.0,0.0664,-0.0664,0.00016429846475876642
sensor_427,3,0.0023942537909018356,0.0,0.0664,-0.0664,0.00016429846475876642
sensor_428,3,0.0023942537909018356,0.0,0.0664,-0.0664,0.00016429846475876642
sensor_009,2,0.0015961691939345571,0.0,0.06634692246203037,-0.06634692246203037,0.00010948700051506208
sensor_010,2,0.0015961691939345571,0.0,0.06634692246203037,-0.06634692246203037,0.00010948700051506208
sensor_011,2,0.0015961691939345571,0.0,0.06634692246203037,-0.06634692246203037,0.00010948700051506208
sensor_012,2,0.0015961691939345571,0.0,0.06634692246203037,-0.06634692246203037,0.00010948700051506208
sensor_013,2,0.0015961691939345571,0.0,0.06634692246203037,-0.06634692246203037,0.00010948700051506208
sensor_093,2,0.0015961691939345571,0.0,0.06634692246203037,-0.06634692246203037,0.00010948700051506208
sensor_094,2,0.0015961691939345571,0.0,0.06634692246203037,-0.06634692246203037,0.00010948700051506208
sensor_104,2,0.0015961691939345571,0.0,0.06634692246203037,-0.06634692246203037,0.00010948700051506208
sensor_105,2,0.0015961691939345571,0.0,0.06634692246203037,-0.06634692246203037,0.00010948700051506208
sensor_145,2,0.0015961691939345571,0.0,0.06634692246203037,-0.06634692246203037,0.00010948700051506208
sensor_146,2,0.0015961691939345571,0.0,0.06634692246203037,-0.06634692246203037,0.00010948700051506208
sensor_147,2,0.0015961691939345571,0.0,0.06634692246203037,-0.06634692246203037,0.00010948700051506208
sensor_148,2,0.0015961691939345571,0.0,0.06634692246203037,-0.06634692246203037,0.00010948700051506208
sensor_149,2,0.0015961691939345571,0.0,0.06634692246203037,-0.06634692246203037,0.00010948700051506208
sensor_228,2,0.0015961691939345571,0.0,0.06634692246203037,-0.06634692246203037,0.00010948700051506208
sensor_229,2,0.0015961691939345571,0.0,0.06634692246203037,-0.06634692246203037,0.00010948700051506208
sensor_239,2,0.0015961691939345571,0.0,0.06634692246203037,-0.06634692246203037,0.00010948700051506208
sensor_240,2,0.0015961691939345571,0.0,0.06634692246203037,-0.06634692246203037,0.00010948700051506208
sensor_280,2,0.0015961691939345571,0.0,0.06634692246203037,-0.06634692246203037,0.00010948700051506208
sensor_281,2,0.0015961691939345571,0.0,0.06634692246203037,-0.06634692246203037,0.00010948700051506208
sensor_282,2,0.0015961691939345571,0.0,0.06634692246203037,-0.06634692246203037,0.00010948700051506208
sensor_283,2,0.0015961691939345571,0.0,0.06634692246203037,-0.06634692246203037,0.00010948700051506208
sensor_284,2,0.0015961691939345571,0.0,0.06634692246203037,-0.06634692246203037,0.00010948700051506208
sensor_366,2,0.0015961691939345571,0.0,0.06634692246203037,-0.06634692246203037,0.00010948700051506208
sensor_367,2,0.0015961691939345571,0.0,0.06634692246203037,-0.06634692246203037,0.00010948700051506208
sensor_377,2,0.0015961691939345571,0.0,0.06634692246203037,-0.06634692246203037,0.00010948700051506208
sensor_378,2,0.0015961691939345571,0.0,0.06634692246203037,-0.06634692246203037,0.00010948700051506208
sensor_418,2,0.0015961691939345571,0.0,0.06634692246203037,-0.06634692246203037,0.00010948700051506208
sensor_419,2,0.0015961691939345571,0.0,0.06634692246203037,-0.06634692246203037,0.00010948700051506208
sensor_420,2,0.0015961691939345571,0.0,0.06634692246203037,-0.06634692246203037,0.00010948700051506208
sensor_421,2,0.0015961691939345571,0.0,0.06634692246203037,-0.06634692246203037,0.00010948700051506208
sensor_422,2,0.0015961691939345571,0.0,0.06634692246203037,-0.06634692246203037,0.00010948700051506208
sensor_500,2,0.0015961691939345571,0.0,0.06634692246203037,-0.06634692246203037,0.00010948700051506208
sensor_501,2,0.0015961691939345571,0.0,0.06634692246203037,-0.06634692246203037,0.00010948700051506208
sensor_511,2,0.0015961691939345571,0.0,0.06634692246203037,-0.06634692246203037,0.00010948700051506208
sensor_512,2,0.0015961691939345571,0.0,0.06634692246203037,-0.06634692246203037,0.00010948700051506208
sensor_543,2,0.0015961691939345571,0.0,0.06634692246203037,-0.06634692246203037,0.00010948700051506208
sensor_544,2,0.0015961691939345571,0.0,0.06634692246203037,-0.06634692246203037,0.00010948700051506208
sensor_545,2,0.0015961691939345571,0.0,0.06634692246203037,-0.06634692246203037,0.00010948700051506208
sensor_546,2,0.0015961691939345571,0.0,0.06634692246203037,-0.06634692246203037,0.00010948700051506208
sensor_020,10,0.007980845969672785,0.1,0.06596942880128721,0.03403057119871279,6.480452229843357e-05
sensor_156,10,0.007980845969672785,0.1,0.06596942880128721,0.03403057119871279,6.480452229843357e-05
sensor_291,10,0.007980845969672785,0.1,0.06596942880128721,0.03403057119871279,6.480452229843357e-05
sensor_429,10,0.007980845969672785,0.1,0.06596942880128721,0.03403057119871279,6.480452229843357e-05
sensor_022,1,0.0007980845969672786,0.0,0.06629392971246006,-0.06629392971246006,5.472087058095397e-05
sensor_023,1,0.0007980845969672786,0.0,0.06629392971246006,-0.06629392971246006,5.472087058095397e-05
sensor_024,1,0.0007980845969672786,0.0,0.06629392971246006,-0.06629392971246006,5.472087058095397e-05
sensor_025,1,0.0007980845969672786,0.0,0.06629392971246006,-0.06629392971246006,5.472087058095397e-05
sensor_026,1,0.0007980845969672786,0.0,0.06629392971246006,-0.06629392971246006,5.472087058095397e-05
sensor_027,1,0.0007980845969672786,0.0,0.06629392971246006,-0.06629392971246006,5.472087058095397e-05
sensor_028,1,0.0007980845969672786,0.0,0.06629392971246006,-0.06629392971246006,5.472087058095397e-05
sensor_029,1,0.0007980845969672786,0.0,0.06629392971246006,-0.06629392971246006,5.472087058095397e-05
sensor_030,1,0.0007980845969672786,0.0,0.06629392971246006,-0.06629392971246006,5.472087058095397e-05
sensor_031,1,0.0007980845969672786,0.0,0.06629392971246006,-0.06629392971246006,5.472087058095397e-05
sensor_032,1,0.0007980845969672786,0.0,0.06629392971246006,-0.06629392971246006,5.472087058095397e-05
sensor_044,1,0.0007980845969672786,0.0,0.06629392971246006,-0.06629392971246006,5.472087058095397e-05
sensor_045,1,0.0007980845969672786,0.0,0.06629392971246006,-0.06629392971246006,5.472087058095397e-05
sensor_046,1,0.0007980845969672786,0.0,0.06629392971246006,-0.06629392971246006,5.472087058095397e-05
sensor_047,1,0.0007980845969672786,0.0,0.06629392971246006,-0.06629392971246006,5.472087058095397e-05
sensor_048,1,0.0007980845969672786,0.0,0.06629392971246006,-0.06629392971246006,5.472087058095397e-05
sensor_049,1,0.0007980845969672786,0.0,0.06629392971246006,-0.06629392971246006,5.472087058095397e-05
sensor_051,1,0.0007980845969672786,0.0,0.06629392971246006,-0.06629392971246006,5.472087058095397e-05
sensor_052,1,0.0007980845969672786,0.0,0.06629392971246006,-0.06629392971246006,5.472087058095397e-05
sensor_084,1,0.0007980845969672786,0.0,0.06629392971246006,-0.06629392971246006,5.472087058095397e-05
sensor_160,1,0.0007980845969672786,0.0,0.06629392971246006,-0.06629392971246006,5.472087058095397e-05
sensor_161,1,0.0007980845969672786,0.0,0.06629392971246006,-0.06629392971246006,5.472087058095397e-05
sensor_162,1,0.0007980845969672786,0.0,0.06629392971246006,-0.06629392971246006,5.472087058095397e-05
sensor_163,1,0.0007980845969672786,0.0,0.06629392971246006,-0.06629392971246006,5.472087058095397e-05
sensor_164,1,0.0007980845969672786,0.0,0.06629392971246006,-0.06629392971246006,5.472087058095397e-05
sensor_165,1,0.0007980845969672786,0.0,0.06629392971246006,-0.06629392971246006,5.472087058095397e-05
sensor_166,1,0.0007980845969672786,0.0,0.06629392971246006,-0.06629392971246006,5.472087058095397e-05
sensor_167,1,0.0007980845969672786,0.0,0.06629392971246006,-0.06629392971246006,5.472087058095397e-05
sensor_168,1,0.0007980845969672786,0.0,0.06629392971246006,-0.06629392971246006,5.472087058095397e-05
sensor_169,1,0.0007980845969672786,0.0,0.06629392971246006,-0.06629392971246006,5.472087058095397e-05
sensor_170,1,0.0007980845969672786,0.0,0.06629392971246006,-0.06629392971246006,5.472087058095397e-05
sensor_181,1,0.0007980845969672786,0.0,0.06629392971246006,-0.06629392971246006,5.472087058095397e-05
sensor_182,1,0.0007980845969672786,0.0,0.06629392971246006,-0.06629392971246006,5.472087058095397e-05
sensor_183,1,0.0007980845969672786,0.0,0.06629392971246006,-0.06629392971246006,5.472087058095397e-05
sensor_184,1,0.0007980845969672786,0.0,0.06629392971246006,-0.06629392971246006,5.472087058095397e-05
sensor_185,1,0.0007980845969672786,0.0,0.06629392971246006,-0.06629392971246006,5.472087058095397e-05
sensor_186,1,0.0007980845969672786,0.0,0.06629392971246006,-0.06629392971246006,5.472087058095397e-05
sensor_188,1,0.0007980845969672786,0.0,0.06629392971246006,-0.06629392971246006,5.472087058095397e-05
sensor_189,1,0.0007980845969672786,0.0,0.06629392971246006,-0.06629392971246006,5.472087058095397e-05
sensor_219,1,0.0007980845969672786,0.0,0.06629392971246006,-0.06629392971246006,5.472087058095397e-05
sensor_295,1,0.0007980845969672786,0.0,0.06629392971246006,-0.06629392971246006,5.472087058095397e-05
sensor_296,1,0.0007980845969672786,0.0,0.06629392971246006,-0.06629392971246006,5.472087058095397e-05
sensor_297,1,0.0007980845969672786,0.0,0.06629392971246006,-0.06629392971246006,5.472087058095397e-05
sensor_298,1,0.0007980845969672786,0.0,0.06629392971246006,-0.06629392971246006,5.472087058095397e-05
sensor_299,1,0.0007980845969672786,0.0,0.06629392971246006,-0.06629392971246006,5.472087058095397e-05
sensor_300,1,0.0007980845969672786,0.0,0.06629392971246006,-0.06629392971246006,5.472087058095397e-05
sensor_301,1,0.0007980845969672786,0.0,0.06629392971246006,-0.06629392971246006,5.472087058095397e-05
sensor_302,1,0.0007980845969672786,0.0,0.06629392971246006,-0.06629392971246006,5.472087058095397e-05
sensor_303,1,0.0007980845969672786,0.0,0.06629392971246006,-0.06629392971246006,5.472087058095397e-05
sensor_304,1,0.0007980845969672786,0.0,0.06629392971246006,-0.06629392971246006,5.472087058095397e-05
sensor_305,1,0.0007980845969672786,0.0,0.06629392971246006,-0.06629392971246006,5.472087058095397e-05
sensor_317,1,0.0007980845969672786,0.0,0.06629392971246006,-0.06629392971246006,5.472087058095397e-05
sensor_318,1,0.0007980845969672786,0.0,0.06629392971246006,-0.06629392971246006,5.472087058095397e-05
sensor_319,1,0.0007980845969672786,0.0,0.06629392971246006,-0.06629392971246006,5.472087058095397e-05
sensor_320,1,0.0007980845969672786,0.0,0.06629392971246006,-0.06629392971246006,5.472087058095397e-05
sensor_321,1,0.0007980845969672786,0.0,0.06629392971246006,-0.06629392971246006,5.472087058095397e-05
sensor_322,1,0.0007980845969672786,0.0,0.06629392971246006,-0.06629392971246006,5.472087058095397e-05
sensor_324,1,0.0007980845969672786,0.0,0.06629392971246006,-0.06629392971246006,5.472087058095397e-05
sensor_325,1,0.0007980845969672786,0.0,0.06629392971246006,-0.06629392971246006,5.472087058095397e-05
sensor_357,1,0.0007980845969672786,0.0,0.06629392971246006,-0.06629392971246006,5.472087058095397e-05
sensor_431,1,0.0007980845969672786,0.0,0.06629392971246006,-0.06629392971246006,5.472087058095397e-05
sensor_432,1,0.0007980845969672786,0.0,0.06629392971246006,-0.06629392971246006,5.472087058095397e-05
sensor_433,1,0.0007980845969672786,0.0,0.06629392971246006,-0.06629392971246006,5.472087058095397e-05
sensor_434,1,0.0007980845969672786,0.0,0.06629392971246006,-0.06629392971246006,5.472087058095397e-05
sensor_435,1,0.0007980845969672786,0.0,0.06629392971246006,-0.06629392971246006,5.472087058095397e-05
sensor_436,1,0.0007980845969672786,0.0,0.06629392971246006,-0.06629392971246006,5.472087058095397e-05
sensor_437,1,0.0007980845969672786,0.0,0.06629392971246006,-0.06629392971246006,5.472087058095397e-05
sensor_438,1,0.0007980845969672786,0.0,0.06629392971246006,-0.06629392971246006,5.472087058095397e-05
sensor_439,1,0.0007980845969672786,0.0,0.06629392971246006,-0.06629392971246006,5.472087058095397e-05
sensor_440,1,0.0007980845969672786,0.0,0.06629392971246006,-0.06629392971246006,5.472087058095397e-05
sensor_441,1,0.0007980845969672786,0.0,0.06629392971246006,-0.06629392971246006,5.472087058095397e-05
sensor_453,1,0.0007980845969672786,0.0,0.06629392971246006,-0.06629392971246006,5.472087058095397e-05
sensor_454,1,0.0007980845969672786,0.0,0.06629392971246006,-0.06629392971246006,5.472087058095397e-05
sensor_455,1,0.0007980845969672786,0.0,0.06629392971246006,-0.06629392971246006,5.472087058095397e-05
sensor_456,1,0.0007980845969672786,0.0,0.06629392971246006,-0.06629392971246006,5.472087058095397e-05
sensor_457,1,0.0007980845969672786,0.0,0.06629392971246006,-0.06629392971246006,5.472087058095397e-05
sensor_458,1,0.0007980845969672786,0.0,0.06629392971246006,-0.06629392971246006,5.472087058095397e-05
sensor_460,1,0.0007980845969672786,0.0,0.06629392971246006,-0.06629392971246006,5.472087058095397e-05
sensor_461,1,0.0007980845969672786,0.0,0.06629392971246006,-0.06629392971246006,5.472087058095397e-05
sensor_491,1,0.0007980845969672786,0.0,0.06629392971246006,-0.06629392971246006,5.472087058095397e-05
sensor_559,1,0.0007980845969672786,0.0,0.06629392971246006,-0.06629392971246006,5.472087058095397e-05
sensor_560,1,0.0007980845969672786,0.0,0.06629392971246006,-0.06629392971246006,5.472087058095397e-05
sensor_561,1,0.0007980845969672786,0.0,0.06629392971246006,-0.06629392971246006,5.472087058095397e-05
sensor_562,1,0.0007980845969672786,0.0,0.06629392971246006,-0.06629392971246006,5.472087058095397e-05
sensor_583,1,0.0007980845969672786,0.0,0.06629392971246006,-0.06629392971246006,5.472087058095397e-05
sensor_584,1,0.0007980845969672786,0.0,0.06629392971246006,-0.06629392971246006,5.472087058095397e-05
sensor_585,1,0.0007980845969672786,0.0,0.06629392971246006,-0.06629392971246006,5.472087058095397e-05
sensor_586,1,0.0007980845969672786,0.0,0.06629392971246006,-0.06629392971246006,5.472087058095397e-05
sensor_587,1,0.0007980845969672786,0.0,0.06629392971246006,-0.06629392971246006,5.472087058095397e-05
sensor_588,1,0.0007980845969672786,0.0,0.06629392971246006,-0.06629392971246006,5.472087058095397e-05
sensor_589,1,0.0007980845969672786,0.0,0.06629392971246006,-0.06629392971246006,5.472087058095397e-05
sensor_590,1,0.0007980845969672786,0.0,0.06629392971246006,-0.06629392971246006,5.472087058095397e-05
sensor_547,200,0.1596169193934557,0.07,0.06552706552706553,0.004472934472934481,2.1394554238912677e-05
sensor_548,200,0.1596169193934557,0.07,0.06552706552706553,0.004472934472934481,2.1394554238912677e-05
sensor_549,200,0.1596169193934557,0.07,0.06552706552706553,0.004472934472934481,2.1394554238912677e-05
sensor_550,200,0.1596169193934557,0.07,0.06552706552706553,0.004472934472934481,2.1394554238912677e-05
sensor_551,200,0.1596169193934557,0.07,0.06552706552706553,0.004472934472934481,2.1394554238912677e-05
sensor_552,200,0.1596169193934557,0.07,0.06552706552706553,0.004472934472934481,2.1394554238912677e-05
sensor_553,200,0.1596169193934557,0.07,0.06552706552706553,0.004472934472934481,2.1394554238912677e-05
sensor_554,200,0.1596169193934557,0.07,0.06552706552706553,0.004472934472934481,2.1394554238912677e-05
sensor_555,200,0.1596169193934557,0.07,0.06552706552706553,0.004472934472934481,2.1394554238912677e-05
sensor_556,200,0.1596169193934557,0.07,0.06552706552706553,0.004472934472934481,2.1394554238912677e-05
sensor_557,200,0.1596169193934557,0.07,0.06552706552706553,0.004472934472934481,2.1394554238912677e-05
sensor_558,200,0.1596169193934557,0.07,0.06552706552706553,0.004472934472934481,2.1394554238912677e-05
sensor_021,0,0.0,,0.06624102154828412,,0.0
sensor_033,0,0.0,,0.06624102154828412,,0.0
sensor_034,0,0.0,,0.06624102154828412,,0.0
sensor_035,0,0.0,,0.06624102154828412,,0.0
sensor_036,0,0.0,,0.06624102154828412,,0.0
sensor_037,0,0.0,,0.06624102154828412,,0.0
sensor_038,0,0.0,,0.06624102154828412,,0.0
sensor_039,0,0.0,,0.06624102154828412,,0.0
sensor_040,0,0.0,,0.06624102154828412,,0.0
sensor_087,0,0.0,,0.06624102154828412,,0.0
sensor_088,0,0.0,,0.06624102154828412,,0.0
sensor_089,0,0.0,,0.06624102154828412,,0.0
sensor_114,0,0.0,,0.06624102154828412,,0.0
sensor_115,0,0.0,,0.06624102154828412,,0.0
sensor_116,0,0.0,,0.06624102154828412,,0.0
sensor_117,0,0.0,,0.06624102154828412,,0.0
sensor_118,0,0.0,,0.06624102154828412,,0.0
sensor_120,0,0.0,,0.06624102154828412,,0.0
sensor_121,0,0.0,,0.06624102154828412,,0.0
sensor_157,0,0.0,,0.06624102154828412,,0.0
sensor_171,0,0.0,,0.06624102154828412,,0.0
sensor_172,0,0.0,,0.06624102154828412,,0.0
sensor_173,0,0.0,,0.06624102154828412,,0.0
sensor_174,0,0.0,,0.06624102154828412,,0.0
sensor_175,0,0.0,,0.06624102154828412,,0.0
sensor_176,0,0.0,,0.06624102154828412,,0.0
sensor_177,0,0.0,,0.06624102154828412,,0.0
sensor_178,0,0.0,,0.06624102154828412,,0.0
sensor_222,0,0.0,,0.06624102154828412,,0.0
sensor_223,0,0.0,,0.06624102154828412,,0.0
sensor_224,0,0.0,,0.06624102154828412,,0.0
sensor_249,0,0.0,,0.06624102154828412,,0.0
sensor_250,0,0.0,,0.06624102154828412,,0.0
sensor_251,0,0.0,,0.06624102154828412,,0.0
sensor_252,0,0.0,,0.06624102154828412,,0.0
sensor_253,0,0.0,,0.06624102154828412,,0.0
sensor_255,0,0.0,,0.06624102154828412,,0.0
sensor_256,0,0.0,,0.06624102154828412,,0.0
sensor_292,0,0.0,,0.06624102154828412,,0.0
sensor_306,0,0.0,,0.06624102154828412,,0.0
sensor_307,0,0.0,,0.06624102154828412,,0.0
sensor_308,0,0.0,,0.06624102154828412,,0.0
sensor_309,0,0.0,,0.06624102154828412,,0.0
sensor_310,0,0.0,,0.06624102154828412,,0.0
sensor_311,0,0.0,,0.06624102154828412,,0.0
sensor_312,0,0.0,,0.06624102154828412,,0.0
sensor_313,0,0.0,,0.06624102154828412,,0.0
sensor_360,0,0.0,,0.06624102154828412,,0.0
sensor_361,0,0.0,,0.06624102154828412,,0.0
sensor_362,0,0.0,,0.06624102154828412,,0.0
sensor_387,0,0.0,,0.06624102154828412,,0.0
sensor_388,0,0.0,,0.06624102154828412,,0.0
sensor_389,0,0.0,,0.06624102154828412,,0.0
sensor_390,0,0.0,,0.06624102154828412,,0.0
sensor_391,0,0.0,,0.06624102154828412,,0.0
sensor_393,0,0.0,,0.06624102154828412,,0.0
sensor_394,0,0.0,,0.06624102154828412,,0.0
sensor_430,0,0.0,,0.06624102154828412,,0.0
sensor_442,0,0.0,,0.06624102154828412,,0.0
sensor_443,0,0.0,,0.06624102154828412,,0.0
sensor_444,0,0.0,,0.06624102154828412,,0.0
sensor_445,0,0.0,,0.06624102154828412,,0.0
sensor_446,0,0.0,,0.06624102154828412,,0.0
sensor_447,0,0.0,,0.06624102154828412,,0.0
sensor_448,0,0.0,,0.06624102154828412,,0.0
sensor_449,0,0.0,,0.06624102154828412,,0.0
sensor_494,0,0.0,,0.06624102154828412,,0.0
sensor_495,0,0.0,,0.06624102154828412,,0.0
sensor_496,0,0.0,,0.06624102154828412,,0.0
sensor_521,0,0.0,,0.06624102154828412,,0.0
sensor_522,0,0.0,,0.06624102154828412,,0.0
sensor_523,0,0.0,,0.06624102154828412,,0.0
sensor_524,0,0.0,,0.06624102154828412,,0.0
sensor_525,0,0.0,,0.06624102154828412,,0.0
sensor_527,0,0.0,,0.06624102154828412,,0.0
sensor_528,0,0.0,,0.06624102154828412,,0.0
sensor_571,0,0.0,,0.06624102154828412,,0.0
sensor_572,0,0.0,,0.06624102154828412,,0.0
sensor_573,0,0.0,,0.06624102154828412,,0.0
sensor_574,0,0.0,,0.06624102154828412,,0.0
sensor_575,0,0.0,,0.06624102154828412,,0.0
sensor_576,0,0.0,,0.06624102154828412,,0.0
sensor_577,0,0.0,,0.06624102154828412,,0.0
sensor_578,0,0.0,,0.06624102154828412,,0.0
