threshold,recall_fail,precision_fail,f1_fail,balanced_accuracy,true_negative,false_positive,false_negative,true_positive,operational_cost
0.005,1.0,0.06624102154828412,0.12425149700598802,0.5,0,1170,0,83,1170.0
0.01,1.0,0.06624102154828412,0.12425149700598802,0.5,0,1170,0,83,1170.0
0.015,1.0,0.06624102154828412,0.12425149700598802,0.5,0,1170,0,83,1170.0
0.02,1.0,0.06629392971246006,0.12434456928838951,0.5004273504273504,1,1169,0,83,1169.0
0.025,1.0,0.06629392971246006,0.12434456928838951,0.5004273504273504,1,1169,0,83,1169.0
0.03,1.0,0.06650641025641026,0.1247182569496619,0.5021367521367521,5,1165,0,83,1165.0
0.035,1.0,0.0666131621187801,0.12490594431903687,0.502991452991453,7,1163,0,83,1163.0
0.04,1.0,0.0667739340305712,0.12518853695324283,0.5042735042735043,10,1160,0,83,1160.0
0.045,1.0,0.06688154713940371,0.12537764350453173,0.5051282051282051,12,1158,0,83,1158.0
0.05,1.0,0.06704361873990307,0.12566237698713095,0.5064102564102564,15,1155,0,83,1155.0
0.055,1.0,0.06737012987012987,0.12623574144486693,0.5089743589743589,21,1149,0,83,1149.0
0.06,1.0,0.06747967479674796,0.12642802741812642,0.5098290598290598,23,1147,0,83,1147.0
0.065,1.0,0.06758957654723127,0.12662090007627766,0.5106837606837606,25,1145,0,83,1145.0
0.07,1.0,0.06792144026186579,0.12720306513409962,0.5132478632478632,31,1139,0,83,1139.0
0.075,1.0,0.06814449917898194,0.12759415833973867,0.5149572649572649,35,1135,0,83,1135.0
0.08,1.0,0.06842539159109645,0.12808641975308643,0.5170940170940171,40,1130,0,83,1130.0
0.085,1.0,0.0687655343827672,0.12868217054263567,0.5196581196581197,46,1124,0,83,1124.0
0.09,0.9879518072289156,0.06821963394342762,0.12762645914396886,0.5153434249819792,50,1120,1,82,1130.0
0.095,0.9879518072289156,0.06850459482038429,0.128125,0.5174801771187313,55,1115,1,82,1125.0
0.1,0.9879518072289156,0.0688497061293031,0.12872841444270017,0.5200442796828338,61,1109,1,82,1119.0
0.105,0.9879518072289156,0.06902356902356903,0.12903225806451613,0.5213263309648851,64,1106,1,82,1116.0
0.11,0.9879518072289156,0.06943268416596104,0.12974683544303797,0.5243177839563381,71,1099,1,82,1109.0
0.115,0.9759036144578314,0.06911262798634812,0.12908366533864543,0.5217124909895995,79,1091,2,81,1111.0
0.12,0.963855421686747,0.06855184233076264,0.128,0.517397796313459,83,1087,3,80,1117.0
0.125,0.963855421686747,0.06896551724137931,0.12872083668543846,0.5203892493049119,90,1080,3,80,1110.0
0.13,0.963855421686747,0.06944444444444445,0.12955465587044535,0.5238080527237153,98,1072,3,80,1102.0
0.135,0.963855421686747,0.06986899563318777,0.13029315960912052,0.5267995057151683,105,1065,3,80,1095.0
0.14,0.963855421686747,0.07054673721340388,0.1314708299096138,0.5315003604160231,116,1054,3,80,1084.0
0.145,0.963855421686747,0.0709849157054126,0.1322314049586777,0.5344918134074761,123,1047,3,80,1077.0
0.15,0.963855421686747,0.07136485280999108,0.132890365448505,0.5370559159715786,129,1041,3,80,1071.0
0.155,0.9518072289156626,0.07117117117117117,0.13243922883487008,0.5353053238595407,139,1031,4,79,1071.0
0.16,0.9518072289156626,0.07168784029038112,0.13333333333333333,0.5387241272783441,147,1023,4,79,1063.0
0.165,0.9518072289156626,0.07221206581352833,0.13423959218351741,0.5421429306971476,155,1015,4,79,1055.0
0.17,0.9518072289156626,0.07287822878228782,0.1353898886032562,0.5464164349706518,165,1005,4,79,1045.0
0.17500000000000002,0.9397590361445783,0.07282913165266107,0.13518197573656845,0.5455205437133148,177,993,5,78,1043.0
0.18,0.9397590361445783,0.07323943661971831,0.13588850174216027,0.5480846462774174,183,987,5,78,1037.0
0.185,0.9397590361445783,0.07386363636363637,0.1369622475856014,0.5519308001235712,192,978,5,78,1028.0
0.19,0.9397590361445783,0.07449856733524356,0.13805309734513274,0.555776953969725,201,969,5,78,1019.0
0.195,0.9397590361445783,0.075,0.13891362422083706,0.558768406961178,208,962,5,78,1012.0
0.2,0.9397590361445783,0.07587548638132295,0.1404140414041404,0.5638966120893831,220,950,5,78,1000.0
0.20500000000000002,0.9397590361445783,0.07632093933463796,0.1411764705882353,0.5664607146534858,226,944,5,78,994.0
0.21,0.9397590361445783,0.07738095238095238,0.14298808432630614,0.5724436206363918,240,930,5,78,980.0
0.215,0.9397590361445783,0.07807807807807808,0.14417744916820702,0.5762897744825456,249,921,5,78,971.0
0.22,0.9397590361445783,0.0790273556231003,0.14579439252336449,0.5814179796107507,261,909,5,78,959.0
0.225,0.9397590361445783,0.07926829268292683,0.14620431115276475,0.582700030892802,264,906,5,78,956.0
0.23,0.927710843373494,0.07913669064748201,0.14583333333333334,0.5809494387807641,274,896,6,77,956.0
0.23500000000000001,0.927710843373494,0.07987551867219916,0.14708691499522444,0.5847955926269179,283,887,6,77,947.0
0.24,0.927710843373494,0.08096740273396424,0.14893617021276595,0.5903511481824735,296,874,6,77,934.0
0.245,0.927710843373494,0.08130939809926083,0.14951456310679612,0.5920605498918752,300,870,6,77,930.0
0.25,0.927710843373494,0.08261802575107297,0.15172413793103448,0.5984708063021316,315,855,6,77,915.0
0.255,0.9036144578313253,0.08178844056706652,0.15,0.5919781690866028,328,842,8,75,922.0
0.26,0.9036144578313253,0.08269018743109151,0.15151515151515152,0.5962516733601071,338,832,8,75,912.0
0.265,0.9036144578313253,0.08370535714285714,0.15321756894790603,0.6009525280609618,349,821,8,75,901.0
0.27,0.9036144578313253,0.08503401360544217,0.15544041450777202,0.6069354340438677,363,807,8,75,887.0
0.275,0.9036144578313253,0.08630609896432681,0.15756302521008403,0.6124909895994234,376,794,8,75,874.0
0.28,0.891566265060241,0.08634772462077013,0.1574468085106383,0.6111677479147358,387,783,9,74,873.0
0.28500000000000003,0.891566265060241,0.08788598574821853,0.16,0.6175780043249923,402,768,9,74,858.0
0.29,0.8795180722891566,0.08837772397094432,0.16061606160616063,0.6179641643497065,417,753,10,73,853.0
0.295,0.8674698795180723,0.08823529411764706,0.16017797552836485,0.6157862218103182,426,744,11,72,854.0
0.3,0.8674698795180723,0.0891089108910891,0.16161616161616163,0.6192050252291217,434,736,11,72,846.0
0.305,0.8313253012048193,0.08668341708542714,0.15699658703071673,0.604978889918649,443,727,14,69,867.0
0.31,0.8313253012048193,0.08789808917197452,0.15898617511520738,0.6096797446195037,454,716,14,69,856.0
0.315,0.8192771084337349,0.08762886597938144,0.15832363213038417,0.6070744516527649,462,708,15,68,858.0
0.32,0.8192771084337349,0.0891218872870249,0.1607565011820331,0.6126300072083204,475,695,15,68,845.0
0.325,0.8072289156626506,0.08957219251336898,0.16125150421179302,0.6125888168056843,489,681,16,67,841.0
0.33,0.8072289156626506,0.09103260869565218,0.16361416361416362,0.6177170219338894,501,669,16,67,829.0
0.335,0.7951807228915663,0.0907840440165062,0.16296296296296298,0.6151117289671506,509,661,17,66,831.0
0.34,0.7951807228915663,0.09217877094972067,0.16520650813516896,0.6198125836680053,520,650,17,66,820.0
0.34500000000000003,0.7951807228915663,0.09401709401709402,0.1681528662420382,0.6257954896509114,534,636,17,66,806.0
0.35000000000000003,0.7951807228915663,0.09635036496350365,0.171875,0.6330604469158686,551,619,17,66,789.0
0.355,0.7710843373493976,0.095952023988006,0.17066666666666666,0.6278498609823912,567,603,19,64,793.0
0.36,0.7590361445783133,0.09559939301972686,0.16981132075471697,0.6248172175883019,574,596,20,63,796.0
0.365,0.7590361445783133,0.0967741935483871,0.17166212534059946,0.6282360210071054,582,588,20,63,788.0
0.37,0.7590361445783133,0.09797822706065319,0.17355371900826447,0.6316548244259088,590,580,20,63,780.0
0.375,0.7590361445783133,0.09936908517350158,0.17573221757322174,0.6355009782720626,599,571,20,63,771.0
0.38,0.7590361445783133,0.10047846889952153,0.17746478873239438,0.6384924312635156,606,564,20,63,764.0
0.385,0.7590361445783133,0.10194174757281553,0.1797432239657632,0.6423385851096695,615,555,20,63,755.0
0.39,0.7469879518072289,0.10264900662251655,0.1804949053857351,0.6418700442796827,628,542,21,62,752.0
0.395,0.7349397590361446,0.10286677908937605,0.1804733727810651,0.640119452167645,638,532,22,61,752.0
0.4,0.7228915662650602,0.10256410256410256,0.17964071856287425,0.6370868087735557,645,525,23,60,755.0
0.405,0.6987951807228916,0.10139860139860139,0.17709923664122137,0.6297394707033261,656,514,25,58,764.0
0.41000000000000003,0.6987951807228916,0.10301953818827708,0.17956656346749225,0.63358562454948,665,505,25,58,755.0
0.41500000000000004,0.6987951807228916,0.10469314079422383,0.18210361067503925,0.6374317783956338,674,496,25,58,746.0
0.42,0.6987951807228916,0.10583941605839416,0.1838351822503962,0.6399958809597364,680,490,25,58,740.0
0.425,0.6987951807228916,0.10740740740740741,0.18619582664526485,0.6434146843785398,688,482,25,58,732.0
0.43,0.6867469879518072,0.10694183864915573,0.18506493506493507,0.6399546905571002,694,476,26,57,736.0
0.435,0.6867469879518072,0.10877862595419847,0.18780889621087316,0.643800844403254,703,467,26,57,727.0
0.44,0.6867469879518072,0.10982658959537572,0.1893687707641196,0.6459375965400062,708,462,26,57,722.0
0.445,0.6867469879518072,0.111328125,0.1915966386554622,0.6489290495314592,715,455,26,57,715.0
0.45,0.6746987951807228,0.11067193675889328,0.19015280135823429,0.6450417052826691,720,450,27,56,720.0
0.455,0.6746987951807228,0.11244979919678715,0.1927710843373494,0.6484605087014725,728,442,27,56,712.0
0.46,0.6626506024096386,0.11247443762781185,0.19230769230769232,0.6458552157347338,736,434,28,55,714.0
0.465,0.6626506024096386,0.11387163561076605,0.19434628975265017,0.6484193182988364,742,428,28,55,708.0
0.47000000000000003,0.6385542168674698,0.11228813559322035,0.19099099099099098,0.6402172793739058,751,419,30,53,719.0
0.47500000000000003,0.6385542168674698,0.11373390557939914,0.1930783242258652,0.6427813819380084,757,413,30,53,713.0
0.48,0.6265060240963856,0.11428571428571428,0.19330855018587362,0.6410307898259706,767,403,31,52,713.0
0.485,0.6144578313253012,0.1146067415730337,0.19318181818181818,0.6388528472865822,776,394,32,51,714.0
0.49,0.6144578313253012,0.11643835616438356,0.19577735124760076,0.6418443002780352,783,387,32,51,707.0
0.495,0.6024096385542169,0.11547344110854503,0.1937984496124031,0.6375296056018949,787,383,33,50,713.0
0.5,0.6024096385542169,0.11682242990654206,0.19569471624266144,0.639666357738647,792,378,33,50,708.0
0.505,0.6024096385542169,0.1179245283018868,0.19723865877712032,0.6413757594480487,796,374,33,50,704.0
0.51,0.6024096385542169,0.11904761904761904,0.1988071570576541,0.6430851611574504,800,370,33,50,700.0
0.515,0.6024096385542169,0.12165450121654502,0.20242914979757085,0.6469313150036042,809,361,33,50,691.0
0.52,0.6024096385542169,0.12345679012345678,0.20491803278688525,0.6494954175677068,815,355,33,50,685.0
0.525,0.5903614457831325,0.12342569269521411,0.20416666666666666,0.6464627741736175,822,348,34,49,688.0
0.53,0.5903614457831325,0.12628865979381443,0.208067940552017,0.6503089280197714,831,339,34,49,679.0
0.535,0.5542168674698795,0.12169312169312169,0.19956616052060738,0.6352280918545978,838,332,37,46,702.0
0.54,0.5421686746987951,0.12162162162162163,0.1986754966887417,0.6321954484605087,845,325,38,45,705.0
0.545,0.5180722891566265,0.12011173184357542,0.19501133786848074,0.6244207599629286,855,315,40,43,715.0
0.55,0.5060240963855421,0.11965811965811966,0.1935483870967742,0.6209607661414891,861,309,41,42,719.0
0.555,0.5060240963855421,0.12103746397694524,0.19534883720930232,0.6226701678508908,865,305,41,42,715.0
0.56,0.4939759036144578,0.12058823529411765,0.1938534278959811,0.6192101740294511,871,299,42,41,719.0
0.5650000000000001,0.46987951807228917,0.11782477341389729,0.18840579710144928,0.6101534342498198,878,292,44,39,732.0
0.5700000000000001,0.46987951807228917,0.12074303405572756,0.1921182266009852,0.6135722376686232,886,284,44,39,724.0
0.5750000000000001,0.46987951807228917,0.121875,0.1935483870967742,0.6148542889506745,889,281,44,39,721.0
0.58,0.46987951807228917,0.12580645161290321,0.1984732824427481,0.6191277932241788,899,271,44,39,711.0
0.585,0.46987951807228917,0.12745098039215685,0.20051413881748073,0.6208371949335805,903,267,44,39,707.0
0.59,0.46987951807228917,0.12956810631229235,0.203125,0.6229739470703326,908,262,44,39,702.0
0.595,0.4578313253012048,0.1288135593220339,0.20105820105820105,0.6190866028215426,913,257,45,38,707.0
0.6,0.4457831325301205,0.12982456140350876,0.20108695652173914,0.6169086602821543,922,248,46,37,708.0
0.605,0.4457831325301205,0.13167259786476868,0.2032967032967033,0.618618061991556,926,244,46,37,704.0
0.61,0.4457831325301205,0.13653136531365315,0.20903954802259886,0.6228915662650603,936,234,46,37,694.0
0.615,0.42168674698795183,0.1320754716981132,0.20114942528735633,0.6125527752033777,940,230,48,35,710.0
0.62,0.42168674698795183,0.13513513513513514,0.2046783625730994,0.6151168777674803,946,224,48,35,704.0
0.625,0.42168674698795183,0.13725490196078433,0.20710059171597633,0.616826279476882,950,220,48,35,700.0
0.63,0.42168674698795183,0.14,0.21021021021021022,0.6189630316136341,955,215,48,35,695.0
0.635,0.3855421686746988,0.13168724279835392,0.19631901840490798,0.6026001441664093,959,211,51,32,721.0
0.64,0.3855421686746988,0.13617021276595745,0.20125786163522014,0.6060189475852127,967,203,51,32,713.0
0.645,0.3855421686746988,0.13973799126637554,0.20512820512820512,0.6085830501493152,973,197,51,32,707.0
0.65,0.3855421686746988,0.14414414414414414,0.2098360655737705,0.6115745031407682,980,190,51,32,700.0
0.655,0.37349397590361444,0.14351851851851852,0.20735785953177258,0.6076871588919781,985,185,52,31,705.0
0.66,0.37349397590361444,0.14832535885167464,0.21232876712328766,0.6106786118834311,992,178,52,31,698.0
0.665,0.3493975903614458,0.14215686274509803,0.20209059233449478,0.5999124703943981,995,175,54,29,715.0
0.67,0.3373493975903614,0.14583333333333334,0.20363636363636364,0.5985892287097107,1006,164,55,28,714.0
0.675,0.3373493975903614,0.15384615384615385,0.21132075471698114,0.6028627329832149,1016,154,55,28,704.0
0.68,0.30120481927710846,0.14619883040935672,0.1968503937007874,0.5882092472453918,1024,146,58,25,726.0
0.685,0.30120481927710846,0.15060240963855423,0.20080321285140562,0.5903459993821439,1029,141,58,25,721.0
0.6900000000000001,0.27710843373493976,0.14556962025316456,0.1908713692946058,0.5808619091751621,1035,135,60,23,735.0
0.6950000000000001,0.27710843373493976,0.1513157894736842,0.19574468085106383,0.5834260117392647,1041,129,60,23,729.0
0.7000000000000001,0.27710843373493976,0.1554054054054054,0.19913419913419914,0.5851354134486665,1045,125,60,23,725.0
0.705,0.27710843373493976,0.16428571428571428,0.2062780269058296,0.5885542168674699,1053,117,60,23,717.0
0.71,0.27710843373493976,0.16911764705882354,0.2100456621004566,0.5902636185768716,1057,113,60,23,713.0
0.715,0.27710843373493976,0.17692307692307693,0.215962441314554,0.5928277211409742,1063,107,60,23,707.0
0.72,0.26506024096385544,0.17886178861788618,0.21359223300970873,0.5893677273195346,1069,101,61,22,711.0
0.725,0.26506024096385544,0.18487394957983194,0.21782178217821782,0.5910771290289363,1073,97,61,22,707.0
0.73,0.24096385542168675,0.18018018018018017,0.20618556701030927,0.5815930388219546,1079,91,63,20,721.0
0.735,0.24096385542168675,0.18691588785046728,0.21052631578947367,0.5833024405313563,1083,87,63,20,717.0
0.74,0.2289156626506024,0.18627450980392157,0.20540540540540542,0.5789877458552157,1087,83,64,19,723.0
0.745,0.21686746987951808,0.18947368421052632,0.20224719101123595,0.5755277520337762,1093,77,65,18,727.0
0.75,0.21686746987951808,0.2,0.20809248554913296,0.5776645041705283,1098,72,65,18,722.0
0.755,0.21686746987951808,0.20930232558139536,0.21301775147928995,0.57937390587993,1102,68,65,18,718.0
0.76,0.18072289156626506,0.1875,0.18404907975460122,0.5625836680053548,1105,65,68,15,745.0
0.765,0.14457831325301204,0.16666666666666666,0.15483870967741936,0.5466481309854804,1110,60,71,12,770.0
0.77,0.13253012048192772,0.15942028985507245,0.14473684210526316,0.5414787354546391,1112,58,72,11,778.0
0.775,0.13253012048192772,0.171875,0.14965986394557823,0.5436154875913912,1117,53,72,11,773.0
0.78,0.13253012048192772,0.1774193548387097,0.15172413793103448,0.5444701884460921,1119,51,72,11,771.0
0.785,0.13253012048192772,0.1864406779661017,0.15492957746478872,0.5457522397281434,1122,48,72,11,768.0
0.79,0.13253012048192772,0.20754716981132076,0.16176470588235295,0.5483163422922459,1128,42,72,11,762.0
0.795,0.10843373493975904,0.1836734693877551,0.13636363636363635,0.5371228503758624,1130,40,74,9,780.0
0.8,0.10843373493975904,0.1956521739130435,0.13953488372093023,0.5384049016579137,1133,37,74,9,777.0
0.805,0.0963855421686747,0.18604651162790697,0.12698412698412698,0.5332355061270724,1135,35,75,8,785.0
0.81,0.0963855421686747,0.20512820512820512,0.13114754098360656,0.5349449078364741,1139,31,75,8,781.0
0.8150000000000001,0.0963855421686747,0.21052631578947367,0.1322314049586777,0.5353722582638245,1140,30,75,8,780.0
0.8200000000000001,0.0963855421686747,0.22857142857142856,0.13559322033898305,0.5366543095458758,1143,27,75,8,777.0
0.8250000000000001,0.0963855421686747,0.23529411764705882,0.13675213675213677,0.5370816599732262,1144,26,75,8,776.0
0.8300000000000001,0.07228915662650602,0.2,0.10619469026548672,0.5258881680568427,1146,24,77,6,794.0
0.835,0.060240963855421686,0.1724137931034483,0.08928571428571429,0.5198640716713006,1146,24,78,5,804.0
0.84,0.060240963855421686,0.21739130434782608,0.09433962264150944,0.5224281742354032,1152,18,78,5,798.0
0.845,0.060240963855421686,0.23809523809523808,0.09615384615384616,0.5232828750901041,1154,16,78,5,796.0
0.85,0.060240963855421686,0.23809523809523808,0.09615384615384616,0.5232828750901041,1154,16,78,5,796.0
0.855,0.060240963855421686,0.25,0.0970873786407767,0.5237102255174545,1155,15,78,5,795.0
0.86,0.060240963855421686,0.2777777777777778,0.09900990099009901,0.5245649263721553,1157,13,78,5,793.0
0.865,0.060240963855421686,0.3125,0.10101010101010101,0.5254196272268562,1159,11,78,5,791.0
0.87,0.04819277108433735,0.26666666666666666,0.08163265306122448,0.519395530841314,1159,11,79,4,801.0
0.875,0.04819277108433735,0.26666666666666666,0.08163265306122448,0.519395530841314,1159,11,79,4,801.0
0.88,0.03614457831325301,0.25,0.06315789473684211,0.5142261353104727,1161,9,80,3,809.0
0.885,0.03614457831325301,0.3,0.06451612903225806,0.5150808361651735,1163,7,80,3,807.0
0.89,0.03614457831325301,0.375,0.06593406593406594,0.5159355370198744,1165,5,80,3,805.0
0.895,0.03614457831325301,0.42857142857142855,0.06666666666666667,0.5163628874472248,1166,4,80,3,804.0
0.9,0.03614457831325301,0.42857142857142855,0.06666666666666667,0.5163628874472248,1166,4,80,3,804.0
0.905,0.024096385542168676,0.3333333333333333,0.0449438202247191,0.5103387910616827,1166,4,81,2,814.0
0.91,0.024096385542168676,0.3333333333333333,0.0449438202247191,0.5103387910616827,1166,4,81,2,814.0
0.915,0.012048192771084338,0.25,0.022988505747126436,0.5047420451034909,1167,3,82,1,823.0
0.92,0.0,0.0,0.0,0.4987179487179487,1167,3,83,0,833.0
0.925,0.0,0.0,0.0,0.49914529914529915,1168,2,83,0,832.0
0.93,0.0,0.0,0.0,0.4995726495726496,1169,1,83,0,831.0
0.935,0.0,0.0,0.0,0.5,1170,0,83,0,830.0
0.9400000000000001,0.0,0.0,0.0,0.5,1170,0,83,0,830.0
0.9450000000000001,0.0,0.0,0.0,0.5,1170,0,83,0,830.0
0.9500000000000001,0.0,0.0,0.0,0.5,1170,0,83,0,830.0
0.9550000000000001,0.0,0.0,0.0,0.5,1170,0,83,0,830.0
0.96,0.0,0.0,0.0,0.5,1170,0,83,0,830.0
0.965,0.0,0.0,0.0,0.5,1170,0,83,0,830.0
0.97,0.0,0.0,0.0,0.5,1170,0,83,0,830.0
0.975,0.0,0.0,0.0,0.5,1170,0,83,0,830.0
0.98,0.0,0.0,0.0,0.5,1170,0,83,0,830.0
0.985,0.0,0.0,0.0,0.5,1170,0,83,0,830.0
0.99,0.0,0.0,0.0,0.5,1170,0,83,0,830.0
0.995,0.0,0.0,0.0,0.5,1170,0,83,0,830.0
