feature,dtype,non_missing_count,missing_count,missing_rate,unique_count,is_constant,variance,minimum,maximum,mean,median,standard_deviation,missingness_category
sensor_293,float64,138,1429,0.9119336311423102,92,False,0.0001321040622024754,0.0041,0.0831,0.01448695652173913,0.011,0.011493653126942513,High missingness
sensor_158,float64,138,1429,0.9119336311423102,128,False,0.0015632258203744842,0.0118,0.2876,0.047104347826086954,0.03545,0.03953765066837538,High missingness
sensor_294,float64,138,1429,0.9119336311423102,138,False,18959.21988262364,82.3233,879.226,335.55115652173913,317.8671,137.69248302875377,High missingness
sensor_159,float64,138,1429,0.9119336311423102,138,False,165525.95445651622,234.0996,2505.2998,1039.6507376811596,1020.30005,406.84881031719414,High missingness
sensor_359,float64,226,1341,0.8557753669432036,20,False,1.5579410029498528e-07,0.0017,0.0047,0.002442920353982301,0.0024,0.00039470761367749836,High missingness
sensor_221,float64,226,1341,0.8557753669432036,69,False,3.956145722713864e-06,0.0057,0.024,0.00921283185840708,0.00895,0.0019890062148504874,High missingness
sensor_086,float64,226,1341,0.8557753669432036,97,False,8.575093805309733e-06,0.1053,0.1184,0.11278318584070797,0.11355000000000001,0.0029283261097954464,High missingness
sensor_493,float64,226,1341,0.8557753669432036,226,False,3.0950035010385446,4.8882,21.0443,8.170942920353982,8.00895,1.7592622036065415,High missingness
sensor_110,float64,549,1018,0.6496490108487556,96,False,7.560109376038712e-05,0.7848,0.9842,0.9799925318761384,0.981,0.008694888944683947,High missingness
sensor_383,float64,549,1018,0.6496490108487556,29,False,0.0007150255983008254,0.0001,0.6271,0.0018256830601092891,0.0005,0.02673996257104384,High missingness
sensor_245,float64,549,1018,0.6496490108487556,66,False,0.007160141822490793,0.0003,1.9844,0.005755009107468125,0.0017,0.08461762122921439,High missingness
sensor_384,float64,549,1018,0.6496490108487556,525,False,1.7983340765992581,0.0875,30.9982,0.5410398907103825,0.3726,1.3410197897865856,High missingness
sensor_111,float64,549,1018,0.6496490108487556,546,False,3.5347283260002276,88.1938,106.9227,101.31825282331512,101.4817,1.8800873187169334,High missingness
sensor_112,float64,549,1018,0.6496490108487556,545,False,4.432363528516282,213.0083,236.9546,231.81889763205828,231.2012,2.105317916257847,High missingness
sensor_385,float64,549,1018,0.6496490108487556,536,False,10.03893210892492,0.3383,74.8445,1.2854482695810565,1.1063,3.168427387352426,High missingness
sensor_246,float64,549,1018,0.6496490108487556,539,False,18.797550918141543,0.2914,99.9022,1.7297233151183968,1.1851,4.335614249231767,High missingness
sensor_519,float64,549,1018,0.6496490108487556,542,False,22.239659312418997,0.4674,111.3495,1.8062728597449909,1.5891,4.71589432795297,High missingness
sensor_518,float64,549,1018,0.6496490108487556,543,False,23.91858885090762,0.288,113.2758,1.7389021857923495,1.1543,4.890663436682964,High missingness
sensor_247,float64,549,1018,0.6496490108487556,547,False,100.9037088555044,1.1022,237.1837,4.14874189435337,3.673,10.045083815255321,High missingness
sensor_517,float64,549,1018,0.6496490108487556,498,False,116.29206713838936,0.0287,252.8604,0.6788978142076503,0.1747,10.783879966801807,High missingness
sensor_581,float64,618,949,0.6056158264199106,120,False,9.709367725658657e-06,0.001,0.0286,0.005395954692556635,0.0047,0.003115985835278886,High missingness
sensor_580,float64,618,949,0.6056158264199106,260,False,9.293216209553483e-05,0.0032,0.0799,0.016829449838187703,0.0148,0.00964013288785662,High missingness
sensor_579,float64,618,949,0.6056158264199106,322,False,0.00013760017655111643,-0.0169,0.1028,0.021614563106796117,0.0204,0.011730310164318606,High missingness
sensor_582,float64,618,949,0.6056158264199106,611,False,7659.919529835849,0.0,737.3048,97.93437297734629,72.2889,87.52096623001742,High missingness
sensor_347,float64,773,794,0.5067007019783025,762,False,291.6409430608228,1.0177,187.7589,5.770211642949547,3.0464,17.077498149928836,Moderate missingness
sensor_346,float64,773,794,0.5067007019783025,767,False,306.70395341911603,1.7694,257.0106,7.958375808538163,5.567,17.512965294864145,Moderate missingness
sensor_074,float64,773,794,0.5067007019783025,770,False,310.812867686085,456.0447,692.4256,468.02040401034924,466.0817,17.629885640187375,Moderate missingness
sensor_073,float64,773,794,0.5067007019783025,773,False,338.13623906516705,-59.4777,175.4132,150.36155213454074,152.2972,18.388481151665765,Moderate missingness
sensor_386,float64,852,715,0.4562858966177409,232,False,0.0002063712797978628,0.0,0.2073,0.01142699530516432,0.0068,0.01436562841639247,Moderate missingness
sensor_113,float64,852,715,0.4562858966177409,249,False,0.0023950727386587442,0.0,0.4885,0.45753767605633805,0.46285,0.04893948036768213,Moderate missingness
sensor_248,float64,852,715,0.4562858966177409,490,False,0.0044729609821502455,0.0,0.4914,0.053373591549295774,0.027,0.06688019872989498,Moderate missingness
sensor_520,float64,852,715,0.4562858966177409,836,False,250.09587596162535,0.0,184.3488,11.728439906103286,5.83295,15.814419874330685,Moderate missingness
sensor_568,float64,1294,273,0.1742182514358647,619,False,0.0010732798612670055,0.0091,0.2932,0.06008639876352396,0.04865,0.032760950249756275,Low missingness
sensor_566,float64,1294,273,0.1742182514358647,753,False,0.006580836421564936,0.0224,0.6892,0.1456095054095827,0.11954999999999999,0.08112235463523564,Low missingness
sensor_564,float64,1294,273,0.1742182514358647,785,False,0.014824952454537625,0.3049,1.2988,0.6796407264296754,0.651,0.12175776137289,Low missingness
sensor_569,float64,1294,273,0.1742182514358647,887,False,0.9932996100845775,0.3706,12.7462,2.452416924265842,1.9997,0.996644174259087,Low missingness
sensor_567,float64,1294,273,0.1742182514358647,887,False,1.0665956113661423,0.4122,14.0141,2.610869629057187,2.15045,1.0327611589163015,Low missingness
sensor_565,float64,1294,273,0.1742182514358647,581,False,6.935760827293797,0.97,32.58,6.444984544049459,5.16,2.6335832675831226,Low missingness
sensor_563,float64,1294,273,0.1742182514358647,873,False,58.22583161182731,242.286,311.404,262.72968315301387,264.272,7.63058527321642,Low missingness
sensor_570,float64,1294,273,0.1742182514358647,897,False,104.31138124241882,3.2504,84.8024,21.117674034003095,16.98835,10.213294338381658,Low missingness
sensor_553,float64,1307,260,0.16592214422463306,973,False,0.07630336949571807,0.0187,2.7182,0.27668798775822495,0.1979,0.2762306454680908,Low missingness
sensor_547,float64,1307,260,0.16592214422463306,1047,False,0.15137220405833354,0.4444,3.9786,1.039630298393267,0.9111,0.38906580941832136,Low missingness
sensor_555,float64,1307,260,0.16592214422463306,1000,False,0.35862371543244004,0.052,17.4781,0.5036574598316756,0.4789,0.5988519979364184,Low missingness
sensor_550,float64,1307,260,0.16592214422463306,1048,False,0.45339449725334546,0.0446,7.0656,0.6632564651874523,0.471,0.6733457486710267,Low missingness
sensor_557,float64,1307,260,0.16592214422463306,1070,False,1.6384215573532666,1.4967,35.3198,4.216904514154552,4.0671,1.2800084208134206,Low missingness
sensor_552,float64,1307,260,0.16592214422463306,213,False,1.8526403049429916,0.12,39.33,1.2307115531752104,1.15,1.3611173002144201,Low missingness
sensor_558,float64,1307,260,0.16592214422463306,1062,False,3.4985212478287138,0.1646,54.2917,1.6230700076511093,1.5298,1.870433438491922,Low missingness
sensor_554,float64,1307,260,0.16592214422463306,1077,False,4.807702119436477,2.786,56.9303,7.703873527161439,7.4279,2.192647285688347,Low missingness
sensor_549,float64,1307,260,0.16592214422463306,964,False,11.49564854089242,71.038,83.72,75.6798714613619,74.084,3.3905233432159734,Low missingness
sensor_551,float64,1307,260,0.16592214422463306,747,False,24.67063151225993,6.11,131.68,17.013312930374905,16.34,4.966953947064532,Low missingness
sensor_548,float64,1307,260,0.16592214422463306,1023,False,25.642953934214496,372.822,421.702,403.54647742922725,403.122,5.063887235535019,Low missingness
sensor_556,float64,1307,260,0.16592214422463306,1085,False,1239.5717370888,4.8269,303.55,57.746537184391734,54.4417,35.20755227346542,Low missingness
sensor_363,float64,1516,51,0.03254626675175495,389,False,0.00046846512707141437,0.0028,0.4163,0.01838291556728232,0.0125,0.021644055236286347,Low missingness
sensor_090,float64,1516,51,0.03254626675175495,650,False,0.002742916933440442,0.1113,1.4727,0.18870323218997362,0.1901,0.05237286447618119,Low missingness
sensor_225,float64,1516,51,0.03254626675175495,720,False,0.005071041370359727,0.0093,1.4361,0.05937044854881267,0.0398,0.07121124469042601,Low missingness
sensor_498,float64,1516,51,0.03254626675175495,1509,False,24.568349269043164,1.9496,40.2818,11.821029947229553,10.90655,4.9566469784566225,Low missingness
sensor_497,float64,1516,51,0.03254626675175495,1510,False,606.2225123037497,4.8135,219.6436,29.865896437994728,22.0391,24.62158630762343,Low missingness
sensor_364,float64,1516,51,0.03254626675175495,1516,False,19265.975199106724,60.9882,1072.2031,333.31960098944586,309.83164999999997,138.80192793728307,Low missingness
sensor_091,float64,1516,51,0.03254626675175495,1513,False,157064.51857691302,7397.31,10746.6,8827.536865303431,8825.435099999999,396.3136618600386,Low missingness
sensor_226,float64,1516,51,0.03254626675175495,1472,False,187636.3145715577,168.7998,3601.2998,1041.0565875989446,967.2998,433.1700758034397,Low missingness
sensor_179,float64,1543,24,0.015315890236119975,1,True,0.0,0.0,0.0,0.0,0.0,0.0,Low missingness
sensor_314,float64,1543,24,0.015315890236119975,1,True,0.0,0.0,0.0,0.0,0.0,0.0,Low missingness
sensor_315,float64,1543,24,0.015315890236119975,1,True,0.0,0.0,0.0,0.0,0.0,0.0,Low missingness
sensor_450,float64,1543,24,0.015315890236119975,1,True,0.0,0.0,0.0,0.0,0.0,0.0,Low missingness
sensor_451,float64,1543,24,0.015315890236119975,1,True,0.0,0.0,0.0,0.0,0.0,0.0,Low missingness
sensor_392,float64,1543,24,0.015315890236119975,183,False,4.539670690529087e-05,0.0031,0.1375,0.01095599481529488,0.0102,0.006737707837632237,Low missingness
sensor_119,float64,1543,24,0.015315890236119975,328,False,6.563458496721313e-05,0.5274,0.6245,0.5984116655865198,0.599,0.00810151744842984,Low missingness
sensor_350,float64,1543,24,0.015315890236119975,373,False,0.00011242800894042212,0.001,0.1339,0.02525223590408296,0.024,0.010603207483607125,Low missingness
sensor_349,float64,1543,24,0.015315890236119975,357,False,0.00014071846291313517,0.0103,0.22,0.024705703175631887,0.0226,0.011862481313499935,Low missingness
sensor_355,float64,1543,24,0.015315890236119975,486,False,0.00017076997384111165,0.004,0.1344,0.041920998055735584,0.0442,0.013067898600812283,Low missingness
sensor_353,float64,1543,24,0.015315890236119975,354,False,0.00017311069178995892,0.0056,0.1429,0.023355735580038884,0.022,0.01315715363556871,Low missingness
sensor_351,float64,1543,24,0.015315890236119975,435,False,0.00020522439258338358,0.0029,0.2914,0.02320207388204796,0.0188,0.01432565504901551,Low missingness
sensor_354,float64,1543,24,0.015315890236119975,563,False,0.0002402274658072564,0.0026,0.1535,0.04033052495139339,0.0421,0.015499273073510783,Low missingness
sensor_082,float64,1543,24,0.015315890236119975,580,False,0.000289718677244541,-0.0982,0.0584,-0.021153337653920933,-0.0196,0.017021124441250673,Low missingness
sensor_076,float64,1543,24,0.015315890236119975,675,False,0.0004969407105601381,-0.1049,0.2315,-0.00690304601425794,-0.0063,0.02229216702252471,Low missingness
sensor_356,float64,1543,24,0.015315890236119975,572,False,0.0004975884980494312,0.0038,0.2789,0.03454309786130914,0.0294,0.022306691777344106,Low missingness
sensor_254,float64,1543,24,0.015315890236119975,442,False,0.0005028853663715386,0.0094,0.4517,0.033216202203499676,0.0308,0.022425105715950116,Low missingness
sensor_080,float64,1543,24,0.015315890236119975,691,False,0.0005326701365019885,-0.0568,0.1013,0.0034583279325988334,0.0006,0.023079647668497637,Low missingness
sensor_352,float64,1543,24,0.015315890236119975,499,False,0.0006033369437810856,0.002,0.6188,0.027584251458198317,0.0253,0.02456291806323275,Low missingness
sensor_212,float64,1543,24,0.015315890236119975,653,False,0.0006252572111363566,0.0022,0.3227,0.0567549578742709,0.0532,0.02500514369357546,Low missingness
sensor_217,float64,1543,24,0.015315890236119975,728,False,0.0006637996380541218,0.0097,0.2828,0.08348353856124435,0.0846,0.025764309384381366,Low missingness
sensor_216,float64,1543,24,0.015315890236119975,823,False,0.0009264001095193304,0.0059,0.3429,0.08107556707712249,0.0825,0.03043682160672054,Low missingness
sensor_078,float64,1543,24,0.015315890236119975,842,False,0.0009839660465110415,-0.1046,0.1331,-0.007041412832145172,-0.0099,0.03136823307920039,Low missingness
sensor_213,float64,1543,24,0.015315890236119975,681,False,0.0009971475888599448,0.0071,0.5941,0.05143208036292936,0.0416,0.031577643814254805,Low missingness
sensor_077,float64,1543,24,0.015315890236119975,891,False,0.001102457762616494,-0.1862,0.0723,-0.029390473104342195,-0.0289,0.03320327939551294,Low missingness
sensor_083,float64,1543,24,0.015315890236119975,888,False,0.0013013557980268195,-0.2129,0.1437,0.0060548930654569025,0.0076,0.036074309390850705,Low missingness
sensor_211,float64,1543,24,0.015315890236119975,798,False,0.0017694254949636578,0.0319,0.5164,0.08886578094620869,0.0797,0.04206453963808064,Low missingness
sensor_218,float64,1543,24,0.015315890236119975,836,False,0.002142158915658599,0.0079,0.6744,0.07163538561244329,0.0617,0.04628346265847662,Low missingness
sensor_079,float64,1543,24,0.015315890236119975,995,False,0.002291757258452675,-0.3482,0.2492,-0.01364257939079715,-0.0125,0.04787230157881146,Low missingness
sensor_081,float64,1543,24,0.015315890236119975,922,False,0.0024232009259086474,-0.1437,0.1186,-0.018530784186649385,-0.0087,0.04922601878995139,Low missingness
sensor_214,float64,1543,24,0.015315890236119975,810,False,0.002812134652760091,0.0037,1.2837,0.06034614387556708,0.056,0.05302956395031069,Low missingness
sensor_215,float64,1543,24,0.015315890236119975,803,False,0.0031872429007366015,0.0193,0.7615,0.08326843810758264,0.0754,0.05645567199791888,Low missingness
sensor_042,float64,1543,24,0.015315890236119975,315,False,5.571606134393039,-0.0759,37.88,3.3530661697990927,3.074,2.3604249902068566,Low missingness
sensor_526,float64,1543,24,0.015315890236119975,1526,False,15.36929902068684,1.54,80.0406,5.560397342838626,5.1342,3.920369755608116,Low missingness
sensor_041,float64,1543,24,0.015315890236119975,291,False,579.0252262368984,1.434,86.12,67.9049092676604,78.29,24.06294300863671,Low missingness
sensor_484,float64,1543,24,0.015315890236119975,1402,False,37196.68161902012,0.0,989.4737,206.56419598185354,148.3175,192.86441252605448,Low missingness
sensor_485,float64,1543,24,0.015315890236119975,1324,False,45422.96382065921,0.0,996.8586,215.28894802333116,138.7755,213.12663798938698,Low missingness
sensor_486,float64,1543,24,0.015315890236119975,1358,False,47825.322839277396,0.0,994.0,201.11172838626052,112.9534,218.69001540828836,Low missingness
sensor_490,float64,1543,24,0.015315890236119975,1344,False,52005.29829136766,0.0,994.0035,272.1697073882048,219.4872,228.04670199625264,Low missingness
sensor_489,float64,1543,24,0.015315890236119975,1314,False,63526.05259491403,0.0,997.5186,352.6164769280623,348.5294,252.0437513506614,Low missingness
sensor_488,float64,1543,24,0.015315890236119975,1199,False,69610.30305993861,0.0,995.7447,239.45532611795204,112.2755,263.8376452668167,Low missingness
sensor_483,float64,1543,24,0.015315890236119975,1062,False,78967.36390634248,0.0,999.4135,318.41844847699286,293.5185,281.01132344861566,Low missingness
sensor_487,float64,1543,24,0.015315890236119975,1039,False,82578.10885811065,0.0,999.4911,302.50618554763446,249.927,287.3640702281874,Low missingness
sensor_006,float64,1553,14,0.008934269304403318,1,True,0.0,100.0,100.0,100.0,100.0,0.0,Low missingness
sensor_142,float64,1553,14,0.008934269304403318,1,True,0.0,0.0,0.0,0.0,0.0,0.0,Low missingness
sensor_277,float64,1553,14,0.008934269304403318,1,True,0.0,0.0,0.0,0.0,0.0,0.0,Low missingness
sensor_415,float64,1553,14,0.008934269304403318,1,True,0.0,0.0,0.0,0.0,0.0,0.0,Low missingness
sensor_412,float64,1553,14,0.008934269304403318,509,False,0.3041237591176539,0.9609,6.215,2.616086349001932,2.5481,0.5514741690393612,Low missingness
sensor_278,float64,1553,14,0.008934269304403318,512,False,1.4314621638372607,0.5615,32.1709,2.2107444945267227,2.0831,1.1964372795250324,Low missingness
sensor_143,float64,1553,14,0.008934269304403318,374,False,12.618510114527252,1.74,103.39,6.641564713457822,6.26,3.552254229996391,Low missingness
sensor_274,float64,1553,14,0.008934269304403318,518,False,14.672443034394139,8.6512,43.5737,20.181246168705734,19.5809,3.830462509200963,Low missingness
sensor_416,float64,1553,14,0.008934269304403318,513,False,15.668704344108992,1.534,116.8615,6.630615904700579,6.1766,3.958371425739251,Low missingness
sensor_007,float64,1553,14,0.008934269304403318,510,False,38.90283584892686,82.1311,129.2522,101.11290824211203,101.5122,6.237213788938685,Low missingness
sensor_139,float64,1553,14,0.008934269304403318,348,False,152.40786558275798,19.8,141.7998,57.60302459755312,55.9001,12.345358058102567,Low missingness
sensor_413,float64,1553,14,0.008934269304403318,518,False,339.0614596168199,0.0,128.2816,30.911316355441084,26.1569,18.413621577973732,Low missingness
sensor_003,float64,1553,14,0.008934269304403318,507,False,871.0261443665875,2060.66,2315.2667,2200.547317707663,2201.0667,29.513152057457155,Low missingness
sensor_414,float64,1553,14,0.008934269304403318,518,False,2238.09065413336,4.0416,899.119,25.61268969735995,20.2551,47.308462817273615,Low missingness
sensor_005,float64,1553,14,0.008934269304403318,503,False,3175.9468992516063,0.6815,1114.5366,4.197013135866064,1.3168,56.355540093690934,Low missingness
sensor_275,float64,1553,14,0.008934269304403318,518,False,7328.692765671911,0.0,659.1696,136.2924256922086,110.6014,85.60778449225228,Low missingness
sensor_276,float64,1553,14,0.008934269304403318,458,False,28543.90404289121,0.0111,3332.5964,8.693212749517064,0.0784,168.9494126740049,Low missingness
sensor_140,float64,1553,14,0.008934269304403318,518,False,69327.21331627789,0.0,1770.6909,416.76696374758535,339.561,263.3006139686687,Low missingness
sensor_004,float64,1553,14,0.008934269304403318,518,False,195091.5051777535,0.0,3715.0417,1396.3766273663878,1285.2144,441.6916403756737,Low missingness
sensor_141,float64,1553,14,0.008934269304403318,498,False,256970.02205667223,0.0319,9998.8944,26.077903927881508,0.2358,506.92210649829843,Low missingness
sensor_358,float64,1555,12,0.007657945118059987,28,False,2.5092530012787247e-07,0.0003,0.0052,0.0009988424437299035,0.0009,0.0005009244455283376,Low missingness
sensor_220,float64,1555,12,0.007657945118059987,64,False,2.709666910824467e-06,0.0007,0.0163,0.0032540192926045017,0.003,0.0016461065915743328,Low missingness
sensor_085,float64,1555,12,0.007657945118059987,180,False,2.5515645242854253e-05,0.1174,0.1505,0.13310790996784566,0.133,0.005051301341521238,Low missingness
sensor_492,float64,1555,12,0.007657945118059987,472,False,1.498868495866392,0.5558,12.7698,2.442673118971061,2.2508,1.2242828496170286,Low missingness
sensor_020,float64,1557,10,0.006381620931716656,361,False,0.04750885460969864,9.8773,12.9898,12.48103397559409,12.4996,0.21796526009825198,Low missingness
sensor_291,float64,1557,10,0.006381620931716656,324,False,0.07343396952895372,0.0416,4.4203,0.12342697495183044,0.0833,0.27098702834075605,Low missingness
sensor_156,float64,1557,10,0.006381620931716656,65,False,1.2598418658186843,0.14,12.71,0.5071714836223506,0.32,1.1224267752591632,Low missingness
sensor_429,float64,1557,10,0.006381620931716656,404,False,113.05494986668539,1.1198,118.7533,4.220747463070006,2.5341,10.632730122912243,Low missingness
sensor_257,float64,1558,9,0.00574345883854499,1,True,0.0,0.0,0.0,0.0,0.0,0.0,Low missingness
sensor_258,float64,1558,9,0.00574345883854499,1,True,0.0,0.0,0.0,0.0,0.0,0.0,Low missingness
sensor_259,float64,1558,9,0.00574345883854499,1,True,0.0,0.0,0.0,0.0,0.0,0.0,Low missingness
sensor_260,float64,1558,9,0.00574345883854499,1,True,0.0,0.0,0.0,0.0,0.0,0.0,Low missingness
sensor_261,float64,1558,9,0.00574345883854499,1,True,0.0,0.0,0.0,0.0,0.0,0.0,Low missingness
sensor_262,float64,1558,9,0.00574345883854499,1,True,0.0,0.0,0.0,0.0,0.0,0.0,Low missingness
sensor_263,float64,1558,9,0.00574345883854499,1,True,0.0,0.0,0.0,0.0,0.0,0.0,Low missingness
sensor_264,float64,1558,9,0.00574345883854499,1,True,0.0,0.0,0.0,0.0,0.0,0.0,Low missingness
sensor_265,float64,1558,9,0.00574345883854499,1,True,0.0,0.0,0.0,0.0,0.0,0.0,Low missingness
sensor_266,float64,1558,9,0.00574345883854499,1,True,0.0,0.0,0.0,0.0,0.0,0.0,Low missingness
sensor_267,float64,1558,9,0.00574345883854499,1,True,0.0,0.0,0.0,0.0,0.0,0.0,Low missingness
sensor_395,float64,1558,9,0.00574345883854499,1,True,0.0,0.0,0.0,0.0,0.0,0.0,Low missingness
sensor_396,float64,1558,9,0.00574345883854499,1,True,0.0,0.0,0.0,0.0,0.0,0.0,Low missingness
sensor_397,float64,1558,9,0.00574345883854499,1,True,0.0,0.0,0.0,0.0,0.0,0.0,Low missingness
sensor_398,float64,1558,9,0.00574345883854499,1,True,0.0,0.0,0.0,0.0,0.0,0.0,Low missingness
sensor_399,float64,1558,9,0.00574345883854499,1,True,0.0,0.0,0.0,0.0,0.0,0.0,Low missingness
sensor_400,float64,1558,9,0.00574345883854499,1,True,0.0,0.0,0.0,0.0,0.0,0.0,Low missingness
sensor_401,float64,1558,9,0.00574345883854499,1,True,0.0,0.0,0.0,0.0,0.0,0.0,Low missingness
sensor_402,float64,1558,9,0.00574345883854499,1,True,0.0,0.0,0.0,0.0,0.0,0.0,Low missingness
sensor_403,float64,1558,9,0.00574345883854499,1,True,0.0,0.0,0.0,0.0,0.0,0.0,Low missingness
sensor_404,float64,1558,9,0.00574345883854499,1,True,0.0,0.0,0.0,0.0,0.0,0.0,Low missingness
sensor_405,float64,1558,9,0.00574345883854499,1,True,0.0,0.0,0.0,0.0,0.0,0.0,Low missingness
sensor_529,float64,1558,9,0.00574345883854499,1,True,0.0,0.0,0.0,0.0,0.0,0.0,Low missingness
sensor_530,float64,1558,9,0.00574345883854499,1,True,0.0,0.0,0.0,0.0,0.0,0.0,Low missingness
sensor_531,float64,1558,9,0.00574345883854499,1,True,0.0,0.0,0.0,0.0,0.0,0.0,Low missingness
sensor_532,float64,1558,9,0.00574345883854499,1,True,0.0,0.0,0.0,0.0,0.0,0.0,Low missingness
sensor_533,float64,1558,9,0.00574345883854499,1,True,0.0,0.0,0.0,0.0,0.0,0.0,Low missingness
sensor_534,float64,1558,9,0.00574345883854499,1,True,0.0,0.0,0.0,0.0,0.0,0.0,Low missingness
sensor_535,float64,1558,9,0.00574345883854499,1,True,0.0,0.0,0.0,0.0,0.0,0.0,Low missingness
sensor_536,float64,1558,9,0.00574345883854499,1,True,0.0,0.0,0.0,0.0,0.0,0.0,Low missingness
sensor_537,float64,1558,9,0.00574345883854499,1,True,0.0,0.0,0.0,0.0,0.0,0.0,Low missingness
sensor_538,float64,1558,9,0.00574345883854499,1,True,0.0,0.0,0.0,0.0,0.0,0.0,Low missingness
sensor_539,float64,1558,9,0.00574345883854499,1,True,0.0,0.0,0.0,0.0,0.0,0.0,Low missingness
sensor_279,float64,1558,9,0.00574345883854499,22,False,1.1562307950429671e-07,0.0,0.0034,0.0011174582798459565,0.0011,0.0003400339387536143,Low missingness
sensor_144,float64,1558,9,0.00574345883854499,63,False,1.6430351479054796e-06,0.0,0.0121,0.004169448010269577,0.0039,0.00128180932587709,Low missingness
sensor_132,float64,1558,9,0.00574345883854499,68,False,5.065094108927042e-06,0.9936,1.019,0.9978083440308086,0.99775,0.002250576394821345,Low missingness
sensor_008,float64,1558,9,0.00574345883854499,89,False,8.030522137796676e-05,0.0,0.1286,0.12182150192554558,0.1224,0.008961318060306015,Low missingness
sensor_131,float64,1558,9,0.00574345883854499,310,False,0.006811409483301633,0.4199,0.8884,0.7449764441591785,0.75875,0.08253126367202694,Low missingness
sensor_122,float64,1558,9,0.00574345883854499,54,False,0.009923690888719045,15.46,16.07,15.796424903722723,15.79,0.0996177237680075,Low missingness
sensor_124,float64,1558,9,0.00574345883854499,50,False,0.01173212569348086,15.17,16.1,15.829659820282412,15.83,0.10831493753624595,Low missingness
sensor_125,float64,1558,9,0.00574345883854499,59,False,0.01302878239232652,15.43,16.1,15.794704749679077,15.78,0.1141436918639244,Low missingness
sensor_128,float64,1558,9,0.00574345883854499,324,False,0.018335560840219704,0.3161,1.175,0.6484775994865212,0.6539,0.1354088654417417,Low missingness
sensor_127,float64,1558,9,0.00574345883854499,273,False,0.06424745417770425,2.34,3.991,2.7507284980744546,2.735,0.25347081523856796,Low missingness
sensor_129,float64,1558,9,0.00574345883854499,268,False,0.06978818897306711,0.0,3.895,3.1921822849807446,3.195,0.26417454262867024,Low missingness
sensor_126,float64,1558,9,0.00574345883854499,155,False,0.07871093279650557,0.3122,2.465,1.1849557124518615,1.144,0.2805546877108019,Low missingness
sensor_123,float64,1558,9,0.00574345883854499,309,False,0.8174338282026675,1.671,6.889,3.898389602053916,3.877,0.9041204721731875,Low missingness
sensor_417,float64,1558,9,0.00574345883854499,510,False,1.0721218245803497,0.0,9.69,3.4043485237483955,3.234,1.0354331579490534,Low missingness
sensor_130,float64,1558,9,0.00574345883854499,93,False,1.4895683782156242,-3.779,2.458,-0.5542283055198973,-0.1419,1.2204787495960854,Low missingness
sensor_406,float64,1559,8,0.005105296745373325,228,False,0.00011509577804474579,0.0062,0.0514,0.02420750481077614,0.0239,0.010728270039700985,Low missingness
sensor_268,float64,1559,8,0.005105296745373325,291,False,0.0008790437182667866,0.0198,0.1578,0.07058691468890316,0.0706,0.02964867144185025,Low missingness
sensor_133,float64,1559,8,0.005105296745373325,306,False,0.002828197864427101,2.1911,2.4723,2.3185446440025657,2.3124,0.053180803533108646,Low missingness
sensor_408,float64,1559,8,0.005105296745373325,331,False,0.13301421099402122,0.424,3.3128,1.2319973059653624,1.2397,0.3647111336304682,Low missingness
sensor_541,float64,1559,8,0.005105296745373325,336,False,0.5357190761421322,0.6144,4.0825,1.9428280949326493,1.7855,0.7319283271893036,Low missingness
sensor_270,float64,1559,8,0.005105296745373325,330,False,1.3278623084429058,1.3017,10.1529,3.7778656831302113,3.7035,1.152329079925915,Low missingness
sensor_540,float64,1559,8,0.005105296745373325,333,False,1.5697910818881626,0.8516,6.5803,3.0342348941629247,3.0548,1.2529130384380884,Low missingness
sensor_407,float64,1559,8,0.005105296745373325,335,False,8.0065415826969,2.0545,14.7277,6.730614945477869,5.9201,2.8295832878176426,Low missingness
sensor_542,float64,1559,8,0.005105296745373325,336,False,8.388992772650475,3.2761,25.7792,9.61162809493265,9.4593,2.896375799624502,Low missingness
sensor_135,float64,1559,8,0.005105296745373325,335,False,8.942947204486616,33.3658,64.1287,39.39197851186658,38.9026,2.9904760832493906,Low missingness
sensor_134,float64,1559,8,0.005105296745373325,336,False,42.74153638709451,980.451,1020.9944,1004.0430934573443,1004.05,6.537701154618075,Low missingness
sensor_269,float64,1559,8,0.005105296745373325,333,False,53.940275985279065,6.098,40.855,19.504676715843488,17.977,7.344404399628268,Low missingness
sensor_338,float64,1560,7,0.004467134652201659,1517,False,2.8880786595009584,0.0,38.8995,2.3274816025641023,2.05445,1.699434805898996,Low missingness
sensor_411,float64,1560,7,0.004467134652201659,1545,False,4.507035329702209,0.7342,13.8071,4.9293441025641025,4.732749999999999,2.122977939052172,Low missingness
sensor_065,float64,1560,7,0.004467134652201659,1496,False,24.775182250200487,6.4482,48.9882,20.54210903846154,20.021349999999998,4.977467453454667,Low missingness
sensor_202,float64,1560,7,0.004467134652201659,861,False,26.055868479136855,0.0,126.53,7.8393589743589756,6.76,5.1044949288971635,Low missingness
sensor_339,float64,1560,7,0.004467134652201659,1520,False,31.86627281525464,0.0,196.688,3.037579935897436,2.5608500000000003,5.645021949935592,Low missingness
sensor_333,float64,1560,7,0.004467134652201659,1517,False,31.868574712994032,0.5373,174.8944,2.5934845512820512,2.0627000000000004,5.645225833657501,Low missingness
sensor_064,float64,1560,7,0.004467134652201659,1534,False,50.69245067966251,1.6591,188.0923,13.989926987179485,13.24605,7.119863108210895,Low missingness
sensor_066,float64,1560,7,0.004467134652201659,1550,False,50.718654958467916,4.308,118.0836,27.131815576923074,26.26145,7.121703093956383,Low missingness
sensor_337,float64,1560,7,0.004467134652201659,1532,False,57.09511491723662,5.2151,214.8628,9.73638641025641,9.073550000000001,7.556130948920659,Low missingness
sensor_201,float64,1560,7,0.004467134652201659,1008,False,75.52858803226921,3.21,199.62,17.600192307692307,17.235,8.690718499196095,Low missingness
sensor_060,float64,1560,7,0.004467134652201659,1500,False,90.86321038312161,-28.9882,168.1455,2.960241474358974,0.9472499999999999,9.532219593731652,Low missingness
sensor_203,float64,1560,7,0.004467134652201659,1470,False,213.82933337608893,0.0,490.561,10.170463333333334,8.462,14.622904409729584,Low missingness
sensor_197,float64,1560,7,0.004467134652201659,867,False,247.14752125063734,1.75,396.11,8.68848717948718,6.78,15.720926221143502,Low missingness
sensor_273,float64,1560,7,0.004467134652201659,1557,False,314.61937769026923,6.9431,122.1174,41.298147435897434,40.01925,17.737513289361313,Low missingness
sensor_474,float64,1560,7,0.004467134652201659,1558,False,504.3215147103954,0.0,358.9504,39.42684705128205,34.24675,22.457103880741066,Low missingness
sensor_475,float64,1560,7,0.004467134652201659,1559,False,616.1772514136496,0.0,415.4355,37.63704974358974,32.820049999999995,24.822917866633844,Low missingness
sensor_473,float64,1560,7,0.004467134652201659,1560,False,2275.1031474836427,11.4997,492.7718,137.8884057051282,138.25515000000001,47.698041338021866,Low missingness
sensor_138,float64,1560,7,0.004467134652201659,1059,False,2730.3775512738275,19.2,334.7,122.69294871794872,117.7,52.2530147577518,Low missingness
sensor_002,float64,1560,7,0.004467134652201659,1504,False,6465.399019959541,2158.75,2846.44,2495.8502307692306,2499.4049999999997,80.40770497881121,Low missingness
sensor_469,float64,1560,7,0.004467134652201659,1317,False,53253.36903615582,0.0,999.877,224.17304724358976,150.3401,230.76691495133312,Low missingness
sensor_070,float64,1561,6,0.0038289725590299937,1,True,0.0,1.0,1.0,1.0,1.0,0.0,Low missingness
sensor_098,float64,1561,6,0.0038289725590299937,1,True,0.0,0.0,0.0,0.0,0.0,0.0,Low missingness
sensor_227,float64,1561,6,0.0038289725590299937,1,True,0.0,0.0,0.0,0.0,0.0,0.0,Low missingness
sensor_230,float64,1561,6,0.0038289725590299937,1,True,0.0,0.0,0.0,0.0,0.0,0.0,Low missingness
sensor_231,float64,1561,6,0.0038289725590299937,1,True,0.0,0.0,0.0,0.0,0.0,0.0,Low missingness
sensor_232,float64,1561,6,0.0038289725590299937,1,True,0.0,0.0,0.0,0.0,0.0,0.0,Low missingness
sensor_233,float64,1561,6,0.0038289725590299937,1,True,0.0,0.0,0.0,0.0,0.0,0.0,Low missingness
sensor_234,float64,1561,6,0.0038289725590299937,1,True,0.0,0.0,0.0,0.0,0.0,0.0,Low missingness
sensor_235,float64,1561,6,0.0038289725590299937,1,True,0.0,0.0,0.0,0.0,0.0,0.0,Low missingness
sensor_236,float64,1561,6,0.0038289725590299937,1,True,0.0,0.0,0.0,0.0,0.0,0.0,Low missingness
sensor_237,float64,1561,6,0.0038289725590299937,1,True,0.0,0.0,0.0,0.0,0.0,0.0,Low missingness
sensor_238,float64,1561,6,0.0038289725590299937,1,True,0.0,0.0,0.0,0.0,0.0,0.0,Low missingness
sensor_241,float64,1561,6,0.0038289725590299937,1,True,0.0,0.0,0.0,0.0,0.0,0.0,Low missingness
sensor_242,float64,1561,6,0.0038289725590299937,1,True,0.0,0.0,0.0,0.0,0.0,0.0,Low missingness
sensor_243,float64,1561,6,0.0038289725590299937,1,True,0.0,0.0,0.0,0.0,0.0,0.0,Low missingness
sensor_244,float64,1561,6,0.0038289725590299937,1,True,0.0,0.0,0.0,0.0,0.0,0.0,Low missingness
sensor_365,float64,1561,6,0.0038289725590299937,1,True,0.0,0.0,0.0,0.0,0.0,0.0,Low missingness
sensor_370,float64,1561,6,0.0038289725590299937,1,True,0.0,0.0,0.0,0.0,0.0,0.0,Low missingness
sensor_371,float64,1561,6,0.0038289725590299937,1,True,0.0,0.0,0.0,0.0,0.0,0.0,Low missingness
sensor_372,float64,1561,6,0.0038289725590299937,1,True,0.0,0.0,0.0,0.0,0.0,0.0,Low missingness
sensor_373,float64,1561,6,0.0038289725590299937,1,True,0.0,0.0,0.0,0.0,0.0,0.0,Low missingness
sensor_374,float64,1561,6,0.0038289725590299937,1,True,0.0,0.0,0.0,0.0,0.0,0.0,Low missingness
sensor_375,float64,1561,6,0.0038289725590299937,1,True,0.0,0.0,0.0,0.0,0.0,0.0,Low missingness
sensor_376,float64,1561,6,0.0038289725590299937,1,True,0.0,0.0,0.0,0.0,0.0,0.0,Low missingness
sensor_379,float64,1561,6,0.0038289725590299937,1,True,0.0,0.0,0.0,0.0,0.0,0.0,Low missingness
sensor_380,float64,1561,6,0.0038289725590299937,1,True,0.0,0.0,0.0,0.0,0.0,0.0,Low missingness
sensor_381,float64,1561,6,0.0038289725590299937,1,True,0.0,0.0,0.0,0.0,0.0,0.0,Low missingness
sensor_382,float64,1561,6,0.0038289725590299937,1,True,0.0,0.0,0.0,0.0,0.0,0.0,Low missingness
sensor_482,float64,1561,6,0.0038289725590299937,1,True,0.0,0.0,0.0,0.0,0.0,0.0,Low missingness
sensor_499,float64,1561,6,0.0038289725590299937,1,True,0.0,0.0,0.0,0.0,0.0,0.0,Low missingness
sensor_502,float64,1561,6,0.0038289725590299937,1,True,0.0,0.0,0.0,0.0,0.0,0.0,Low missingness
sensor_503,float64,1561,6,0.0038289725590299937,1,True,0.0,0.0,0.0,0.0,0.0,0.0,Low missingness
sensor_504,float64,1561,6,0.0038289725590299937,1,True,0.0,0.0,0.0,0.0,0.0,0.0,Low missingness
sensor_505,float64,1561,6,0.0038289725590299937,1,True,0.0,0.0,0.0,0.0,0.0,0.0,Low missingness
sensor_506,float64,1561,6,0.0038289725590299937,1,True,0.0,0.0,0.0,0.0,0.0,0.0,Low missingness
sensor_507,float64,1561,6,0.0038289725590299937,1,True,0.0,0.0,0.0,0.0,0.0,0.0,Low missingness
sensor_508,float64,1561,6,0.0038289725590299937,1,True,0.0,0.0,0.0,0.0,0.0,0.0,Low missingness
sensor_509,float64,1561,6,0.0038289725590299937,1,True,0.0,0.0,0.0,0.0,0.0,0.0,Low missingness
sensor_510,float64,1561,6,0.0038289725590299937,1,True,0.0,0.0,0.0,0.0,0.0,0.0,Low missingness
sensor_513,float64,1561,6,0.0038289725590299937,1,True,0.0,0.0,0.0,0.0,0.0,0.0,Low missingness
sensor_514,float64,1561,6,0.0038289725590299937,1,True,0.0,0.0,0.0,0.0,0.0,0.0,Low missingness
sensor_515,float64,1561,6,0.0038289725590299937,1,True,0.0,0.0,0.0,0.0,0.0,0.0,Low missingness
sensor_516,float64,1561,6,0.0038289725590299937,1,True,0.0,0.0,0.0,0.0,0.0,0.0,Low missingness
sensor_096,float64,1561,6,0.0038289725590299937,14,False,1.0901024983984626e-08,-0.0009,0.0009,6.0025624599615635e-05,0.0,0.00010440797375672332,Low missingness
sensor_095,float64,1561,6,0.0038289725590299937,22,False,3.0322927446245835e-08,-0.002,0.0011,-2.9147982062780273e-05,0.0,0.0001741347967703349,Low missingness
sensor_102,float64,1561,6,0.0038289725590299937,29,False,4.873602555889552e-08,-0.0024,0.0017,-7.23894939141576e-06,0.0,0.000220762373512552,Low missingness
sensor_101,float64,1561,6,0.0038289725590299937,35,False,1.264063388031998e-07,-0.003,0.0023,-2.1268417680973738e-05,0.0,0.0003555366912193449,Low missingness
sensor_369,float64,1561,6,0.0038289725590299937,97,False,4.4381107689022485e-06,0.0,0.0334,0.0031716207559256892,0.0028,0.002106682408172207,Low missingness
sensor_368,float64,1561,6,0.0038289725590299937,113,False,7.2850359237175365e-06,0.0,0.0357,0.003773286354900705,0.0032,0.002699080570067803,Low missingness
sensor_107,float64,1561,6,0.0038289725590299937,180,False,8.927622595640532e-06,-0.0133,0.0172,0.0005395259449071109,0.0002,0.002987912749000635,Low missingness
sensor_106,float64,1561,6,0.0038289725590299937,177,False,1.0254912194681255e-05,-0.0281,0.0127,-0.0004978859705317105,-0.0002,0.003202329182748278,Low missingness
sensor_343,float64,1561,6,0.0038289725590299937,2,False,0.00012811520819987188,0.0,0.4472,0.00028648302370275463,0.0,0.011318798885035102,Low missingness
sensor_207,float64,1561,6,0.0038289725590299937,2,False,0.0025624599615631004,0.0,2.0,0.0012812299807815502,0.0,0.050620746355255375,Low missingness
sensor_100,float64,1561,6,0.0038289725590299937,272,False,0.003936356967681795,-0.5283,0.8854,0.001540102498398463,0.0,0.062740393429447,Low missingness
sensor_103,float64,1561,6,0.0038289725590299937,1066,False,0.003964926709604298,-0.5353,0.2979,0.00111460602178091,0.0,0.06296766399989996,Low missingness
sensor_109,float64,1561,6,0.0038289725590299937,1183,False,0.007526909831427914,-0.3454,0.3938,-0.010788597053171044,-0.0112,0.08675776525146273,Low missingness
sensor_108,float64,1561,6,0.0038289725590299937,1159,False,0.007651836337760147,-0.5226,0.4856,-0.0017659192825112105,0.0,0.08747477543703755,Low missingness
sensor_092,float64,1561,6,0.0038289725590299937,1191,False,0.007688300488181475,-0.357,0.3627,0.002439846252402306,0.0,0.08768295437644351,Low missingness
sensor_075,float64,1561,6,0.0038289725590299937,2,False,0.01127624615631006,0.0,4.1955,0.002687700192184497,0.0,0.10618967066673698,Low missingness
sensor_335,float64,1561,6,0.0038289725590299937,1145,False,0.029888376975788042,0.0282,3.4125,0.16836386931454198,0.1294,0.17288255254879842,Low missingness
sensor_097,float64,1561,6,0.0038289725590299937,1333,False,0.0482145615457547,-1.4803,2.5093,0.01712664958360026,0.0039,0.21957814450840663,Low missingness
sensor_062,float64,1561,6,0.0038289725590299937,1418,False,0.07555730046428161,9.4611,11.7849,10.423142921204356,10.4367,0.2748768823751492,Low missingness
sensor_348,float64,1561,6,0.0038289725590299937,2,False,0.12403515444586803,0.0,13.9147,0.008913965406790519,0.0,0.352186249654736,Low missingness
sensor_099,float64,1561,6,0.0038289725590299937,1420,False,0.18242276916571395,-5.2717,2.5698,-0.018142664958360026,0.0,0.42710978584634884,Low missingness
sensor_199,float64,1561,6,0.0038289725590299937,773,False,0.28912687634816603,0.09,10.017,0.5573587443946187,0.424,0.5377051946449523,Low missingness
sensor_210,float64,1561,6,0.0038289725590299937,2,False,1.3643962203715563,0.0,46.15,0.02956438180653427,0.0,1.1680737221475177,Low missingness
sensor_410,float64,1561,6,0.0038289725590299937,1548,False,3.157171928805614,1.2163,9.5765,4.580430301089045,4.4897,1.7768432482370566,Low missingness
sensor_476,float64,1561,6,0.0038289725590299937,1526,False,6.818229535930372,1.1011,79.1162,4.2625733504164,4.2762,2.611173976572678,Low missingness
sensor_480,float64,1561,6,0.0038289725590299937,1507,False,6.962253864646224,0.6459,63.3336,3.2833942344650864,3.1845,2.6386083196727443,Low missingness
sensor_470,float64,1561,6,0.0038289725590299937,1514,False,9.933116345587658,2.6009,77.8007,5.66229269698911,5.4724,3.151684683718798,Low missingness
sensor_334,float64,1561,6,0.0038289725590299937,1527,False,11.583450360611057,2.8372,90.5159,6.215865791159512,5.9801,3.4034468352849374,Low missingness
sensor_342,float64,1561,6,0.0038289725590299937,1517,False,13.453504845055905,0.5741,97.7089,2.7320936579115953,2.3773,3.667901967754305,Low missingness
sensor_069,float64,1561,6,0.0038289725590299937,1479,False,17.978407160493415,87.0255,167.8309,147.43757764253684,147.5973,4.240095182952078,Low missingness
sensor_471,float64,1561,6,0.0038289725590299937,1547,False,24.83394358387029,0.8325,87.1347,5.367751761691223,4.0611,4.9833666916925035,Low missingness
sensor_479,float64,1561,6,0.0038289725590299937,2,False,25.624599615631006,0.0,200.0,0.12812299807815503,0.0,5.062074635525538,Low missingness
sensor_344,float64,1561,6,0.0038289725590299937,1541,False,28.856504578348332,1.2565,156.336,6.198508263933376,6.0056,5.371825069596769,Low missingness
sensor_336,float64,1561,6,0.0038289725590299937,1526,False,33.42641831175359,0.7899,172.7119,3.426925112107623,2.5135,5.781558467381748,Low missingness
sensor_061,float64,1561,6,0.0038289725590299937,1498,False,36.335442824009355,324.7145,373.8664,355.15909404228057,353.7991,6.027888753453348,Low missingness
sensor_340,float64,1561,6,0.0038289725590299937,1543,False,36.902004040352224,2.2001,197.4988,9.328957719410635,9.4742,6.074701971319435,Low missingness
sensor_063,float64,1561,6,0.0038289725590299937,1518,False,74.46001254038637,81.49,287.1509,116.50232882767459,116.2118,8.629021528561994,Low missingness
sensor_345,float64,1561,6,0.0038289725590299937,1551,False,79.1249580078209,2.056,59.3241,23.21714625240231,23.2147,8.895221076950302,Low missingness
sensor_071,float64,1561,6,0.0038289725590299937,1533,False,90.99615286099841,581.7773,722.6018,619.1016865470853,619.0327,9.539190367164208,Low missingness
sensor_472,float64,1561,6,0.0038289725590299937,1552,False,103.51265770020767,2.4026,212.6557,9.63879679692505,7.396,10.174117047695473,Low missingness
sensor_478,float64,1561,6,0.0038289725590299937,1537,False,103.7347569600712,1.6872,289.8264,6.257921460602177,5.2422,10.185026114844831,Low missingness
sensor_198,float64,1561,6,0.0038289725590299937,898,False,111.34811387021797,9.22,252.87,20.092709801409352,19.37,10.552161573356331,Low missingness
sensor_206,float64,1561,6,0.0038289725590299937,841,False,133.1965906903037,2.3,320.05,9.050121716848174,7.74,11.541082734748231,Low missingness
sensor_067,float64,1561,6,0.0038289725590299937,1559,False,135.09595015985485,632.4226,770.6084,706.668522869955,706.4536,11.62307834267045,Low missingness
sensor_477,float64,1561,6,0.0038289725590299937,1559,False,223.19134142580054,0.0,274.8871,20.13215464445868,15.9738,14.939589734186162,Low missingness
sensor_200,float64,1561,6,0.0038289725590299937,920,False,270.4563122429738,2.77,390.12,11.532056374119154,8.57,16.445556002852985,Low missingness
sensor_204,float64,1561,6,0.0038289725590299937,1501,False,304.9143865363077,7.728,500.349,30.073142729019857,30.097,17.461797918207267,Low missingness
sensor_208,float64,1561,6,0.0038289725590299937,1046,False,306.16448132558025,4.01,457.65,20.376175528507368,19.72,17.497556438702528,Low missingness
sensor_272,float64,1561,6,0.0038289725590299937,1559,False,319.2095926072209,10.4015,132.6479,46.05659814221652,45.6765,17.86643760258941,Low missingness
sensor_209,float64,1561,6,0.0038289725590299937,1549,False,787.7645072420943,5.359,172.349,73.26431646380526,73.248,28.067142840732725,Low missingness
sensor_072,float64,1561,6,0.0038289725590299937,1557,False,1001.8426938973171,21.4332,238.4775,104.32903344010249,102.6043,31.651898740791477,Low missingness
sensor_481,float64,1561,6,0.0038289725590299937,1560,False,1278.240778722215,8.8406,221.9747,75.53813094170404,70.4345,35.752493321756106,Low missingness
sensor_137,float64,1561,6,0.0038289725590299937,1089,False,2906.2656390545185,36.1,295.8,138.1947469570788,134.6,53.90979168068189,Low missingness
sensor_001,float64,1561,6,0.0038289725590299937,1520,False,5420.16748404614,2743.24,3356.35,3014.452895579757,3011.49,73.62178674853077,Low missingness
sensor_341,float64,1561,6,0.0038289725590299937,761,False,68507.01699296545,0.0131,5043.8789,14.673506598334402,0.0464,261.7384514987537,Low missingness
sensor_068,float64,1561,6,0.0038289725590299937,1306,False,94557.66024119168,0.4137,7272.8283,16.71544356181935,0.9783,307.5022930665586,Low missingness
sensor_205,float64,1561,6,0.0038289725590299937,1210,False,319339.4098861674,0.0429,9998.4483,32.21816886611146,0.1582,565.1012386167343,Low missingness
sensor_409,float64,1562,5,0.003190810465858328,593,False,6.646690706388383,2.7378,44.31,5.340931882202304,4.9224499999999995,2.5781176672891375,Low missingness
sensor_271,float64,1562,5,0.003190810465858328,599,False,70.5938162909928,15.5471,158.526,29.26029052496799,28.7735,8.402012633351179,Low missingness
sensor_136,float64,1562,5,0.003190810465858328,134,False,3311.3841241497084,58.0,994.0,117.96094750320103,109.0,57.54462723964513,Low missingness
sensor_191,float64,1563,4,0.0025526483726866626,1,True,0.0,0.0,0.0,0.0,0.0,0.0,Low missingness
sensor_192,float64,1563,4,0.0025526483726866626,1,True,0.0,0.0,0.0,0.0,0.0,0.0,Low missingness
sensor_193,float64,1563,4,0.0025526483726866626,1,True,0.0,0.0,0.0,0.0,0.0,0.0,Low missingness
sensor_194,float64,1563,4,0.0025526483726866626,1,True,0.0,0.0,0.0,0.0,0.0,0.0,Low missingness
sensor_195,float64,1563,4,0.0025526483726866626,1,True,0.0,0.0,0.0,0.0,0.0,0.0,Low missingness
sensor_327,float64,1563,4,0.0025526483726866626,1,True,0.0,0.0,0.0,0.0,0.0,0.0,Low missingness
sensor_328,float64,1563,4,0.0025526483726866626,1,True,0.0,0.0,0.0,0.0,0.0,0.0,Low missingness
sensor_329,float64,1563,4,0.0025526483726866626,1,True,0.0,0.0,0.0,0.0,0.0,0.0,Low missingness
sensor_330,float64,1563,4,0.0025526483726866626,1,True,0.0,0.0,0.0,0.0,0.0,0.0,Low missingness
sensor_331,float64,1563,4,0.0025526483726866626,1,True,0.0,0.0,0.0,0.0,0.0,0.0,Low missingness
sensor_463,float64,1563,4,0.0025526483726866626,1,True,0.0,0.0,0.0,0.0,0.0,0.0,Low missingness
sensor_464,float64,1563,4,0.0025526483726866626,1,True,0.0,0.0,0.0,0.0,0.0,0.0,Low missingness
sensor_465,float64,1563,4,0.0025526483726866626,1,True,0.0,0.0,0.0,0.0,0.0,0.0,Low missingness
sensor_466,float64,1563,4,0.0025526483726866626,1,True,0.0,0.0,0.0,0.0,0.0,0.0,Low missingness
sensor_467,float64,1563,4,0.0025526483726866626,1,True,0.0,0.0,0.0,0.0,0.0,0.0,Low missingness
sensor_058,float64,1563,4,0.0025526483726866626,159,False,1.7438576615278238e-05,0.9319,0.9598,0.9492150351887396,0.9493,0.004175952180674276,Low missingness
sensor_057,float64,1563,4,0.0025526483726866626,187,False,4.6340170803217524e-05,0.8755,0.9378,0.9288493282149712,0.931,0.006807361515537244,Low missingness
sensor_054,float64,1563,4,0.0025526483726866626,153,False,0.0030194607582679834,3.706,4.764,4.592971209213052,4.596,0.05494962018310939,Low missingness
sensor_055,float64,1563,4,0.0025526483726866626,169,False,0.0035498565580653106,3.932,5.011,4.838522712731926,4.843,0.05958067268892917,Low missingness
sensor_332,float64,1563,4,0.0025526483726866626,313,False,0.004022667883023143,0.0224,1.0959,0.08323186180422266,0.0848,0.063424505382566,Low missingness
sensor_059,float64,1563,4,0.0025526483726866626,382,False,0.0072411208856535975,4.2199,4.8475,4.593311772232885,4.5727,0.0850947759010716,Low missingness
sensor_196,float64,1563,4,0.0025526483726866626,206,False,0.15617273678118265,0.08,4.838,0.287084452975048,0.259,0.39518696433610084,Low missingness
sensor_468,float64,1563,4,0.0025526483726866626,417,False,75.23348330879874,1.7163,109.0074,6.252090658989124,5.645,8.673723727949763,Low missingness
sensor_056,float64,1563,4,0.0025526483726866626,107,False,663.0273391643993,2801.0,2936.0,2856.1721049264233,2854.0,25.7493172562769,Low missingness
sensor_014,float64,1564,3,0.0019144862795149968,1,True,0.0,0.0,0.0,0.0,0.0,0.0,Low missingness
sensor_150,float64,1564,3,0.0019144862795149968,1,True,0.0,0.0,0.0,0.0,0.0,0.0,Low missingness
sensor_285,float64,1564,3,0.0019144862795149968,1,True,0.0,0.0,0.0,0.0,0.0,0.0,Low missingness
sensor_423,float64,1564,3,0.0019144862795149968,1,True,0.0,0.0,0.0,0.0,0.0,0.0,Low missingness
sensor_289,float64,1564,3,0.0019144862795149968,87,False,8.620655585609024e-06,0.0012,0.0749,0.003923657289002558,0.0036,0.002936095295730202,Low missingness
sensor_154,float64,1564,3,0.0019144862795149968,219,False,8.734167889804674e-05,0.0036,0.2389,0.011926470588235295,0.0111,0.009345677016570107,Low missingness
sensor_018,float64,1564,3,0.0019144862795149968,281,False,0.00014550179929327987,0.5794,0.9848,0.971443925831202,0.9726,0.012062412664690256,Low missingness
sensor_286,float64,1564,3,0.0019144862795149968,1527,False,0.9272202024925957,0.4611,6.8698,2.1197953324808183,1.87515,0.9629227396279495,Low missingness
sensor_427,float64,1564,3,0.0019144862795149968,1481,False,0.9912593206650394,0.3632,24.9904,1.233857608695652,1.1353,0.9956200684322506,Low missingness
sensor_290,float64,1564,3,0.0019144862795149968,1522,False,2.6146672488961116,0.396,59.5187,2.5785959718670073,2.5490000000000004,1.6169932742272342,Low missingness
sensor_017,float64,1564,3,0.0019144862795149968,1477,False,5.7785747963836345,4.4696,102.8677,9.907602813299233,9.85175,2.403866634483626,Low missingness
sensor_019,float64,1564,3,0.0019144862795149968,1548,False,7.734187455719739,169.1774,215.5977,190.04735358056266,189.6642,2.7810407145023497,Low missingness
sensor_015,float64,1564,3,0.0019144862795149968,1555,False,7.820946786353915,2.2493,19.5465,9.005370524296675,8.966999999999999,2.7965955707527526,Low missingness
sensor_428,float64,1564,3,0.0019144862795149968,1538,False,9.254643130984597,0.6637,113.223,4.058500831202046,3.94145,3.0421444954151333,Low missingness
sensor_151,float64,1564,3,0.0019144862795149968,1443,False,10.509543642193679,1.337,22.318,6.8142679028133,5.9510000000000005,3.241842630695339,Low missingness
sensor_155,float64,1564,3,0.0019144862795149968,1551,False,27.449415246875446,1.2438,191.5478,7.697970907928389,7.5127,5.239218953897178,Low missingness
sensor_425,float64,1564,3,0.0019144862795149968,1529,False,40.01024358072442,0.4866,103.1809,3.315468542199488,2.6671,6.3253650946585225,Low missingness
sensor_288,float64,1564,3,0.0019144862795149968,1076,False,54.5580592644778,0.0513,292.2274,0.3675292838874679,0.13895000000000002,7.386342752978486,Low missingness
sensor_287,float64,1564,3,0.0019144862795149968,1540,False,95.33236267006544,0.728,207.0161,4.26001783887468,3.36005,9.763829303611644,Low missingness
sensor_016,float64,1564,3,0.0019144862795149968,1561,False,296.5660979749953,333.4486,824.9271,413.08603542199484,412.2191,17.221094563789936,Low missingness
sensor_426,float64,1564,3,0.0019144862795149968,1540,False,540.921334755091,1.4666,898.6085,6.79631246803069,4.7644,23.257715596229374,Low missingness
sensor_153,float64,1564,3,0.0019144862795149968,1394,False,545.8794311881048,0.1544,924.378,1.1967331841432223,0.4687,23.364062814247543,Low missingness
sensor_152,float64,1564,3,0.0019144862795149968,1498,False,961.1575595215788,2.02,536.564,14.047402813299232,10.993500000000001,31.002541178451466,Low missingness
sensor_424,float64,1564,3,0.0019144862795149968,1563,False,1062.5600328960102,23.02,424.2152,77.66044590792839,69.90545,32.59693287559445,Low missingness
sensor_545,float64,1565,2,0.0012763241863433313,21,False,8.733216214670338e-08,0.0016,0.0047,0.0025092012779552716,0.0026,0.00029552015522922185,Low missingness
sensor_378,float64,1565,2,0.0012763241863433313,31,False,2.1765962592843773e-07,0.0004,0.0077,0.00157073482428115,0.0015,0.0004665400582248407,Low missingness
sensor_377,float64,1565,2,0.0012763241863433313,36,False,2.8553000008171066e-07,0.0004,0.0082,0.0016008306709265176,0.0016,0.0005343500725944657,Low missingness
sensor_105,float64,1565,2,0.0012763241863433313,55,False,7.237051878120327e-07,-0.0119,0.0071,-1.4632587859424918e-05,0.0,0.000850708638613734,Low missingness
sensor_240,float64,1565,2,0.0012763241863433313,80,False,2.077649044393421e-06,0.0014,0.0236,0.004574888178913738,0.0044,0.0014414052325399062,Low missingness
sensor_544,float64,1565,2,0.0012763241863433313,71,False,2.3517591658972244e-06,0.0051,0.024,0.008470862619808308,0.0078,0.0015335446409861125,Low missingness
sensor_239,float64,1565,2,0.0012763241863433313,93,False,2.883026564146982e-06,0.0013,0.0244,0.004791373801916933,0.0046,0.0016979477507117178,Low missingness
sensor_367,float64,1565,2,0.0012763241863433313,107,False,5.676063644460423e-06,0.002,0.0392,0.004813993610223642,0.0043,0.002382449085386805,Low missingness
sensor_366,float64,1565,2,0.0012763241863433313,120,False,7.054390421872319e-06,0.0017,0.0368,0.0051985303514377,0.0046,0.0026560102450616263,Low missingness
sensor_543,float64,1565,2,0.0012763241863433313,102,False,7.489852087299702e-06,0.1053,0.1184,0.11120843450479233,0.1096,0.002736759413485172,Low missingness
sensor_094,float64,1565,2,0.0012763241863433313,174,False,9.0590994827713e-06,-0.0171,0.0133,-0.0005405111821086262,-0.0002,0.0030098337965361642,Low missingness
sensor_104,float64,1565,2,0.0012763241863433313,153,False,9.391459818765678e-06,-0.0329,0.0203,-0.009789073482428114,-0.0101,0.0030645488768766076,Low missingness
sensor_093,float64,1565,2,0.0012763241863433313,180,False,1.0439517563713915e-05,-0.0126,0.0281,0.0005069009584664538,0.0004,0.003231024228277144,Low missingness
sensor_282,float64,1565,2,0.0012763241863433313,227,False,3.075236236241962e-05,0.0069,0.0597,0.01509405750798722,0.0139,0.005545481256159795,Low missingness
sensor_281,float64,1565,2,0.0012763241863433313,246,False,4.2029430190467626e-05,0.0073,0.0755,0.018033546325878592,0.0169,0.006483010889275725,Low missingness
sensor_283,float64,1565,2,0.0012763241863433313,114,False,7.310877011513035e-05,0.0016,0.3083,0.0057698402555910544,0.0053,0.008550366665537237,Low missingness
sensor_011,float64,1565,2,0.0012763241863433313,392,False,8.652915872302525e-05,-0.0349,0.053,0.0001457507987220447,0.0004,0.00930210506944666,Low missingness
sensor_229,float64,1565,2,0.0012763241863433313,292,False,0.00011545240637997106,0.0072,0.2133,0.017844408945686903,0.0155,0.01074487814635285,Low missingness
sensor_228,float64,1565,2,0.0012763241863433313,329,False,0.00011568535685511877,0.0062,0.1541,0.019125047923322685,0.0165,0.010755712754397951,Low missingness
sensor_012,float64,1565,2,0.0012763241863433313,378,False,0.00015505359361185785,0.6554,0.9848,0.9643527795527156,0.9658,0.012452051783214598,Low missingness
sensor_304,float64,1565,2,0.0012763241863433313,509,False,0.00021055787276010558,0.0108,0.2258,0.0403438338658147,0.0388,0.014510612418506173,Low missingness
sensor_010,float64,1565,2,0.0012763241863433313,568,False,0.00022849918565487037,-0.0534,0.0749,-0.0008410223642172522,-0.0013,0.015116189521664193,Low missingness
sensor_280,float64,1565,2,0.0012763241863433313,541,False,0.00041165020374561825,0.0107,0.1884,0.04105686900958467,0.0372,0.020289164688217655,Low missingness
sensor_147,float64,1565,2,0.0012763241863433313,579,False,0.00047718164481995044,0.0227,0.2479,0.05501003194888179,0.05,0.021844487744507778,Low missingness
sensor_146,float64,1565,2,0.0012763241863433313,656,False,0.0007044025657975372,0.0214,0.2507,0.06362140575079872,0.0586,0.026540583373346135,Low missingness
sensor_148,float64,1565,2,0.0012763241863433313,294,False,0.0007356522448624399,0.0043,0.9783,0.017410990415335465,0.0159,0.027122909963026458,Low missingness
sensor_031,float64,1565,2,0.0012763241863433313,842,False,0.0010853033811722215,0.0341,0.2851,0.18415891373801918,0.1867,0.03294394301191376,Low missingness
sensor_169,float64,1565,2,0.0012763241863433313,207,False,0.002269438992343708,0.033,0.725,0.12439680511182108,0.119,0.04763862920302921,Low missingness
sensor_145,float64,1565,2,0.0012763241863433313,961,False,0.00376293733180262,0.0324,0.6253,0.12000811501597444,0.1075,0.061342785491063416,Low missingness
sensor_299,float64,1565,2,0.0012763241863433313,725,False,0.004124833624482158,0.0,0.5264,0.06380447284345046,0.0528,0.06422486764861535,Low missingness
sensor_305,float64,1565,2,0.0012763241863433313,1105,False,0.004207780405799825,0.0138,0.3337,0.1320764856230032,0.1372,0.06486740634401705,Low missingness
sensor_009,float64,1565,2,0.0012763241863433313,1208,False,0.005460701802864777,1.191,1.6564,1.4628616613418528,1.4616,0.07389656150907685,Low missingness
sensor_164,float64,1565,2,0.0012763241863433313,260,False,0.014881313662845333,0.0,0.957,0.1402044728434505,0.12,0.12198898992468678,Low missingness
sensor_300,float64,1565,2,0.0012763241863433313,626,False,0.017115280696191462,0.0,1.0312,0.06026683706070288,0.04,0.13082538246147596,Low missingness
sensor_026,float64,1565,2,0.0012763241863433313,704,False,0.031541928969954974,0.0,1.3828,1.2038447284345049,1.283,0.17760047570306497,Low missingness
sensor_027,float64,1565,2,0.0012763241863433313,624,False,0.03590837324042555,0.0,2.0528,1.938476805111821,1.9865,0.18949504806307088,Low missingness
sensor_303,float64,1565,2,0.0012763241863433313,569,False,0.03901177806887395,0.1118,5.1549,0.40334230031948887,0.3808,0.1975139946152524,Low missingness
sensor_170,float64,1565,2,0.0012763241863433313,652,False,0.039171382283487086,0.046,1.143,0.40045367412140576,0.412,0.19791761488934503,Low missingness
sensor_301,float64,1565,2,0.0012763241863433313,967,False,0.04802548035925742,0.0,1.8123,0.1183861980830671,0.0828,0.21914716598500064,Low missingness
sensor_165,float64,1565,2,0.0012763241863433313,219,False,0.05882256318688053,0.0,1.817,0.12794249201277955,0.089,0.2425336331045254,Low missingness
sensor_302,float64,1565,2,0.0012763241863433313,1134,False,0.11021184043908877,0.31,5.711,0.9101459424920129,0.8604,0.33198168690319163,Low missingness
sensor_166,float64,1565,2,0.0012763241863433313,404,False,0.16591717837444744,0.0,3.286,0.25202555910543134,0.184,0.4073293242260462,Low missingness
sensor_030,float64,1565,2,0.0012763241863433313,188,False,0.1670309511443583,0.6667,3.5111,2.366197444089457,2.3778,0.4086942024843982,Low missingness
sensor_032,float64,1565,2,0.0012763241863433313,1275,False,0.2865694657314088,2.0698,4.8044,3.673189392971246,3.431,0.5353218337891784,Low missingness
sensor_168,float64,1565,2,0.0012763241863433313,31,False,0.40039396811648686,0.3,16.3,1.2357827476038339,1.2,0.6327669145242084,Low missingness
sensor_167,float64,1565,2,0.0012763241863433313,62,False,1.253853288446925,0.8,21.1,2.78888178913738,2.6,1.1197559057432673,Low missingness
sensor_028,float64,1565,2,0.0012763241863433313,1148,False,1.548156250865831,0.0,7.6588,6.638627987220446,7.2647,1.244249271997308,Low missingness
sensor_546,float64,1565,2,0.0012763241863433313,273,False,1.7306566992676846,4.4294,21.0443,7.611403130990415,7.116,1.3155442597144669,Low missingness
sensor_438,float64,1565,2,0.0012763241863433313,1495,False,2.5962028463559728,1.1568,32.274,4.016785495207667,3.7809,1.6112736720855252,Low missingness
sensor_421,float64,1565,2,0.0012763241863433313,1514,False,9.34948205353656,0.4411,111.4956,1.8212613418530355,1.6451,3.057692275808107,Low missingness
sensor_013,float64,1565,2,0.0012763241863433313,1547,False,10.60984480956244,182.094,272.0451,199.9568092651757,199.5356,3.2572756729454815,Low missingness
sensor_029,float64,1565,2,0.0012763241863433313,869,False,11.979773487086948,59.4,77.9,69.49953233226837,69.1556,3.4611809382184786,Low missingness
sensor_418,float64,1565,2,0.0012763241863433313,1551,False,16.439093333064413,2.1531,39.0376,8.190905495207668,7.3956,4.0545151785465565,Low missingness
sensor_284,float64,1565,2,0.0012763241863433313,1515,False,34.39029371966324,0.505,232.8049,2.8039842811501594,2.658,5.8643238075385336,Low missingness
sensor_441,float64,1565,2,0.0012763241863433313,1557,False,38.06236958575535,1.0973,33.058,11.526616549520767,12.0859,6.169470770313719,Low missingness
sensor_422,float64,1565,2,0.0012763241863433313,1534,False,47.80139408857714,0.7217,273.0952,4.174523514376997,3.9431,6.913855226180046,Low missingness
sensor_149,float64,1565,2,0.0012763241863433313,1551,False,351.21125287804455,1.4208,742.9421,8.471307923322684,7.9173,18.740631069364888,Low missingness
sensor_439,float64,1565,2,0.0012763241863433313,967,False,1163.3591692890323,0.0,851.6129,54.701051884984025,49.0909,34.108051385106016,Low missingness
sensor_435,float64,1565,2,0.0012763241863433313,1537,False,1163.4139257327113,0.0,400.0,14.733945495207667,10.1977,34.10885406654277,Low missingness
sensor_436,float64,1565,2,0.0012763241863433313,1524,False,1181.2823834964029,0.0,400.0,9.37066555910543,4.5511,34.369788819490914,Low missingness
sensor_437,float64,1565,2,0.0012763241863433313,1539,False,1194.2418098497412,0.0,400.0,7.513266325878594,2.7643,34.55780389217089,Low missingness
sensor_431,float64,1565,2,0.0012763241863433313,1551,False,1300.3296922394181,0.0,400.0,18.421600063897763,11.1056,36.06008447354801,Low missingness
sensor_432,float64,1565,2,0.0012763241863433313,1553,False,1324.6256894228723,0.0,400.0,22.358304920127793,16.381,36.39540753203448,Low missingness
sensor_511,float64,1565,2,0.0012763241863433313,1498,False,1420.666932711732,0.0,451.4851,55.76350843450479,46.9861,37.691735602274036,Low missingness
sensor_440,float64,1565,2,0.0012763241863433313,1550,False,1472.7310196313128,14.1206,657.7621,70.64394204472843,65.4378,38.37617776213927,Low missingness
sensor_433,float64,1565,2,0.0012763241863433313,1503,False,15923.591792191692,0.0,994.2857,99.36763265175718,57.9693,126.18871499540556,Low missingness
sensor_434,float64,1565,2,0.0012763241863433313,1371,False,50976.098261250714,0.0,995.7447,205.51930440894571,151.1156,225.7788702718895,Low missingness
sensor_296,float64,1565,2,0.0012763241863433313,1561,False,80389.65886567645,0.0,2005.8744,252.9991181469649,195.8256,283.53070180436623,Low missingness
sensor_419,float64,1565,2,0.0012763241863433313,1051,False,82773.86919974207,0.0,999.316,320.2592353354633,302.1776,287.70448241162677,Low missingness
sensor_023,float64,1565,2,0.0012763241863433313,1176,False,87319.38390963206,0.0,3656.25,2699.3784345047925,2664.0,295.49853453043056,Low missingness
sensor_501,float64,1565,2,0.0012763241863433313,648,False,104331.20301750704,0.0,999.2337,240.98137686900958,0.0,323.0034102258164,Low missingness
sensor_500,float64,1565,2,0.0012763241863433313,703,False,105476.42437789941,0.0,1000.0,263.1958643450479,0.0,324.77134168195846,Low missingness
sensor_420,float64,1565,2,0.0012763241863433313,851,False,105916.65539177277,0.0,998.6813,309.0612991054313,272.4487,325.4483912877321,Low missingness
sensor_512,float64,1565,2,0.0012763241863433313,586,False,108678.8015108692,0.0,1000.0,275.97945674121405,0.0,329.66468041158004,Low missingness
sensor_295,float64,1565,2,0.0012763241863433313,1562,False,227576.7751849205,0.0,3933.755,401.81475022364225,278.6719,477.0500761816525,Low missingness
sensor_161,float64,1565,2,0.0012763241863433313,744,False,330404.9132297787,0.0,4170.0,555.3463258785943,438.0,574.8085883403089,Low missingness
sensor_022,float64,1565,2,0.0012763241863433313,1295,False,392906.0432615743,-7150.25,0.0,-5618.393610223642,-5523.25,626.822178342131,Low missingness
sensor_160,float64,1565,2,0.0012763241863433313,954,False,966373.5820048536,0.0,7791.0,882.6805111821086,623.0,983.0430214415103,Low missingness
sensor_024,float64,1565,2,0.0012763241863433313,1480,False,1904847.554245327,-9986.75,2363.0,-3806.2997336741214,-3820.75,1380.1621478092084,Low missingness
sensor_297,float64,1565,2,0.0012763241863433313,1565,False,3901064.9050965295,0.0,15559.9525,1879.2283690095846,1202.4121,1975.1113652390666,Low missingness
sensor_025,float64,1565,2,0.0012763241863433313,1494,False,8425609.918099247,-14804.5,14106.0,-298.59813591054314,-78.75,2902.6901174771046,Low missingness
sensor_298,float64,1565,2,0.0012763241863433313,1559,False,10413040.424779663,0.0,18520.4683,2342.82697827476,820.0988,3226.9242979623277,Low missingness
sensor_162,float64,1565,2,0.0012763241863433313,1411,False,17971198.660493694,0.0,37943.0,4066.850479233227,2614.0,4239.24505784859,Low missingness
sensor_163,float64,1565,2,0.0012763241863433313,1325,False,42949270.79576657,0.0,36871.0,4797.15463258786,1784.0,6553.569317232143,Low missingness
sensor_043,float64,1566,1,0.0006381620931716656,1,True,0.0,70.0,70.0,70.0,70.0,0.0,Low missingness
sensor_050,float64,1566,1,0.0006381620931716656,1,True,0.0,1.0,1.0,1.0,1.0,0.0,Low missingness
sensor_053,float64,1566,1,0.0006381620931716656,1,True,0.0,0.0,0.0,0.0,0.0,0.0,Low missingness
sensor_180,float64,1566,1,0.0006381620931716656,1,True,0.0,0.0,0.0,0.0,0.0,0.0,Low missingness
sensor_187,float64,1566,1,0.0006381620931716656,1,True,0.0,0.0,0.0,0.0,0.0,0.0,Low missingness
sensor_190,float64,1566,1,0.0006381620931716656,1,True,0.0,0.0,0.0,0.0,0.0,0.0,Low missingness
sensor_316,float64,1566,1,0.0006381620931716656,1,True,0.0,0.0,0.0,0.0,0.0,0.0,Low missingness
sensor_323,float64,1566,1,0.0006381620931716656,1,True,0.0,0.0,0.0,0.0,0.0,0.0,Low missingness
sensor_326,float64,1566,1,0.0006381620931716656,1,True,0.0,0.0,0.0,0.0,0.0,0.0,Low missingness
sensor_452,float64,1566,1,0.0006381620931716656,1,True,0.0,0.0,0.0,0.0,0.0,0.0,Low missingness
sensor_459,float64,1566,1,0.0006381620931716656,1,True,0.0,0.0,0.0,0.0,0.0,0.0,Low missingness
sensor_462,float64,1566,1,0.0006381620931716656,1,True,0.0,0.0,0.0,0.0,0.0,0.0,Low missingness
sensor_589,float64,1566,1,0.0006381620931716656,120,False,8.220099041533546e-06,0.001,0.0286,0.005283333333333334,0.0046,0.00286707150966514,Low missingness
sensor_583,float64,1566,1,0.0006381620931716656,171,False,1.1589429400315817e-05,0.4778,0.5098,0.5000961685823755,0.5002,0.0034043251020306237,Low missingness
sensor_585,float64,1566,1,0.0006381620931716656,68,False,1.3841710146524178e-05,0.0017,0.1045,0.0038465517241379307,0.0036,0.0037204448855646523,Low missingness
sensor_588,float64,1566,1,0.0006381620931716656,260,False,7.757267970327935e-05,0.0032,0.0799,0.016474904214559386,0.0148,0.008807535393245908,Low missingness
sensor_587,float64,1566,1,0.0006381620931716656,322,False,0.00015272451356909404,-0.0169,0.1028,0.021458429118773943,0.0205,0.012358175980665352,Low missingness
sensor_584,float64,1566,1,0.0006381620931716656,227,False,0.00029514967826700775,0.006,0.4766,0.015317752234993615,0.0138,0.017179920787564994,Low missingness
sensor_307,float64,1566,1,0.0006381620931716656,262,False,0.0006451578550753023,0.0034,0.2246,0.048623116219667945,0.0448,0.025399957777037786,Low missingness
sensor_308,float64,1566,1,0.0006381620931716656,286,False,0.0007544715993618384,0.0549,0.2112,0.12892094508301405,0.1295,0.027467646411038542,Low missingness
sensor_310,float64,1566,1,0.0006381620931716656,290,False,0.0007546066849179245,0.0549,0.2112,0.1289212643678161,0.1295,0.02747010529499158,Low missingness
sensor_312,float64,1566,1,0.0006381620931716656,276,False,0.000829219606657445,0.0328,0.1784,0.09734431673052361,0.0977,0.028796173472484934,Low missingness
sensor_321,float64,1566,1,0.0006381620931716656,550,False,0.0010166399821975773,0.0084,0.9474,0.04310491698595147,0.03985,0.03188479233423949,Low missingness
sensor_309,float64,1566,1,0.0006381620931716656,293,False,0.001128504135748065,0.0913,0.3239,0.21841424010217114,0.21945,0.033593215620837266,Low missingness
sensor_311,float64,1566,1,0.0006381620931716656,310,False,0.001888758204468763,0.1809,0.4438,0.30475178799489144,0.3029,0.043459845886389924,Low missingness
sensor_561,float64,1566,1,0.0006381620931716656,345,False,0.0026602720685330035,0.0177,0.4457,0.0724434227330779,0.0592,0.051577825356765514,Low missingness
sensor_306,float64,1566,1,0.0006381620931716656,314,False,0.003293323864733413,0.1171,0.475,0.26491679438058746,0.2643,0.05738748874740393,Low missingness
sensor_172,float64,1566,1,0.0006381620931716656,306,False,0.003694800244802696,0.0089,0.494,0.12006411238825032,0.1125,0.06078486855133189,Low missingness
sensor_173,float64,1566,1,0.0006381620931716656,307,False,0.005075565875199426,0.1287,0.5484,0.3201125159642401,0.32384999999999997,0.07124300579846014,Low missingness
sensor_175,float64,1566,1,0.0006381620931716656,308,False,0.005076118763304893,0.1287,0.5484,0.3201127713920817,0.32384999999999997,0.07124688599023044,Low missingness
sensor_318,float64,1566,1,0.0006381620931716656,1160,False,0.005240653758583967,0.0283,1.0034,0.17262911877394635,0.1634,0.07239235980809001,Low missingness
sensor_177,float64,1566,1,0.0006381620931716656,319,False,0.0056126754801839405,0.0735,0.4411,0.24471775223499362,0.2429,0.07491779147962079,Low missingness
sensor_559,float64,1566,1,0.0006381620931716656,365,False,0.007032421964754222,0.8919,1.5121,0.995008939974457,0.9727,0.08385953711268757,Low missingness
sensor_448,float64,1566,1,0.0006381620931716656,317,False,0.007475463626818291,0.0846,0.5085,0.28189533844189013,0.2797,0.08646076351049817,Low missingness
sensor_174,float64,1566,1,0.0006381620931716656,319,False,0.009164992446402996,0.2538,0.8643,0.5761919540229885,0.5776,0.09573396704620046,Low missingness
sensor_185,float64,1566,1,0.0006381620931716656,1054,False,0.012143535428771945,0.0297,3.2283,0.1448154533844189,0.1326,0.1101977106330796,Low missingness
sensor_176,float64,1566,1,0.0006381620931716656,327,False,0.013530839840985966,0.4616,1.172,0.7780436143039591,0.7682,0.11632213822392523,Low missingness
sensor_313,float64,1566,1,0.0006381620931716656,307,False,0.013762984826786465,0.0224,0.7549,0.16005083014048532,0.1215,0.11731574841762066,Low missingness
sensor_446,float64,1566,1,0.0006381620931716656,329,False,0.019952177712835452,0.3086,1.1087,0.6470899106002554,0.6511,0.14125217772776266,Low missingness
sensor_444,float64,1566,1,0.0006381620931716656,330,False,0.020607190357725468,0.2169,1.0851,0.6339410600255428,0.6435,0.14355204755671536,Low missingness
sensor_445,float64,1566,1,0.0006381620931716656,325,False,0.024187001465470318,0.3336,1.3511,0.8950427841634739,0.9027000000000001,0.15552170737704213,Low missingness
sensor_171,float64,1566,1,0.0006381620931716656,331,False,0.02479616199950628,0.2979,1.153,0.6843303320561941,0.686,0.15746797134498902,Low missingness
sensor_045,float64,1566,1,0.0006381620931716656,1376,False,0.03063815973313095,9.464,11.053,10.031165006385697,10.03485,0.17503759519923412,Low missingness
sensor_447,float64,1566,1,0.0006381620931716656,338,False,0.031031714405134674,0.6968,1.7639,1.1750031928480202,1.1638,0.17615820845233035,Low missingness
sensor_442,float64,1566,1,0.0006381620931716656,325,False,0.033934322921996586,0.3512,1.2771,0.8020809706257981,0.8076,0.18421271107607257,Low missingness
sensor_048,float64,1566,1,0.0006381620931716656,1341,False,0.03596215621214384,0.4967,1.5111,1.177958109833972,1.25105,0.18963690625019128,Low missingness
sensor_560,float64,1566,1,0.0006381620931716656,399,False,0.04055868524944201,0.0699,1.0737,0.3257081736909323,0.2909,0.20139186986927257,Low missingness
sensor_182,float64,1566,1,0.0006381620931716656,687,False,0.050356146480114584,0.093,3.573,0.5467701149425287,0.524,0.22440175239982996,Low missingness
sensor_449,float64,1566,1,0.0006381620931716656,326,False,0.05582603044177591,0.0399,1.4754,0.3322701149425288,0.2512,0.23627532761965628,Low missingness
sensor_178,float64,1566,1,0.0006381620931716656,250,False,0.08003408544510136,0.047,1.858,0.39475989782886334,0.299,0.2829029611812173,Low missingness
sensor_038,float64,1566,1,0.0006381620931716656,325,False,0.09250162542205556,64.9193,67.9586,66.22127356321839,66.23179999999999,0.3041407986805709,Low missingness
sensor_357,float64,1566,1,0.0006381620931716656,1473,False,0.14970523332802893,0.3796,2.8348,1.298628607918263,1.2553,0.3869176053477393,Low missingness
sensor_039,float64,1566,1,0.0006381620931716656,329,False,0.19959055034499484,84.7327,88.4188,86.83657656449554,86.8207,0.44675558233221313,Low missingness
sensor_084,float64,1566,1,0.0006381620931716656,1506,False,0.2665154925133079,5.8257,8.9904,7.452066602809706,7.4674499999999995,0.5162513849989246,Low missingness
sensor_443,float64,1566,1,0.0006381620931716656,335,False,0.43453746523762954,0.0974,5.1317,1.3452586845466155,1.2645499999999998,0.6591945579551075,Low missingness
sensor_453,float64,1566,1,0.0006381620931716656,1518,False,0.844921981789023,2.6709,13.9776,5.3468155810983395,5.27145,0.9191963782506015,Low missingness
sensor_456,float64,1566,1,0.0006381620931716656,1527,False,0.8805422376655854,0.6948,10.184,3.636633461047254,3.7245,0.9383721211041947,Low missingness
sensor_317,float64,1566,1,0.0006381620931716656,1533,False,1.0376054107044177,2.7882,13.0958,5.976977011494252,5.8315,1.0186291821386317,Low missingness
sensor_219,float64,1566,1,0.0006381620931716656,1539,False,1.3699206375617332,1.034,8.8015,3.771465389527459,3.63075,1.1704360886275393,Low missingness
sensor_035,float64,1566,1,0.0006381620931716656,329,False,1.398585749757441,49.8348,59.7711,50.58263856960409,50.3964,1.1826181758105365,Low missingness
sensor_037,float64,1566,1,0.0006381620931716656,330,False,1.3985874294421796,40.2289,50.1652,49.41737049808429,49.6036,1.1826188859654574,Low missingness
sensor_319,float64,1566,1,0.0006381620931716656,1535,False,1.4784856824773236,0.9848,15.8934,3.188770498084291,2.8989000000000003,1.2159299661071454,Low missingness
sensor_034,float64,1566,1,0.0006381620931716656,330,False,1.8075629222613934,7.6032,23.3453,8.960278544061303,8.7698,1.3444563668120262,Low missingness
sensor_460,float64,1566,1,0.0006381620931716656,1518,False,1.8105755198289903,0.991,47.7772,2.838380140485313,2.83035,1.3455762779675444,Low missingness
sensor_040,float64,1566,1,0.0006381620931716656,333,False,3.2660472308144404,111.7128,133.3898,118.67955440613025,118.39930000000001,1.8072208583386924,Low missingness
sensor_033,float64,1566,1,0.0006381620931716656,338,False,4.106901683442041,83.1829,105.6038,85.3374687100894,85.13544999999999,2.026549205778641,Low missingness
sensor_322,float64,1566,1,0.0006381620931716656,1511,False,4.481665675012632,0.6114,79.1515,2.2637273946360152,2.07765,2.116994491020851,Low missingness
sensor_320,float64,1566,1,0.0006381620931716656,1550,False,4.748297235151135,1.6574,20.0455,7.916036079182631,8.3888,2.17905879570771,Low missingness
sensor_454,float64,1566,1,0.0006381620931716656,1550,False,5.0661205755315635,0.9037,34.4902,5.460971264367817,5.2271,2.2508044285391753,Low missingness
sensor_324,float64,1566,1,0.0006381620931716656,1536,False,6.34465235398488,1.7101,89.1917,5.393419795657725,5.4588,2.5188593358869564,Low missingness
sensor_036,float64,1566,1,0.0006381620931716656,331,False,6.629330325793516,63.6774,94.2641,64.55578703703704,64.1658,2.574748594677452,Low missingness
sensor_455,float64,1566,1,0.0006381620931716656,1555,False,9.361521769484815,2.3294,42.0703,7.883741570881226,7.4249,3.0596604010061013,Low missingness
sensor_181,float64,1566,1,0.0006381620931716656,890,False,10.966909259300062,9.4,48.67,19.013256704980844,18.69,3.3116324160902977,Low missingness
sensor_586,float64,1566,1,0.0006381620931716656,1502,False,12.80232122872895,1.1975,99.3032,3.067826372924649,2.75765,3.578033150870594,Low missingness
sensor_183,float64,1566,1,0.0006381620931716656,905,False,17.33931721318432,3.17,55.0,10.780542784163474,10.17,4.164050577644839,Low missingness
sensor_049,float64,1566,1,0.0006381620931716656,1486,False,20.468846284794957,125.7982,163.2509,139.97223090676883,140.00775,4.5242509086914,Low missingness
sensor_458,float64,1566,1,0.0006381620931716656,1547,False,20.591052812503875,1.4428,164.1093,5.26366570881226,4.79335,4.53773652964822,Low missingness
sensor_044,float64,1566,1,0.0006381620931716656,1523,False,38.871561332536736,342.7545,377.2973,355.53890357598976,353.72090000000003,6.234706194564162,Low missingness
sensor_325,float64,1566,1,0.0006381620931716656,1560,False,43.76946528399796,2.2345,51.8678,13.332171711366538,12.5045,6.615849551191287,Low missingness
sensor_184,float64,1566,1,0.0006381620931716656,1508,False,46.73227578390107,5.014,72.947,26.66117037037037,27.200499999999998,6.836100919669126,Low missingness
sensor_186,float64,1566,1,0.0006381620931716656,739,False,51.67769973849248,1.94,267.91,7.3657407407407405,6.735,7.188720312996777,Low missingness
sensor_046,float64,1566,1,0.0006381620931716656,1520,False,61.610685602776684,108.8464,176.3136,136.74305977011497,136.4,7.849247454551085,Low missingness
sensor_457,float64,1566,1,0.0006381620931716656,1551,False,66.0298587942972,3.0489,232.1258,12.325685376756066,11.3509,8.125875878592854,Low missingness
sensor_188,float64,1566,1,0.0006381620931716656,1015,False,74.13057970584572,6.22,307.93,17.936289846743293,17.865000000000002,8.6099117130111,Low missingness
sensor_051,float64,1566,1,0.0006381620931716656,1520,False,74.71848314837915,607.3927,667.7418,632.254196743295,631.3709,8.643985374141904,Low missingness
sensor_047,float64,1566,1,0.0006381620931716656,1562,False,148.11656003488375,699.8139,789.7523,733.6728114942529,733.45,12.170314705663275,Low missingness
sensor_461,float64,1566,1,0.0006381620931716656,1564,False,177.82726279971902,7.9534,149.3851,29.197413601532563,26.16785,13.33518889253988,Low missingness
sensor_491,float64,1566,1,0.0006381620931716656,1562,False,325.7524003853413,13.7225,142.8436,51.35404521072797,48.55745,18.048612145684256,Low missingness
sensor_562,float64,1566,1,0.0006381620931716656,414,False,361.99177433938644,7.2369,101.1146,32.284955938697316,29.73115,19.026081423650705,Low missingness
sensor_189,float64,1566,1,0.0006381620931716656,1550,False,471.4055601706312,6.613,191.83,43.21141826309067,40.209500000000006,21.71187601683998,Low missingness
sensor_052,float64,1566,1,0.0006381620931716656,1562,False,3711.8688158565383,40.2614,258.5432,157.4209913154534,183.31815,60.92510825477898,Low missingness
sensor_590,float64,1566,1,0.0006381620931716656,611,False,8815.692531718618,0.0,737.3048,99.67006634738188,71.9005,93.89191941652177,Low missingness
sensor_115,float64,1567,0,0.0,20,False,2.782538181735197e-06,0.0,0.0414,0.00012252712188895982,0.0,0.0016680941765185792,No missingness
sensor_393,float64,1567,0,0.0,109,False,8.73529629711132e-06,0.0005,0.0229,0.004532801531589024,0.0049,0.0029555534671379773,No missingness
sensor_388,float64,1567,0,0.0,22,False,2.489345869184106e-05,0.0,0.1309,0.00033924696873005746,0.0,0.0049893344938820305,No missingness
sensor_360,float64,1567,0,0.0,215,False,5.0927598464824886e-05,0.0076,0.0888,0.019839948947032546,0.0196,0.00713635750679749,No missingness
sensor_120,float64,1567,0,0.0,249,False,8.007676087504004e-05,0.8411,0.9827,0.9707770899808551,0.9694,0.00894856194452718,No missingness
sensor_255,float64,1567,0,0.0,291,False,8.339595473694763e-05,0.0017,0.0787,0.01394320357370772,0.015,0.009132138563170602,No missingness
sensor_117,float64,1567,0,0.0,136,False,9.01835927792326e-05,0.89,0.9924,0.9871299298021697,0.9905,0.0094965042399418,No missingness
sensor_390,float64,1567,0,0.0,92,False,0.0001396179597395516,0.0001,0.3127,0.0013383535417996171,0.0003,0.011816004389790637,No missingness
sensor_114,float64,1567,0,0.0,468,False,0.0001472065857839002,0.8534,0.9763,0.9454241863433311,0.9464,0.01213287211602843,No missingness
sensor_088,float64,1567,0,0.0,249,False,0.0001650670464016379,0.7749,0.9935,0.982420293554563,0.9874,0.012847842091247771,No missingness
sensor_387,float64,1567,0,0.0,191,False,0.00023988228085489272,0.0008,0.3068,0.008280791320995533,0.0068,0.015488133549750038,No missingness
sensor_250,float64,1567,0,0.0,23,False,0.0002487177487222495,0.0,0.4138,0.0010652201659221443,0.0,0.015770787828204697,No missingness
sensor_021,float64,1567,0,0.0,552,False,0.0002801249101397681,1.1797,1.4534,1.4050542437779197,1.406,0.01673693251882698,No missingness
sensor_361,float64,1567,0,0.0,97,False,0.00040010275615932363,0.0001,0.409,0.0029448627951499684,0.0007,0.020002568739022588,No missingness
sensor_222,float64,1567,0,0.0,408,False,0.0005431335934801514,0.02,0.2305,0.06071754945756223,0.0609,0.02330522674165929,No missingness
sensor_292,float64,1567,0,0.0,354,False,0.0006527422682057538,0.0038,0.6915,0.019926228462029356,0.0169,0.02554882126842164,No missingness
sensor_087,float64,1567,0,0.0,472,False,0.001393667861170811,2.2425,2.5555,2.4018715379706443,2.4039,0.03733186120689418,No missingness
sensor_252,float64,1567,0,0.0,143,False,0.0014041876618898236,0.0003,0.9909,0.004284811742182515,0.001,0.037472492069381025,No missingness
sensor_394,float64,1567,0,0.0,953,False,0.0014752123041889677,0.0342,0.2994,0.13398953414167197,0.1339,0.03840849260500818,No missingness
sensor_249,float64,1567,0,0.0,426,False,0.0024240922937240877,0.003,0.9732,0.025171218889597953,0.021,0.04923507178550761,No missingness
sensor_223,float64,1567,0,0.0,178,False,0.0031289219135327046,0.0003,0.9911,0.0088211869814933,0.0023,0.055936767099401666,No missingness
sensor_576,float64,1567,0,0.0,599,False,0.00459563574534154,0.023,0.5502,0.10472916400765793,0.0895,0.0677911184842199,No missingness
sensor_157,float64,1567,0,0.0,722,False,0.0062685995054447535,0.0111,2.2016,0.058088576898532224,0.0487,0.0791744877182338,No missingness
sensor_256,float64,1567,0,0.0,1317,False,0.01448031208936551,0.1269,0.9255,0.4038481174218251,0.4051,0.12033416842013539,No missingness
sensor_121,float64,1567,0,0.0,1269,False,0.015451581590433599,5.1259,7.522,6.310863050414805,6.3136,0.12430439087350695,No missingness
sensor_574,float64,1567,0,0.0,754,False,0.061741377911449506,0.0667,2.1967,0.3456364390555201,0.2934,0.24847812360739024,No missingness
sensor_572,float64,1567,0,0.0,811,False,0.07568652701397191,0.9802,2.7395,2.1018363114231016,2.1186,0.27511184455412296,No missingness
sensor_527,float64,1567,0,0.0,1514,False,0.9185833359574673,0.1705,8.2037,1.4434574984045947,1.5501,0.9584275329713078,No missingness
sensor_494,float64,1567,0,0.0,572,False,0.9485752718627894,0.833,9.4024,2.5300463943841733,2.5291,0.9739482901380285,No missingness
sensor_528,float64,1567,0,0.0,1549,False,3.5671786090389914,2.17,14.4479,6.395717038927887,6.4108,1.8886975959742711,No missingness
sensor_496,float64,1567,0,0.0,964,False,10.627726759625522,1.772,107.6926,6.807825717932355,6.6079,3.2600194416023847,No missingness
sensor_524,float64,1567,0,0.0,1040,False,17.202425110957847,0.0258,111.333,0.4538964262922782,0.1,4.1475806334485945,No missingness
sensor_521,float64,1567,0,0.0,1536,False,32.51698245164063,0.3121,111.7365,2.6959992980216976,2.221,5.702366390511981,No missingness
sensor_430,float64,1567,0,0.0,1542,False,41.41425080456852,0.7837,186.6164,4.171843650287173,3.4538,6.435390493557366,No missingness
sensor_118,float64,1567,0,0.0,1527,False,42.05748769532686,52.8068,311.7344,58.62590791320995,58.5491,6.48517445373113,No missingness
sensor_495,float64,1567,0,0.0,894,False,43.76087456670305,0.0342,127.5728,0.9564419910657307,0.2325,6.615200266560572,No missingness
sensor_523,float64,1567,0,0.0,1562,False,50.472995257663,2.6811,137.9838,14.728865922144223,13.7426,7.10443490065628,No missingness
sensor_578,float64,1567,0,0.0,851,False,155.88189176043318,4.582,96.9601,16.642362858966177,13.8179,12.485266987951567,No missingness
sensor_577,float64,1567,0,0.0,820,False,286.3327187618893,0.6636,90.4235,5.563746522016592,1.6245,16.921368702380114,No missingness
sensor_362,float64,1567,0,0.0,972,False,290.9175070439967,10.7204,547.1722,39.93640625398851,39.6961,17.056304026488174,No missingness
sensor_389,float64,1567,0,0.0,1564,False,296.7696399335292,6.3101,348.8293,35.1550911295469,32.5307,17.227003219757325,No missingness
sensor_571,float64,1567,0,0.0,814,False,306.2407606984486,317.1964,589.5082,530.5236234205488,532.3982,17.49973601796463,No missingness
sensor_391,float64,1567,0,0.0,1458,False,413.16315191933387,0.3046,805.3936,1.4318675175494575,0.8773,20.3264151271033,No missingness
sensor_525,float64,1567,0,0.0,1543,False,426.9766858652175,1.3104,818.0005,5.687781620931717,4.8771,20.663414187041248,No missingness
sensor_575,float64,1567,0,0.0,830,False,724.6944964490278,1.0395,170.0204,9.16231499680919,2.9758,26.920150379391046,No missingness
sensor_116,float64,1567,0,0.0,1567,False,2396.0290622552675,544.0254,924.5318,747.3837915762605,750.8614,48.94924986407113,No missingness
sensor_089,float64,1567,0,0.0,973,False,2866.2384441299687,1627.4714,2105.1823,1807.8150211231653,1809.2492,53.53726220241346,No missingness
sensor_251,float64,1567,0,0.0,1566,False,2980.862326808877,21.0107,1119.7042,109.65096668793873,103.0936,54.597273986975544,No missingness
sensor_224,float64,1567,0,0.0,973,False,3042.184631248854,32.2637,1768.8802,122.84657102744097,119.436,55.15600267648893,No missingness
sensor_253,float64,1567,0,0.0,1533,False,4141.534582737881,0.7673,2549.9885,4.645114869176771,2.8646,64.35475571189654,No missingness
sensor_573,float64,1567,0,0.0,518,False,7448.498015119964,3.54,454.56,28.45016502871729,8.65,86.30468130478187,No missingness
sensor_522,float64,1567,0,0.0,9,False,10634.352249241356,0.0,1000.0,11.610079706445436,0.0,103.12299573442073,No missingness
