feature,missing_count,missing_rate,recommended_action
sensor_158,1429,0.9119336311423102,Consider dropping
sensor_293,1429,0.9119336311423102,Consider dropping
sensor_294,1429,0.9119336311423102,Consider dropping
sensor_159,1429,0.9119336311423102,Consider dropping
sensor_493,1341,0.8557753669432036,Consider dropping
sensor_359,1341,0.8557753669432036,Consider dropping
sensor_086,1341,0.8557753669432036,Consider dropping
sensor_221,1341,0.8557753669432036,Consider dropping
sensor_247,1018,0.6496490108487556,Consider dropping
sensor_110,1018,0.6496490108487556,Consider dropping
sensor_111,1018,0.6496490108487556,Consider dropping
sensor_112,1018,0.6496490108487556,Consider dropping
sensor_519,1018,0.6496490108487556,Consider dropping
sensor_517,1018,0.6496490108487556,Consider dropping
sensor_246,1018,0.6496490108487556,Consider dropping
sensor_245,1018,0.6496490108487556,Consider dropping
sensor_383,1018,0.6496490108487556,Consider dropping
sensor_384,1018,0.6496490108487556,Consider dropping
sensor_385,1018,0.6496490108487556,Consider dropping
sensor_518,1018,0.6496490108487556,Consider dropping
sensor_579,949,0.6056158264199106,Consider dropping
sensor_580,949,0.6056158264199106,Consider dropping
sensor_581,949,0.6056158264199106,Consider dropping
sensor_582,949,0.6056158264199106,Consider dropping
sensor_347,794,0.5067007019783025,Evaluate carefully before imputation
sensor_074,794,0.5067007019783025,Evaluate carefully before imputation
sensor_073,794,0.5067007019783025,Evaluate carefully before imputation
sensor_346,794,0.5067007019783025,Evaluate carefully before imputation
sensor_113,715,0.4562858966177409,Evaluate carefully before imputation
sensor_248,715,0.4562858966177409,Evaluate carefully before imputation
sensor_386,715,0.4562858966177409,Evaluate carefully before imputation
sensor_520,715,0.4562858966177409,Evaluate carefully before imputation
sensor_563,273,0.1742182514358647,Median imputation likely acceptable
sensor_564,273,0.1742182514358647,Median imputation likely acceptable
sensor_565,273,0.1742182514358647,Median imputation likely acceptable
sensor_566,273,0.1742182514358647,Median imputation likely acceptable
sensor_567,273,0.1742182514358647,Median imputation likely acceptable
sensor_568,273,0.1742182514358647,Median imputation likely acceptable
sensor_570,273,0.1742182514358647,Median imputation likely acceptable
sensor_569,273,0.1742182514358647,Median imputation likely acceptable
sensor_556,260,0.16592214422463306,Median imputation likely acceptable
sensor_547,260,0.16592214422463306,Median imputation likely acceptable
sensor_549,260,0.16592214422463306,Median imputation likely acceptable
sensor_550,260,0.16592214422463306,Median imputation likely acceptable
sensor_551,260,0.16592214422463306,Median imputation likely acceptable
sensor_552,260,0.16592214422463306,Median imputation likely acceptable
sensor_553,260,0.16592214422463306,Median imputation likely acceptable
sensor_554,260,0.16592214422463306,Median imputation likely acceptable
sensor_555,260,0.16592214422463306,Median imputation likely acceptable
sensor_548,260,0.16592214422463306,Median imputation likely acceptable
sensor_557,260,0.16592214422463306,Median imputation likely acceptable
sensor_558,260,0.16592214422463306,Median imputation likely acceptable
sensor_498,51,0.03254626675175495,Median imputation likely acceptable
sensor_363,51,0.03254626675175495,Median imputation likely acceptable
sensor_497,51,0.03254626675175495,Median imputation likely acceptable
sensor_226,51,0.03254626675175495,Median imputation likely acceptable
sensor_090,51,0.03254626675175495,Median imputation likely acceptable
sensor_091,51,0.03254626675175495,Median imputation likely acceptable
sensor_364,51,0.03254626675175495,Median imputation likely acceptable
sensor_225,51,0.03254626675175495,Median imputation likely acceptable
sensor_212,24,0.015315890236119975,Median imputation likely acceptable
sensor_486,24,0.015315890236119975,Median imputation likely acceptable
sensor_179,24,0.015315890236119975,Median imputation likely acceptable
sensor_356,24,0.015315890236119975,Median imputation likely acceptable
sensor_355,24,0.015315890236119975,Median imputation likely acceptable
sensor_354,24,0.015315890236119975,Median imputation likely acceptable
sensor_353,24,0.015315890236119975,Median imputation likely acceptable
sensor_351,24,0.015315890236119975,Median imputation likely acceptable
sensor_350,24,0.015315890236119975,Median imputation likely acceptable
sensor_526,24,0.015315890236119975,Median imputation likely acceptable
sensor_484,24,0.015315890236119975,Median imputation likely acceptable
sensor_349,24,0.015315890236119975,Median imputation likely acceptable
sensor_213,24,0.015315890236119975,Median imputation likely acceptable
sensor_485,24,0.015315890236119975,Median imputation likely acceptable
sensor_487,24,0.015315890236119975,Median imputation likely acceptable
sensor_451,24,0.015315890236119975,Median imputation likely acceptable
sensor_488,24,0.015315890236119975,Median imputation likely acceptable
sensor_489,24,0.015315890236119975,Median imputation likely acceptable
sensor_490,24,0.015315890236119975,Median imputation likely acceptable
sensor_042,24,0.015315890236119975,Median imputation likely acceptable
sensor_041,24,0.015315890236119975,Median imputation likely acceptable
sensor_119,24,0.015315890236119975,Median imputation likely acceptable
sensor_314,24,0.015315890236119975,Median imputation likely acceptable
sensor_315,24,0.015315890236119975,Median imputation likely acceptable
sensor_215,24,0.015315890236119975,Median imputation likely acceptable
sensor_216,24,0.015315890236119975,Median imputation likely acceptable
sensor_217,24,0.015315890236119975,Median imputation likely acceptable
sensor_218,24,0.015315890236119975,Median imputation likely acceptable
sensor_483,24,0.015315890236119975,Median imputation likely acceptable
sensor_352,24,0.015315890236119975,Median imputation likely acceptable
sensor_082,24,0.015315890236119975,Median imputation likely acceptable
sensor_078,24,0.015315890236119975,Median imputation likely acceptable
sensor_392,24,0.015315890236119975,Median imputation likely acceptable
sensor_211,24,0.015315890236119975,Median imputation likely acceptable
sensor_254,24,0.015315890236119975,Median imputation likely acceptable
sensor_450,24,0.015315890236119975,Median imputation likely acceptable
sensor_214,24,0.015315890236119975,Median imputation likely acceptable
sensor_076,24,0.015315890236119975,Median imputation likely acceptable
sensor_083,24,0.015315890236119975,Median imputation likely acceptable
sensor_077,24,0.015315890236119975,Median imputation likely acceptable
sensor_081,24,0.015315890236119975,Median imputation likely acceptable
sensor_080,24,0.015315890236119975,Median imputation likely acceptable
sensor_079,24,0.015315890236119975,Median imputation likely acceptable
sensor_275,14,0.008934269304403318,Median imputation likely acceptable
sensor_007,14,0.008934269304403318,Median imputation likely acceptable
sensor_414,14,0.008934269304403318,Median imputation likely acceptable
sensor_276,14,0.008934269304403318,Median imputation likely acceptable
sensor_005,14,0.008934269304403318,Median imputation likely acceptable
sensor_274,14,0.008934269304403318,Median imputation likely acceptable
sensor_413,14,0.008934269304403318,Median imputation likely acceptable
sensor_412,14,0.008934269304403318,Median imputation likely acceptable
sensor_143,14,0.008934269304403318,Median imputation likely acceptable
sensor_139,14,0.008934269304403318,Median imputation likely acceptable
sensor_140,14,0.008934269304403318,Median imputation likely acceptable
sensor_006,14,0.008934269304403318,Median imputation likely acceptable
sensor_141,14,0.008934269304403318,Median imputation likely acceptable
sensor_416,14,0.008934269304403318,Median imputation likely acceptable
sensor_277,14,0.008934269304403318,Median imputation likely acceptable
sensor_278,14,0.008934269304403318,Median imputation likely acceptable
sensor_415,14,0.008934269304403318,Median imputation likely acceptable
sensor_142,14,0.008934269304403318,Median imputation likely acceptable
sensor_003,14,0.008934269304403318,Median imputation likely acceptable
sensor_004,14,0.008934269304403318,Median imputation likely acceptable
sensor_492,12,0.007657945118059987,Median imputation likely acceptable
sensor_358,12,0.007657945118059987,Median imputation likely acceptable
sensor_085,12,0.007657945118059987,Median imputation likely acceptable
sensor_220,12,0.007657945118059987,Median imputation likely acceptable
sensor_429,10,0.006381620931716656,Median imputation likely acceptable
sensor_156,10,0.006381620931716656,Median imputation likely acceptable
sensor_291,10,0.006381620931716656,Median imputation likely acceptable
sensor_020,10,0.006381620931716656,Median imputation likely acceptable
sensor_405,9,0.00574345883854499,Median imputation likely acceptable
sensor_404,9,0.00574345883854499,Median imputation likely acceptable
sensor_403,9,0.00574345883854499,Median imputation likely acceptable
sensor_266,9,0.00574345883854499,Median imputation likely acceptable
sensor_265,9,0.00574345883854499,Median imputation likely acceptable
sensor_008,9,0.00574345883854499,Median imputation likely acceptable
sensor_267,9,0.00574345883854499,Median imputation likely acceptable
sensor_144,9,0.00574345883854499,Median imputation likely acceptable
sensor_279,9,0.00574345883854499,Median imputation likely acceptable
sensor_417,9,0.00574345883854499,Median imputation likely acceptable
sensor_260,9,0.00574345883854499,Median imputation likely acceptable
sensor_537,9,0.00574345883854499,Median imputation likely acceptable
sensor_531,9,0.00574345883854499,Median imputation likely acceptable
sensor_395,9,0.00574345883854499,Median imputation likely acceptable
sensor_396,9,0.00574345883854499,Median imputation likely acceptable
sensor_539,9,0.00574345883854499,Median imputation likely acceptable
sensor_538,9,0.00574345883854499,Median imputation likely acceptable
sensor_261,9,0.00574345883854499,Median imputation likely acceptable
sensor_402,9,0.00574345883854499,Median imputation likely acceptable
sensor_529,9,0.00574345883854499,Median imputation likely acceptable
sensor_530,9,0.00574345883854499,Median imputation likely acceptable
sensor_536,9,0.00574345883854499,Median imputation likely acceptable
sensor_535,9,0.00574345883854499,Median imputation likely acceptable
sensor_532,9,0.00574345883854499,Median imputation likely acceptable
sensor_263,9,0.00574345883854499,Median imputation likely acceptable
sensor_533,9,0.00574345883854499,Median imputation likely acceptable
sensor_534,9,0.00574345883854499,Median imputation likely acceptable
sensor_401,9,0.00574345883854499,Median imputation likely acceptable
sensor_257,9,0.00574345883854499,Median imputation likely acceptable
sensor_400,9,0.00574345883854499,Median imputation likely acceptable
sensor_399,9,0.00574345883854499,Median imputation likely acceptable
sensor_258,9,0.00574345883854499,Median imputation likely acceptable
sensor_259,9,0.00574345883854499,Median imputation likely acceptable
sensor_398,9,0.00574345883854499,Median imputation likely acceptable
sensor_397,9,0.00574345883854499,Median imputation likely acceptable
sensor_262,9,0.00574345883854499,Median imputation likely acceptable
sensor_264,9,0.00574345883854499,Median imputation likely acceptable
sensor_122,9,0.00574345883854499,Median imputation likely acceptable
sensor_126,9,0.00574345883854499,Median imputation likely acceptable
sensor_132,9,0.00574345883854499,Median imputation likely acceptable
sensor_130,9,0.00574345883854499,Median imputation likely acceptable
sensor_129,9,0.00574345883854499,Median imputation likely acceptable
sensor_128,9,0.00574345883854499,Median imputation likely acceptable
sensor_127,9,0.00574345883854499,Median imputation likely acceptable
sensor_131,9,0.00574345883854499,Median imputation likely acceptable
sensor_125,9,0.00574345883854499,Median imputation likely acceptable
sensor_123,9,0.00574345883854499,Median imputation likely acceptable
sensor_124,9,0.00574345883854499,Median imputation likely acceptable
sensor_406,8,0.005105296745373325,Median imputation likely acceptable
sensor_268,8,0.005105296745373325,Median imputation likely acceptable
sensor_269,8,0.005105296745373325,Median imputation likely acceptable
sensor_270,8,0.005105296745373325,Median imputation likely acceptable
sensor_135,8,0.005105296745373325,Median imputation likely acceptable
sensor_133,8,0.005105296745373325,Median imputation likely acceptable
sensor_134,8,0.005105296745373325,Median imputation likely acceptable
sensor_542,8,0.005105296745373325,Median imputation likely acceptable
sensor_407,8,0.005105296745373325,Median imputation likely acceptable
sensor_540,8,0.005105296745373325,Median imputation likely acceptable
sensor_408,8,0.005105296745373325,Median imputation likely acceptable
sensor_541,8,0.005105296745373325,Median imputation likely acceptable
sensor_002,7,0.004467134652201659,Median imputation likely acceptable
sensor_201,7,0.004467134652201659,Median imputation likely acceptable
sensor_339,7,0.004467134652201659,Median imputation likely acceptable
sensor_064,7,0.004467134652201659,Median imputation likely acceptable
sensor_065,7,0.004467134652201659,Median imputation likely acceptable
sensor_066,7,0.004467134652201659,Median imputation likely acceptable
sensor_338,7,0.004467134652201659,Median imputation likely acceptable
sensor_203,7,0.004467134652201659,Median imputation likely acceptable
sensor_202,7,0.004467134652201659,Median imputation likely acceptable
sensor_273,7,0.004467134652201659,Median imputation likely acceptable
sensor_475,7,0.004467134652201659,Median imputation likely acceptable
sensor_060,7,0.004467134652201659,Median imputation likely acceptable
sensor_337,7,0.004467134652201659,Median imputation likely acceptable
sensor_197,7,0.004467134652201659,Median imputation likely acceptable
sensor_411,7,0.004467134652201659,Median imputation likely acceptable
sensor_333,7,0.004467134652201659,Median imputation likely acceptable
sensor_469,7,0.004467134652201659,Median imputation likely acceptable
sensor_473,7,0.004467134652201659,Median imputation likely acceptable
sensor_474,7,0.004467134652201659,Median imputation likely acceptable
sensor_138,7,0.004467134652201659,Median imputation likely acceptable
sensor_244,6,0.0038289725590299937,Median imputation likely acceptable
sensor_342,6,0.0038289725590299937,Median imputation likely acceptable
sensor_272,6,0.0038289725590299937,Median imputation likely acceptable
sensor_369,6,0.0038289725590299937,Median imputation likely acceptable
sensor_382,6,0.0038289725590299937,Median imputation likely acceptable
sensor_381,6,0.0038289725590299937,Median imputation likely acceptable
sensor_380,6,0.0038289725590299937,Median imputation likely acceptable
sensor_379,6,0.0038289725590299937,Median imputation likely acceptable
sensor_376,6,0.0038289725590299937,Median imputation likely acceptable
sensor_375,6,0.0038289725590299937,Median imputation likely acceptable
sensor_374,6,0.0038289725590299937,Median imputation likely acceptable
sensor_373,6,0.0038289725590299937,Median imputation likely acceptable
sensor_372,6,0.0038289725590299937,Median imputation likely acceptable
sensor_371,6,0.0038289725590299937,Median imputation likely acceptable
sensor_370,6,0.0038289725590299937,Median imputation likely acceptable
sensor_368,6,0.0038289725590299937,Median imputation likely acceptable
sensor_410,6,0.0038289725590299937,Median imputation likely acceptable
sensor_365,6,0.0038289725590299937,Median imputation likely acceptable
sensor_348,6,0.0038289725590299937,Median imputation likely acceptable
sensor_345,6,0.0038289725590299937,Median imputation likely acceptable
sensor_344,6,0.0038289725590299937,Median imputation likely acceptable
sensor_343,6,0.0038289725590299937,Median imputation likely acceptable
sensor_242,6,0.0038289725590299937,Median imputation likely acceptable
sensor_341,6,0.0038289725590299937,Median imputation likely acceptable
sensor_340,6,0.0038289725590299937,Median imputation likely acceptable
sensor_336,6,0.0038289725590299937,Median imputation likely acceptable
sensor_335,6,0.0038289725590299937,Median imputation likely acceptable
sensor_334,6,0.0038289725590299937,Median imputation likely acceptable
sensor_243,6,0.0038289725590299937,Median imputation likely acceptable
sensor_001,6,0.0038289725590299937,Median imputation likely acceptable
sensor_241,6,0.0038289725590299937,Median imputation likely acceptable
sensor_102,6,0.0038289725590299937,Median imputation likely acceptable
sensor_107,6,0.0038289725590299937,Median imputation likely acceptable
sensor_479,6,0.0038289725590299937,Median imputation likely acceptable
sensor_106,6,0.0038289725590299937,Median imputation likely acceptable
sensor_478,6,0.0038289725590299937,Median imputation likely acceptable
sensor_103,6,0.0038289725590299937,Median imputation likely acceptable
sensor_477,6,0.0038289725590299937,Median imputation likely acceptable
sensor_476,6,0.0038289725590299937,Median imputation likely acceptable
sensor_101,6,0.0038289725590299937,Median imputation likely acceptable
sensor_109,6,0.0038289725590299937,Median imputation likely acceptable
sensor_100,6,0.0038289725590299937,Median imputation likely acceptable
sensor_099,6,0.0038289725590299937,Median imputation likely acceptable
sensor_098,6,0.0038289725590299937,Median imputation likely acceptable
sensor_097,6,0.0038289725590299937,Median imputation likely acceptable
sensor_096,6,0.0038289725590299937,Median imputation likely acceptable
sensor_095,6,0.0038289725590299937,Median imputation likely acceptable
sensor_075,6,0.0038289725590299937,Median imputation likely acceptable
sensor_108,6,0.0038289725590299937,Median imputation likely acceptable
sensor_516,6,0.0038289725590299937,Median imputation likely acceptable
sensor_071,6,0.0038289725590299937,Median imputation likely acceptable
sensor_499,6,0.0038289725590299937,Median imputation likely acceptable
sensor_507,6,0.0038289725590299937,Median imputation likely acceptable
sensor_506,6,0.0038289725590299937,Median imputation likely acceptable
sensor_505,6,0.0038289725590299937,Median imputation likely acceptable
sensor_504,6,0.0038289725590299937,Median imputation likely acceptable
sensor_503,6,0.0038289725590299937,Median imputation likely acceptable
sensor_502,6,0.0038289725590299937,Median imputation likely acceptable
sensor_508,6,0.0038289725590299937,Median imputation likely acceptable
sensor_482,6,0.0038289725590299937,Median imputation likely acceptable
sensor_515,6,0.0038289725590299937,Median imputation likely acceptable
sensor_481,6,0.0038289725590299937,Median imputation likely acceptable
sensor_480,6,0.0038289725590299937,Median imputation likely acceptable
sensor_509,6,0.0038289725590299937,Median imputation likely acceptable
sensor_510,6,0.0038289725590299937,Median imputation likely acceptable
sensor_137,6,0.0038289725590299937,Median imputation likely acceptable
sensor_513,6,0.0038289725590299937,Median imputation likely acceptable
sensor_514,6,0.0038289725590299937,Median imputation likely acceptable
sensor_072,6,0.0038289725590299937,Median imputation likely acceptable
sensor_092,6,0.0038289725590299937,Median imputation likely acceptable
sensor_070,6,0.0038289725590299937,Median imputation likely acceptable
sensor_472,6,0.0038289725590299937,Median imputation likely acceptable
sensor_238,6,0.0038289725590299937,Median imputation likely acceptable
sensor_237,6,0.0038289725590299937,Median imputation likely acceptable
sensor_236,6,0.0038289725590299937,Median imputation likely acceptable
sensor_235,6,0.0038289725590299937,Median imputation likely acceptable
sensor_234,6,0.0038289725590299937,Median imputation likely acceptable
sensor_233,6,0.0038289725590299937,Median imputation likely acceptable
sensor_232,6,0.0038289725590299937,Median imputation likely acceptable
sensor_231,6,0.0038289725590299937,Median imputation likely acceptable
sensor_230,6,0.0038289725590299937,Median imputation likely acceptable
sensor_069,6,0.0038289725590299937,Median imputation likely acceptable
sensor_062,6,0.0038289725590299937,Median imputation likely acceptable
sensor_227,6,0.0038289725590299937,Median imputation likely acceptable
sensor_470,6,0.0038289725590299937,Median imputation likely acceptable
sensor_471,6,0.0038289725590299937,Median imputation likely acceptable
sensor_061,6,0.0038289725590299937,Median imputation likely acceptable
sensor_210,6,0.0038289725590299937,Median imputation likely acceptable
sensor_204,6,0.0038289725590299937,Median imputation likely acceptable
sensor_068,6,0.0038289725590299937,Median imputation likely acceptable
sensor_067,6,0.0038289725590299937,Median imputation likely acceptable
sensor_063,6,0.0038289725590299937,Median imputation likely acceptable
sensor_209,6,0.0038289725590299937,Median imputation likely acceptable
sensor_199,6,0.0038289725590299937,Median imputation likely acceptable
sensor_200,6,0.0038289725590299937,Median imputation likely acceptable
sensor_198,6,0.0038289725590299937,Median imputation likely acceptable
sensor_206,6,0.0038289725590299937,Median imputation likely acceptable
sensor_205,6,0.0038289725590299937,Median imputation likely acceptable
sensor_207,6,0.0038289725590299937,Median imputation likely acceptable
sensor_208,6,0.0038289725590299937,Median imputation likely acceptable
sensor_409,5,0.003190810465858328,Median imputation likely acceptable
sensor_136,5,0.003190810465858328,Median imputation likely acceptable
sensor_271,5,0.003190810465858328,Median imputation likely acceptable
sensor_329,4,0.0025526483726866626,Median imputation likely acceptable
sensor_330,4,0.0025526483726866626,Median imputation likely acceptable
sensor_331,4,0.0025526483726866626,Median imputation likely acceptable
sensor_054,4,0.0025526483726866626,Median imputation likely acceptable
sensor_327,4,0.0025526483726866626,Median imputation likely acceptable
sensor_059,4,0.0025526483726866626,Median imputation likely acceptable
sensor_058,4,0.0025526483726866626,Median imputation likely acceptable
sensor_055,4,0.0025526483726866626,Median imputation likely acceptable
sensor_332,4,0.0025526483726866626,Median imputation likely acceptable
sensor_056,4,0.0025526483726866626,Median imputation likely acceptable
sensor_057,4,0.0025526483726866626,Median imputation likely acceptable
sensor_328,4,0.0025526483726866626,Median imputation likely acceptable
sensor_194,4,0.0025526483726866626,Median imputation likely acceptable
sensor_467,4,0.0025526483726866626,Median imputation likely acceptable
sensor_193,4,0.0025526483726866626,Median imputation likely acceptable
sensor_465,4,0.0025526483726866626,Median imputation likely acceptable
sensor_192,4,0.0025526483726866626,Median imputation likely acceptable
sensor_466,4,0.0025526483726866626,Median imputation likely acceptable
sensor_464,4,0.0025526483726866626,Median imputation likely acceptable
sensor_463,4,0.0025526483726866626,Median imputation likely acceptable
sensor_191,4,0.0025526483726866626,Median imputation likely acceptable
sensor_468,4,0.0025526483726866626,Median imputation likely acceptable
sensor_196,4,0.0025526483726866626,Median imputation likely acceptable
sensor_195,4,0.0025526483726866626,Median imputation likely acceptable
sensor_289,3,0.0019144862795149968,Median imputation likely acceptable
sensor_288,3,0.0019144862795149968,Median imputation likely acceptable
sensor_287,3,0.0019144862795149968,Median imputation likely acceptable
sensor_153,3,0.0019144862795149968,Median imputation likely acceptable
sensor_285,3,0.0019144862795149968,Median imputation likely acceptable
sensor_152,3,0.0019144862795149968,Median imputation likely acceptable
sensor_019,3,0.0019144862795149968,Median imputation likely acceptable
sensor_018,3,0.0019144862795149968,Median imputation likely acceptable
sensor_017,3,0.0019144862795149968,Median imputation likely acceptable
sensor_016,3,0.0019144862795149968,Median imputation likely acceptable
sensor_015,3,0.0019144862795149968,Median imputation likely acceptable
sensor_014,3,0.0019144862795149968,Median imputation likely acceptable
sensor_290,3,0.0019144862795149968,Median imputation likely acceptable
sensor_286,3,0.0019144862795149968,Median imputation likely acceptable
sensor_154,3,0.0019144862795149968,Median imputation likely acceptable
sensor_428,3,0.0019144862795149968,Median imputation likely acceptable
sensor_427,3,0.0019144862795149968,Median imputation likely acceptable
sensor_426,3,0.0019144862795149968,Median imputation likely acceptable
sensor_155,3,0.0019144862795149968,Median imputation likely acceptable
sensor_151,3,0.0019144862795149968,Median imputation likely acceptable
sensor_150,3,0.0019144862795149968,Median imputation likely acceptable
sensor_425,3,0.0019144862795149968,Median imputation likely acceptable
sensor_424,3,0.0019144862795149968,Median imputation likely acceptable
sensor_423,3,0.0019144862795149968,Median imputation likely acceptable
sensor_433,2,0.0012763241863433313,Median imputation likely acceptable
sensor_545,2,0.0012763241863433313,Median imputation likely acceptable
sensor_419,2,0.0012763241863433313,Median imputation likely acceptable
sensor_543,2,0.0012763241863433313,Median imputation likely acceptable
sensor_544,2,0.0012763241863433313,Median imputation likely acceptable
sensor_418,2,0.0012763241863433313,Median imputation likely acceptable
sensor_546,2,0.0012763241863433313,Median imputation likely acceptable
sensor_512,2,0.0012763241863433313,Median imputation likely acceptable
sensor_501,2,0.0012763241863433313,Median imputation likely acceptable
sensor_511,2,0.0012763241863433313,Median imputation likely acceptable
sensor_439,2,0.0012763241863433313,Median imputation likely acceptable
sensor_441,2,0.0012763241863433313,Median imputation likely acceptable
sensor_440,2,0.0012763241863433313,Median imputation likely acceptable
sensor_432,2,0.0012763241863433313,Median imputation likely acceptable
sensor_420,2,0.0012763241863433313,Median imputation likely acceptable
sensor_421,2,0.0012763241863433313,Median imputation likely acceptable
sensor_422,2,0.0012763241863433313,Median imputation likely acceptable
sensor_438,2,0.0012763241863433313,Median imputation likely acceptable
sensor_437,2,0.0012763241863433313,Median imputation likely acceptable
sensor_436,2,0.0012763241863433313,Median imputation likely acceptable
sensor_435,2,0.0012763241863433313,Median imputation likely acceptable
sensor_434,2,0.0012763241863433313,Median imputation likely acceptable
sensor_431,2,0.0012763241863433313,Median imputation likely acceptable
sensor_500,2,0.0012763241863433313,Median imputation likely acceptable
sensor_296,2,0.0012763241863433313,Median imputation likely acceptable
sensor_282,2,0.0012763241863433313,Median imputation likely acceptable
sensor_163,2,0.0012763241863433313,Median imputation likely acceptable
sensor_304,2,0.0012763241863433313,Median imputation likely acceptable
sensor_303,2,0.0012763241863433313,Median imputation likely acceptable
sensor_302,2,0.0012763241863433313,Median imputation likely acceptable
sensor_301,2,0.0012763241863433313,Median imputation likely acceptable
sensor_300,2,0.0012763241863433313,Median imputation likely acceptable
sensor_299,2,0.0012763241863433313,Median imputation likely acceptable
sensor_298,2,0.0012763241863433313,Median imputation likely acceptable
sensor_162,2,0.0012763241863433313,Median imputation likely acceptable
sensor_297,2,0.0012763241863433313,Median imputation likely acceptable
sensor_295,2,0.0012763241863433313,Median imputation likely acceptable
sensor_161,2,0.0012763241863433313,Median imputation likely acceptable
sensor_284,2,0.0012763241863433313,Median imputation likely acceptable
sensor_283,2,0.0012763241863433313,Median imputation likely acceptable
sensor_160,2,0.0012763241863433313,Median imputation likely acceptable
sensor_281,2,0.0012763241863433313,Median imputation likely acceptable
sensor_280,2,0.0012763241863433313,Median imputation likely acceptable
sensor_228,2,0.0012763241863433313,Median imputation likely acceptable
sensor_229,2,0.0012763241863433313,Median imputation likely acceptable
sensor_239,2,0.0012763241863433313,Median imputation likely acceptable
sensor_240,2,0.0012763241863433313,Median imputation likely acceptable
sensor_149,2,0.0012763241863433313,Median imputation likely acceptable
sensor_148,2,0.0012763241863433313,Median imputation likely acceptable
sensor_147,2,0.0012763241863433313,Median imputation likely acceptable
sensor_146,2,0.0012763241863433313,Median imputation likely acceptable
sensor_145,2,0.0012763241863433313,Median imputation likely acceptable
sensor_105,2,0.0012763241863433313,Median imputation likely acceptable
sensor_104,2,0.0012763241863433313,Median imputation likely acceptable
sensor_094,2,0.0012763241863433313,Median imputation likely acceptable
sensor_093,2,0.0012763241863433313,Median imputation likely acceptable
sensor_305,2,0.0012763241863433313,Median imputation likely acceptable
sensor_032,2,0.0012763241863433313,Median imputation likely acceptable
sensor_012,2,0.0012763241863433313,Median imputation likely acceptable
sensor_013,2,0.0012763241863433313,Median imputation likely acceptable
sensor_170,2,0.0012763241863433313,Median imputation likely acceptable
sensor_378,2,0.0012763241863433313,Median imputation likely acceptable
sensor_377,2,0.0012763241863433313,Median imputation likely acceptable
sensor_367,2,0.0012763241863433313,Median imputation likely acceptable
sensor_366,2,0.0012763241863433313,Median imputation likely acceptable
sensor_169,2,0.0012763241863433313,Median imputation likely acceptable
sensor_168,2,0.0012763241863433313,Median imputation likely acceptable
sensor_009,2,0.0012763241863433313,Median imputation likely acceptable
sensor_010,2,0.0012763241863433313,Median imputation likely acceptable
sensor_011,2,0.0012763241863433313,Median imputation likely acceptable
sensor_031,2,0.0012763241863433313,Median imputation likely acceptable
sensor_022,2,0.0012763241863433313,Median imputation likely acceptable
sensor_023,2,0.0012763241863433313,Median imputation likely acceptable
sensor_024,2,0.0012763241863433313,Median imputation likely acceptable
sensor_025,2,0.0012763241863433313,Median imputation likely acceptable
sensor_026,2,0.0012763241863433313,Median imputation likely acceptable
sensor_027,2,0.0012763241863433313,Median imputation likely acceptable
sensor_167,2,0.0012763241863433313,Median imputation likely acceptable
sensor_166,2,0.0012763241863433313,Median imputation likely acceptable
sensor_165,2,0.0012763241863433313,Median imputation likely acceptable
sensor_164,2,0.0012763241863433313,Median imputation likely acceptable
sensor_028,2,0.0012763241863433313,Median imputation likely acceptable
sensor_029,2,0.0012763241863433313,Median imputation likely acceptable
sensor_030,2,0.0012763241863433313,Median imputation likely acceptable
sensor_172,1,0.0006381620931716656,Median imputation likely acceptable
sensor_174,1,0.0006381620931716656,Median imputation likely acceptable
sensor_053,1,0.0006381620931716656,Median imputation likely acceptable
sensor_491,1,0.0006381620931716656,Median imputation likely acceptable
sensor_171,1,0.0006381620931716656,Median imputation likely acceptable
sensor_084,1,0.0006381620931716656,Median imputation likely acceptable
sensor_173,1,0.0006381620931716656,Median imputation likely acceptable
sensor_052,1,0.0006381620931716656,Median imputation likely acceptable
sensor_035,1,0.0006381620931716656,Median imputation likely acceptable
sensor_589,1,0.0006381620931716656,Median imputation likely acceptable
sensor_588,1,0.0006381620931716656,Median imputation likely acceptable
sensor_587,1,0.0006381620931716656,Median imputation likely acceptable
sensor_586,1,0.0006381620931716656,Median imputation likely acceptable
sensor_585,1,0.0006381620931716656,Median imputation likely acceptable
sensor_584,1,0.0006381620931716656,Median imputation likely acceptable
sensor_583,1,0.0006381620931716656,Median imputation likely acceptable
sensor_562,1,0.0006381620931716656,Median imputation likely acceptable
sensor_561,1,0.0006381620931716656,Median imputation likely acceptable
sensor_560,1,0.0006381620931716656,Median imputation likely acceptable
sensor_559,1,0.0006381620931716656,Median imputation likely acceptable
sensor_033,1,0.0006381620931716656,Median imputation likely acceptable
sensor_034,1,0.0006381620931716656,Median imputation likely acceptable
sensor_176,1,0.0006381620931716656,Median imputation likely acceptable
sensor_051,1,0.0006381620931716656,Median imputation likely acceptable
sensor_036,1,0.0006381620931716656,Median imputation likely acceptable
sensor_037,1,0.0006381620931716656,Median imputation likely acceptable
sensor_038,1,0.0006381620931716656,Median imputation likely acceptable
sensor_039,1,0.0006381620931716656,Median imputation likely acceptable
sensor_040,1,0.0006381620931716656,Median imputation likely acceptable
sensor_043,1,0.0006381620931716656,Median imputation likely acceptable
sensor_044,1,0.0006381620931716656,Median imputation likely acceptable
sensor_045,1,0.0006381620931716656,Median imputation likely acceptable
sensor_046,1,0.0006381620931716656,Median imputation likely acceptable
sensor_047,1,0.0006381620931716656,Median imputation likely acceptable
sensor_048,1,0.0006381620931716656,Median imputation likely acceptable
sensor_049,1,0.0006381620931716656,Median imputation likely acceptable
sensor_050,1,0.0006381620931716656,Median imputation likely acceptable
sensor_175,1,0.0006381620931716656,Median imputation likely acceptable
sensor_590,1,0.0006381620931716656,Median imputation likely acceptable
sensor_177,1,0.0006381620931716656,Median imputation likely acceptable
sensor_320,1,0.0006381620931716656,Median imputation likely acceptable
sensor_452,1,0.0006381620931716656,Median imputation likely acceptable
sensor_453,1,0.0006381620931716656,Median imputation likely acceptable
sensor_454,1,0.0006381620931716656,Median imputation likely acceptable
sensor_455,1,0.0006381620931716656,Median imputation likely acceptable
sensor_318,1,0.0006381620931716656,Median imputation likely acceptable
sensor_319,1,0.0006381620931716656,Median imputation likely acceptable
sensor_456,1,0.0006381620931716656,Median imputation likely acceptable
sensor_459,1,0.0006381620931716656,Median imputation likely acceptable
sensor_457,1,0.0006381620931716656,Median imputation likely acceptable
sensor_321,1,0.0006381620931716656,Median imputation likely acceptable
sensor_322,1,0.0006381620931716656,Median imputation likely acceptable
sensor_458,1,0.0006381620931716656,Median imputation likely acceptable
sensor_323,1,0.0006381620931716656,Median imputation likely acceptable
sensor_324,1,0.0006381620931716656,Median imputation likely acceptable
sensor_178,1,0.0006381620931716656,Median imputation likely acceptable
sensor_317,1,0.0006381620931716656,Median imputation likely acceptable
sensor_449,1,0.0006381620931716656,Median imputation likely acceptable
sensor_448,1,0.0006381620931716656,Median imputation likely acceptable
sensor_447,1,0.0006381620931716656,Median imputation likely acceptable
sensor_446,1,0.0006381620931716656,Median imputation likely acceptable
sensor_445,1,0.0006381620931716656,Median imputation likely acceptable
sensor_444,1,0.0006381620931716656,Median imputation likely acceptable
sensor_443,1,0.0006381620931716656,Median imputation likely acceptable
sensor_442,1,0.0006381620931716656,Median imputation likely acceptable
sensor_316,1,0.0006381620931716656,Median imputation likely acceptable
sensor_313,1,0.0006381620931716656,Median imputation likely acceptable
sensor_312,1,0.0006381620931716656,Median imputation likely acceptable
sensor_311,1,0.0006381620931716656,Median imputation likely acceptable
sensor_310,1,0.0006381620931716656,Median imputation likely acceptable
sensor_306,1,0.0006381620931716656,Median imputation likely acceptable
sensor_307,1,0.0006381620931716656,Median imputation likely acceptable
sensor_309,1,0.0006381620931716656,Median imputation likely acceptable
sensor_308,1,0.0006381620931716656,Median imputation likely acceptable
sensor_462,1,0.0006381620931716656,Median imputation likely acceptable
sensor_461,1,0.0006381620931716656,Median imputation likely acceptable
sensor_188,1,0.0006381620931716656,Median imputation likely acceptable
sensor_189,1,0.0006381620931716656,Median imputation likely acceptable
sensor_190,1,0.0006381620931716656,Median imputation likely acceptable
sensor_219,1,0.0006381620931716656,Median imputation likely acceptable
sensor_185,1,0.0006381620931716656,Median imputation likely acceptable
sensor_357,1,0.0006381620931716656,Median imputation likely acceptable
sensor_326,1,0.0006381620931716656,Median imputation likely acceptable
sensor_186,1,0.0006381620931716656,Median imputation likely acceptable
sensor_187,1,0.0006381620931716656,Median imputation likely acceptable
sensor_460,1,0.0006381620931716656,Median imputation likely acceptable
sensor_325,1,0.0006381620931716656,Median imputation likely acceptable
sensor_184,1,0.0006381620931716656,Median imputation likely acceptable
sensor_183,1,0.0006381620931716656,Median imputation likely acceptable
sensor_182,1,0.0006381620931716656,Median imputation likely acceptable
sensor_181,1,0.0006381620931716656,Median imputation likely acceptable
sensor_180,1,0.0006381620931716656,Median imputation likely acceptable
sensor_391,0,0.0,No missing-value treatment required
sensor_387,0,0.0,No missing-value treatment required
sensor_393,0,0.0,No missing-value treatment required
sensor_390,0,0.0,No missing-value treatment required
sensor_573,0,0.0,No missing-value treatment required
sensor_394,0,0.0,No missing-value treatment required
sensor_571,0,0.0,No missing-value treatment required
sensor_362,0,0.0,No missing-value treatment required
sensor_361,0,0.0,No missing-value treatment required
sensor_360,0,0.0,No missing-value treatment required
sensor_578,0,0.0,No missing-value treatment required
sensor_577,0,0.0,No missing-value treatment required
sensor_576,0,0.0,No missing-value treatment required
sensor_575,0,0.0,No missing-value treatment required
sensor_021,0,0.0,No missing-value treatment required
sensor_574,0,0.0,No missing-value treatment required
sensor_572,0,0.0,No missing-value treatment required
sensor_251,0,0.0,No missing-value treatment required
sensor_430,0,0.0,No missing-value treatment required
sensor_157,0,0.0,No missing-value treatment required
sensor_117,0,0.0,No missing-value treatment required
sensor_118,0,0.0,No missing-value treatment required
sensor_120,0,0.0,No missing-value treatment required
sensor_121,0,0.0,No missing-value treatment required
sensor_250,0,0.0,No missing-value treatment required
sensor_249,0,0.0,No missing-value treatment required
sensor_224,0,0.0,No missing-value treatment required
sensor_292,0,0.0,No missing-value treatment required
sensor_223,0,0.0,No missing-value treatment required
sensor_222,0,0.0,No missing-value treatment required
sensor_496,0,0.0,No missing-value treatment required
sensor_495,0,0.0,No missing-value treatment required
sensor_494,0,0.0,No missing-value treatment required
sensor_389,0,0.0,No missing-value treatment required
sensor_116,0,0.0,No missing-value treatment required
sensor_115,0,0.0,No missing-value treatment required
sensor_114,0,0.0,No missing-value treatment required
sensor_521,0,0.0,No missing-value treatment required
sensor_522,0,0.0,No missing-value treatment required
sensor_523,0,0.0,No missing-value treatment required
sensor_524,0,0.0,No missing-value treatment required
sensor_525,0,0.0,No missing-value treatment required
sensor_527,0,0.0,No missing-value treatment required
sensor_528,0,0.0,No missing-value treatment required
sensor_089,0,0.0,No missing-value treatment required
sensor_088,0,0.0,No missing-value treatment required
sensor_087,0,0.0,No missing-value treatment required
sensor_252,0,0.0,No missing-value treatment required
sensor_253,0,0.0,No missing-value treatment required
sensor_255,0,0.0,No missing-value treatment required
sensor_256,0,0.0,No missing-value treatment required
sensor_388,0,0.0,No missing-value treatment required
