feature,q1,q3,iqr,lower_bound,upper_bound,outlier_count,outlier_rate
sensor_032,3.3627,3.5313,0.16860000000000008,3.1098,3.7842000000000002,354,0.22619808306709266
sensor_041,74.8,80.2,5.400000000000006,66.69999999999999,88.30000000000001,330,0.21386908619572262
sensor_563,259.9725,265.707,5.734499999999969,251.37075000000007,274.3087499999999,215,0.1661514683153014
sensor_130,-0.8988,0.0473,0.9461,-2.31795,1.46645,238,0.1527599486521181
sensor_545,0.0024,0.0026,0.0002000000000000001,0.0020999999999999994,0.0029,239,0.15271565495207667
sensor_313,0.0915,0.160175,0.06867500000000001,-0.011512500000000023,0.2631875,234,0.14942528735632185
sensor_196,0.218,0.296,0.07799999999999999,0.10100000000000002,0.413,233,0.1490722968650032
sensor_449,0.1877,0.3511,0.16340000000000002,-0.057400000000000034,0.5962000000000001,230,0.14687100893997446
sensor_178,0.222,0.423,0.20099999999999998,-0.07949999999999999,0.7244999999999999,230,0.14687100893997446
sensor_468,4.6975,6.3869,1.6894,2.1633999999999998,8.921,218,0.13947536788227768
sensor_520,4.1603,10.97185,6.8115499999999995,-6.0570249999999985,21.189175,114,0.13380281690140844
sensor_248,0.0192,0.0515,0.032299999999999995,-0.029249999999999995,0.09994999999999998,114,0.13380281690140844
sensor_252,0.0007,0.0013,0.0006,-0.00019999999999999998,0.0021999999999999997,201,0.12827058072750477
sensor_524,0.07305,0.13319999999999999,0.06014999999999998,-0.017174999999999968,0.22342499999999996,199,0.12699425654116145
sensor_042,2.69,3.521,0.831,1.4435,4.7675,195,0.12637718729747247
sensor_060,-1.871575,4.385225,6.2568,-11.256775000000001,13.770425000000001,196,0.12564102564102564
sensor_024,-4371.75,-3352.75,1019.0,-5900.25,-1824.25,194,0.12396166134185303
sensor_117,0.9895,0.9909,0.0013999999999999568,0.9874,0.9929999999999999,192,0.1225271218889598
sensor_390,0.0002,0.0004,0.0002,-0.00010000000000000002,0.0007000000000000001,189,0.1206126356094448
sensor_386,0.0053,0.011325,0.006025,-0.0037375000000000004,0.0203625,101,0.11854460093896714
sensor_546,7.116,8.0207,0.9047000000000001,5.75895,9.377749999999999,185,0.1182108626198083
sensor_336,2.0357,3.3604,1.3247,0.04864999999999986,5.34745,180,0.11531069827033953
sensor_472,5.8073,9.7202,3.9129000000000005,-0.06205000000000105,15.589550000000001,179,0.11467008327994875
sensor_200,6.74,11.46,4.720000000000001,-0.34000000000000075,18.540000000000003,173,0.1108263933376041
sensor_363,0.0095,0.0186,0.009099999999999999,-0.004149999999999999,0.03225,165,0.10883905013192612
sensor_293,0.008725,0.014924999999999999,0.006199999999999999,-0.0005749999999999991,0.024224999999999997,15,0.10869565217391304
sensor_368,0.0026,0.0042,0.0015999999999999999,0.0002000000000000001,0.0066,169,0.108263933376041
sensor_384,0.2955,0.5412,0.24570000000000003,-0.07305000000000006,0.9097500000000001,57,0.10382513661202186
sensor_225,0.029775,0.0613,0.031525,-0.017512499999999997,0.1085875,153,0.10092348284960422
sensor_082,-0.0272,-0.012,0.015199999999999998,-0.049999999999999996,0.010799999999999997,154,0.09980557355800389
sensor_163,451.0,6384.0,5933.0,-8448.5,15283.5,156,0.09968051118210862
sensor_298,210.9366,3190.6164,2979.6798,-4258.5831,7660.1361,154,0.09840255591054313
sensor_497,16.342299999999998,32.438475,16.096175,-7.801962499999998,56.58273749999999,149,0.09828496042216359
sensor_544,0.0078,0.009,0.0011999999999999997,0.006,0.010799999999999999,153,0.09776357827476038
sensor_158,0.027049999999999998,0.048875,0.021825000000000004,-0.005687500000000005,0.0816125,13,0.09420289855072464
sensor_246,0.9115,1.7618,0.8503000000000001,-0.3639500000000002,3.0372500000000002,51,0.09289617486338798
sensor_495,0.139,0.563,0.42399999999999993,-0.4969999999999999,1.1989999999999998,144,0.09189534141671984
sensor_518,0.8903,1.7597,0.8694000000000001,-0.41380000000000006,3.0638,50,0.09107468123861566
sensor_426,3.7662,6.8835,3.1172999999999997,-0.9097499999999994,11.559449999999998,140,0.08951406649616368
sensor_040,118.0156,118.9396,0.9239999999999924,116.62960000000001,120.32559999999998,139,0.08876117496807152
sensor_369,0.0022,0.0036,0.0013999999999999998,0.0001000000000000007,0.005699999999999999,138,0.08840486867392697
sensor_223,0.0014,0.0055,0.0040999999999999995,-0.004749999999999999,0.011649999999999999,138,0.08806636885768986
sensor_347,2.5327,4.0857,1.553,0.20320000000000027,6.4152000000000005,68,0.08796895213454076
sensor_361,0.0004,0.0018,0.0014,-0.0017,0.0039,136,0.08679004467134652
sensor_162,1321.0,5034.0,3713.0,-4248.5,10603.5,134,0.08562300319488818
sensor_111,100.389,102.0781,1.6891000000000105,97.85534999999999,104.61175000000003,47,0.08561020036429873
sensor_160,411.0,966.0,555.0,-421.5,1798.5,133,0.08498402555910543
sensor_590,44.3686,114.7497,70.3811,-61.203050000000005,220.32135,133,0.08492975734355045
sensor_295,185.0898,428.5545,243.46470000000002,-180.10725000000005,793.7515500000001,131,0.08370607028753993
sensor_559,0.9552,1.0008,0.04559999999999986,0.8868000000000003,1.0691999999999997,130,0.08301404853128991
sensor_341,0.0346,0.0668,0.0322,-0.013699999999999997,0.1151,128,0.08199871877001921
sensor_297,603.0329,2341.2887,1738.2558,-2004.3507999999997,4948.6723999999995,128,0.0817891373801917
sensor_484,81.31615,262.86525,181.5491,-191.00750000000005,535.1889000000001,122,0.07906675307841866
sensor_145,0.0839,0.1327,0.04880000000000001,0.010699999999999987,0.20590000000000003,123,0.07859424920127796
sensor_068,0.8907,1.065,0.1742999999999999,0.6292500000000002,1.32645,121,0.07751441383728379
sensor_288,0.114875,0.19845,0.08357499999999998,-0.010487499999999983,0.32381249999999995,120,0.07672634271099744
sensor_025,-1476.0,1377.25,2853.25,-5755.875,5657.125,119,0.07603833865814696
sensor_431,6.9997,17.4231,10.4234,-8.6354,33.0582,117,0.07476038338658147
sensor_072,87.4842,115.4989,28.014700000000005,45.462149999999994,157.52095000000003,116,0.07431133888532991
sensor_094,-0.0016,0.001,0.0026,-0.0055,0.0049,116,0.07412140575079872
sensor_418,5.7655,9.1688,3.403299999999999,0.6605500000000015,14.273749999999998,116,0.07412140575079872
sensor_107,-0.001,0.0016,0.0026,-0.0049,0.0055,115,0.07367072389493914
sensor_433,31.0324,120.1729,89.1405,-102.67835000000002,253.88365000000002,115,0.07348242811501597
sensor_280,0.0283,0.0458,0.0175,0.0020499999999999963,0.07205,112,0.07156549520766774
sensor_205,0.1143,0.2307,0.11639999999999999,-0.06029999999999998,0.4053,111,0.07110826393337603
sensor_153,0.37375,0.679925,0.306175,-0.08551249999999994,1.1391875,109,0.06969309462915602
sensor_228,0.0132,0.0212,0.008,0.0011999999999999997,0.0332,109,0.06964856230031949
sensor_582,46.1849,116.53914999999999,70.35425,-59.346475,222.07052499999998,43,0.06957928802588997
sensor_477,11.5771,23.7372,12.160100000000002,-6.663050000000004,41.97735,108,0.06918641896220372
sensor_486,50.38355,288.89345000000003,238.50990000000002,-307.3813,646.6583,104,0.06740116655865197
sensor_485,76.4554,294.66705,218.21165000000002,-250.86207500000006,621.9845250000001,102,0.0661049902786779
sensor_574,0.24225,0.3669,0.12465000000000001,0.05527499999999999,0.553875,103,0.06573069559668156
sensor_349,0.018,0.0273,0.009300000000000003,0.004049999999999995,0.04125000000000001,100,0.06480881399870382
sensor_332,0.0688,0.0956,0.026800000000000004,0.028599999999999993,0.1358,101,0.06461932181701856
sensor_211,0.0656,0.09945000000000001,0.033850000000000005,0.014824999999999998,0.15022500000000003,99,0.06416072585871678
sensor_038,66.04065,66.343275,0.30262500000000614,65.58671249999999,66.79721250000001,99,0.06321839080459771
sensor_007,97.92,104.5867,6.666699999999992,87.91995000000001,114.58674999999998,98,0.06310367031551835
sensor_383,0.0004,0.0008,0.0004,-0.00020000000000000004,0.0014000000000000002,34,0.061930783242258654
sensor_366,0.0038,0.0058,0.0019999999999999996,0.0008000000000000008,0.008799999999999999,96,0.06134185303514377
sensor_576,0.0751,0.11215,0.03705,0.019525,0.167725,95,0.06062539885130823
sensor_571,530.7027,534.3564,3.653699999999958,525.22215,539.8369499999999,94,0.05998723675813657
sensor_274,18.2471,22.0973,3.850200000000001,12.471799999999998,27.872600000000002,93,0.05988409529942048
sensor_578,11.50155,17.0809,5.57935,3.1325249999999993,25.449925,92,0.058710912571793235
sensor_139,50.9001,62.9001,12.0,32.9001,80.90010000000001,91,0.05859626529298133
sensor_080,-0.0108,0.0132,0.024,-0.04680000000000001,0.04920000000000001,90,0.05832793259883344
sensor_511,35.3222,64.2487,28.926499999999997,-8.06754999999999,107.63844999999999,91,0.058146964856230034
sensor_275,81.2156,162.0382,80.8226,-40.018299999999996,283.27209999999997,90,0.05795235028976175
sensor_282,0.0119,0.0166,0.004699999999999999,0.004850000000000002,0.023649999999999997,89,0.05686900958466454
sensor_307,0.0331,0.0552,0.0221,-5.000000000000143e-05,0.08835,89,0.05683269476372925
sensor_412,2.3213,2.8532,0.5319000000000003,1.5234499999999995,3.6510500000000006,88,0.056664520283322604
sensor_581,0.0034,0.006475,0.003075,-0.0012125000000000005,0.0110875,35,0.05663430420711974
sensor_570,15.4662,24.772175,9.305975,1.5072375000000005,38.7311375,73,0.05641421947449768
sensor_577,1.40845,1.902,0.49354999999999993,0.6681250000000001,2.6423249999999996,88,0.05615826419910657
sensor_573,7.5,10.13,2.630000000000001,3.554999999999999,14.075000000000003,87,0.05552010210593491
sensor_002,2452.2475000000004,2538.8225,86.57499999999982,2322.3850000000007,2668.685,86,0.05512820512820513
sensor_147,0.0423,0.0615,0.019200000000000002,0.013499999999999995,0.0903,86,0.054952076677316296
sensor_575,2.56785,3.4925,0.9246500000000002,1.1808749999999997,4.879475,86,0.05488194001276324
sensor_039,86.5783,87.0024,0.4240999999999957,85.94215,87.63854999999998,85,0.05427841634738186
sensor_561,0.0362,0.089,0.05279999999999999,-0.04299999999999999,0.1682,85,0.05427841634738186
sensor_140,243.786,502.2059,258.4199,-143.84384999999997,889.83575,84,0.0540888602704443
sensor_229,0.0126,0.02,0.0074,0.0014999999999999996,0.031100000000000003,84,0.0536741214057508
sensor_106,-0.0019,0.0011,0.003,-0.0064,0.005600000000000001,83,0.053171044202434334
sensor_172,0.0798,0.1403,0.06050000000000001,-0.01095000000000003,0.23105000000000003,83,0.05300127713920817
sensor_432,11.059,21.7652,10.7062,-5.000300000000001,37.8245,82,0.0523961661341853
sensor_092,-0.0429,0.0507,0.0936,-0.1833,0.1911,80,0.05124919923126201
sensor_118,57.9783,59.1339,1.1555999999999997,56.2449,60.8673,80,0.05105296745373325
sensor_245,0.0012,0.0026,0.0014,-0.0009,0.004699999999999999,28,0.051001821493624776
sensor_099,-0.2188,0.1893,0.4081,-0.83095,0.80145,79,0.05060858424087124
sensor_443,0.90765,1.577825,0.6701750000000001,-0.09761250000000021,2.5830875000000004,79,0.05044699872286079
sensor_584,0.0116,0.0165,0.004900000000000002,0.004249999999999997,0.023850000000000003,79,0.05044699872286079
sensor_212,0.0438,0.0642,0.020399999999999995,0.013200000000000007,0.09479999999999998,77,0.049902786779001944
sensor_586,2.3065,3.295175,0.9886749999999997,0.8234875000000006,4.7781875,78,0.04980842911877394
sensor_156,0.24,0.45,0.21000000000000002,-0.07500000000000007,0.7650000000000001,77,0.04945407835581246
sensor_429,1.9355,3.609,1.6735,-0.5747500000000001,6.11925,77,0.04945407835581246
sensor_213,0.0325,0.06245,0.029949999999999997,-0.012424999999999992,0.107375,76,0.0492546986390149
sensor_367,0.0035,0.0054,0.0019000000000000002,0.00065,0.00825,77,0.049201277955271565
sensor_346,4.4406,6.8255,2.3849,0.8632499999999999,10.40285,38,0.04915912031047866
sensor_567,2.0902,3.098725,1.0085250000000001,0.5774124999999997,4.6115125,63,0.04868624420401855
sensor_580,0.0106,0.02,0.0094,-0.0035000000000000014,0.034100000000000005,30,0.04854368932038835
sensor_413,18.4079,38.1397,19.731799999999996,-11.189799999999995,67.7374,75,0.04829362524146812
sensor_517,0.1215,0.2649,0.14340000000000003,-0.09360000000000004,0.4800000000000001,26,0.04735883424408015
sensor_113,0.4593,0.466425,0.0071249999999999925,0.44861249999999997,0.47711249999999994,40,0.046948356807511735
sensor_350,0.0196,0.0286,0.009000000000000001,0.006099999999999998,0.0421,72,0.046662346079066754
sensor_356,0.0212,0.0423,0.021099999999999997,-0.010449999999999997,0.07394999999999999,72,0.046662346079066754
sensor_296,130.2203,273.9526,143.7323,-85.37815,489.55105000000003,73,0.04664536741214057
sensor_093,-0.0012,0.002,0.0031999999999999997,-0.005999999999999999,0.0068,73,0.04664536741214057
sensor_097,-0.0886,0.122,0.2106,-0.4045,0.4379,72,0.04612427930813581
sensor_161,295.0,625.0,330.0,-200.0,1120.0,72,0.04600638977635783
sensor_146,0.048,0.0718,0.0238,0.012299999999999998,0.10750000000000001,72,0.04600638977635783
sensor_550,0.22625,0.8503499999999999,0.6240999999999999,-0.7098999999999998,1.7864999999999998,60,0.045906656465187455
sensor_490,112.85925,377.1442,264.28495,-283.568175,773.571625,69,0.04471808165910564
sensor_416,4.9274,7.5707,2.643300000000001,0.9624499999999983,11.535650000000002,69,0.044430135222150675
sensor_414,11.3758,29.3073,17.9315,-15.52145,56.20455,68,0.0437862202189311
sensor_492,1.7471,2.8398,1.0926999999999998,0.10805000000000042,4.4788499999999996,68,0.04372990353697749
sensor_351,0.0146,0.0285,0.013900000000000001,-0.00625,0.049350000000000005,67,0.04342190537913156
sensor_475,23.1565,45.169475000000006,22.012975000000004,-9.862962500000002,78.18893750000001,66,0.04230769230769231
sensor_065,17.364800000000002,22.813625,5.448824999999996,9.191562500000009,30.986862499999994,66,0.04230769230769231
sensor_197,5.04,9.555,4.515,-1.732499999999999,16.3275,66,0.04230769230769231
sensor_215,0.0568,0.09355,0.03674999999999999,0.0016750000000000168,0.14867499999999997,65,0.04212572909915749
sensor_553,0.0949,0.35845,0.26355,-0.30042500000000005,0.7537750000000001,55,0.042081101759755164
sensor_589,0.0033,0.0064,0.0031000000000000003,-0.0013500000000000005,0.01105,65,0.041507024265644954
sensor_157,0.036250000000000004,0.0667,0.03044999999999999,-0.009424999999999982,0.11237499999999997,65,0.041480536056158264
sensor_430,2.5713999999999997,4.7558,2.1844,-0.7052000000000005,8.032399999999999,65,0.041480536056158264
sensor_474,24.9008,47.727850000000004,22.827050000000003,-9.339775000000007,81.96842500000001,64,0.041025641025641026
sensor_136,92.0,127.0,35.0,39.5,179.5,64,0.040973111395646605
sensor_436,3.4944,5.8228,2.3284,0.00180000000000069,9.3154,64,0.04089456869009585
sensor_358,0.0007,0.0011,0.0004000000000000001,9.999999999999994e-05,0.0017000000000000001,63,0.04051446945337621
sensor_220,0.0023,0.0038,0.0015,4.99999999999997e-05,0.00605,63,0.04051446945337621
sensor_206,6.04,9.94,3.8999999999999995,0.1900000000000004,15.79,62,0.03971812940422806
sensor_478,4.1054,6.7038,2.5984,0.20780000000000065,10.6014,62,0.03971812940422806
sensor_434,10.0271,305.0263,294.9992,-432.47169999999994,747.5251,62,0.03961661341853035
sensor_218,0.0458,0.08635000000000001,0.04055000000000001,-0.015025000000000018,0.14717500000000003,61,0.03953337653920933
sensor_143,5.11,7.5,2.3899999999999997,1.5250000000000008,11.084999999999999,61,0.039278815196394076
sensor_103,-0.0357,0.0336,0.0693,-0.13965,0.13755,61,0.039077514413837285
sensor_062,10.283,10.5916,0.3086000000000002,9.8201,11.0545,61,0.039077514413837285
sensor_102,-0.0001,0.0001,0.0002,-0.0004,0.0004,61,0.039077514413837285
sensor_409,4.1278,5.7871,1.6593,1.6388499999999997,8.27605,61,0.03905249679897567
sensor_521,1.5521500000000001,2.9036999999999997,1.3515499999999996,-0.47517499999999924,4.931024999999999,61,0.0389278876834716
sensor_202,5.02,9.49,4.470000000000001,-1.6850000000000014,16.195,60,0.038461538461538464
sensor_108,-0.0486,0.049,0.09759999999999999,-0.19499999999999998,0.19539999999999996,60,0.03843689942344651
sensor_165,0.068,0.116,0.048,-0.0040000000000000036,0.188,60,0.038338658146964855
sensor_588,0.0106,0.0203,0.009699999999999999,-0.003949999999999997,0.03484999999999999,60,0.038314176245210725
sensor_249,0.0147,0.0273,0.012600000000000002,-0.004200000000000004,0.046200000000000005,60,0.03828972559029994
sensor_568,0.0382,0.07527500000000001,0.03707500000000001,-0.017412500000000018,0.13088750000000002,49,0.03786707882534776
sensor_437,1.9509,3.8222,1.8713,-0.85605,6.62915,59,0.03769968051118211
sensor_116,721.023,776.7818500000001,55.75885000000005,637.3847249999999,860.4201250000001,59,0.03765156349712827
sensor_461,20.22185,35.278800000000004,15.056950000000004,-2.363575000000008,57.86422500000001,58,0.037037037037037035
sensor_572,1.9829,2.2906500000000003,0.3077500000000002,1.5212749999999997,2.7522750000000005,58,0.037013401403956606
sensor_066,23.056425,29.91495,6.858525,12.7686375,40.2027375,57,0.03653846153846154
sensor_565,4.98,7.8,2.8199999999999994,0.7500000000000018,12.029999999999998,47,0.03632148377125193
sensor_353,0.016,0.0269,0.0109,-0.0003499999999999996,0.04325,56,0.03629293583927414
sensor_302,0.7172,1.0464,0.32920000000000005,0.22339999999999988,1.5402,56,0.03578274760383387
sensor_585,0.0031,0.0041,0.0010000000000000005,0.0015999999999999992,0.005600000000000001,56,0.035759897828863345
sensor_217,0.06955,0.09755,0.027999999999999997,0.027550000000000005,0.13955,55,0.0356448476992871
sensor_342,1.9118,2.9854,1.0735999999999999,0.3014000000000001,4.5958,55,0.035233824471492634
sensor_164,0.091,0.154,0.063,-0.003500000000000003,0.2485,55,0.03514376996805112
sensor_469,38.472775,335.92240000000004,297.449625,-407.70166250000005,782.0968375000001,54,0.03461538461538462
sensor_096,0.0,0.0001,0.0001,-0.00015000000000000001,0.00025,54,0.03459320948110186
sensor_151,4.45925,8.275,3.8157500000000004,-1.2643750000000002,13.998625,54,0.034526854219948847
sensor_167,2.1,3.2,1.1,0.44999999999999996,4.8500000000000005,54,0.03450479233226837
sensor_300,0.0302,0.052,0.021799999999999996,-0.002499999999999992,0.0847,54,0.03450479233226837
sensor_034,8.58,9.0606,0.4806000000000008,7.859099999999999,9.781500000000001,54,0.034482758620689655
sensor_141,0.1317,0.4391,0.3074,-0.3294,0.9002,53,0.03412749517063748
sensor_276,0.0447,0.1449,0.10020000000000001,-0.10560000000000003,0.2952,53,0.03412749517063748
sensor_064,10.3643,16.3761,6.011800000000001,1.3465999999999987,25.393800000000002,53,0.03397435897435897
sensor_470,4.8472,6.0057,1.1585,3.10945,7.74345,53,0.033952594490711085
sensor_334,5.4539,6.5495,1.0956000000000001,3.8104999999999998,8.1929,53,0.033952594490711085
sensor_023,2578.0,2841.75,263.75,2182.375,3237.375,53,0.03386581469648562
sensor_387,0.0048,0.0093,0.0045,-0.0019499999999999995,0.01605,53,0.03382259093809828
sensor_337,8.288525,10.041625,1.7530999999999999,5.658875,12.671275,52,0.03333333333333333
sensor_552,0.87,1.37,0.5000000000000001,0.11999999999999977,2.12,43,0.03289977046671767
sensor_004,1081.8758,1591.2235,509.34770000000003,317.85425,2355.24505,51,0.032839665164198326
sensor_457,8.816575,14.3879,5.571325,0.45958750000000137,22.744887499999997,51,0.032567049808429116
sensor_569,1.8844,2.97085,1.08645,0.2547250000000003,4.600524999999999,42,0.03245749613601236
sensor_278,1.6977,2.5143,0.8166,0.4728000000000001,3.7392,50,0.03219575016097875
sensor_555,0.3438,0.56235,0.21855000000000002,0.01597499999999996,0.890175,42,0.032134659525631215
sensor_333,1.5465499999999999,2.7905249999999997,1.2439749999999998,-0.3194124999999999,4.656487499999999,50,0.03205128205128205
sensor_001,2966.26,3056.65,90.38999999999987,2830.675,3192.2349999999997,50,0.032030749519538756
sensor_100,-0.0298,0.0298,0.0596,-0.1192,0.1192,50,0.032030749519538756
sensor_424,55.976675,92.91149999999999,36.93482499999999,0.5744375000000161,148.31373749999997,50,0.0319693094629156
sensor_292,0.0125,0.0236,0.011099999999999999,-0.0041499999999999974,0.040249999999999994,50,0.03190810465858328
sensor_121,6.2464,6.37585,0.1294499999999994,6.052225000000002,6.570024999999999,50,0.03190810465858328
sensor_279,0.0009,0.0013,0.00039999999999999996,0.00030000000000000003,0.0018999999999999998,49,0.031450577663671375
sensor_074,464.4581,467.8899,3.4318000000000097,459.31039999999996,473.0376,24,0.031047865459249677
sensor_566,0.0877,0.18614999999999998,0.09844999999999998,-0.05997499999999997,0.3338249999999999,40,0.030911901081916538
sensor_005,1.0177,1.5257,0.508,0.25570000000000004,2.2877,48,0.030907920154539602
sensor_198,17.13,21.46,4.330000000000002,10.634999999999996,27.955000000000005,48,0.03074951953875721
sensor_286,1.438175,2.60695,1.168775,-0.31498749999999975,4.3601125,48,0.030690537084398978
sensor_166,0.132,0.255,0.123,-0.05249999999999999,0.4395,47,0.030031948881789138
sensor_435,7.5507,12.7542,5.203500000000001,-0.25455000000000094,20.559450000000002,47,0.030031948881789138
sensor_392,0.0083,0.0124,0.0040999999999999995,0.002150000000000001,0.018549999999999997,46,0.029812054439403757
sensor_526,4.1015,6.3294999999999995,2.2279999999999998,0.7595000000000001,9.671499999999998,46,0.029812054439403757
sensor_020,12.46,12.5471,0.08709999999999951,12.329350000000002,12.67775,46,0.029543994861913937
sensor_481,52.8945,93.1196,40.225100000000005,-7.44315000000001,153.45725000000002,46,0.029468289557975657
sensor_105,-0.0004,0.0004,0.0008,-0.0016,0.0016,46,0.02939297124600639
sensor_299,0.0407,0.0692,0.028499999999999998,-0.0020499999999999963,0.11195,46,0.02939297124600639
sensor_035,50.25235,50.5788,0.32645000000000124,49.762675,51.06847500000001,46,0.02937420178799489
sensor_037,49.4212,49.74765,0.32645000000000124,48.93152499999999,50.237325,46,0.02937420178799489
sensor_083,-0.018,0.0269,0.044899999999999995,-0.08535,0.09425,45,0.02916396629941672
sensor_294,229.80945,403.9893,174.17985000000002,-31.46032500000004,665.259075,4,0.028985507246376812
sensor_301,0.0589,0.1155,0.056600000000000004,-0.026000000000000002,0.20040000000000002,45,0.02875399361022364
sensor_458,3.827525,6.08945,2.261925,0.43463749999999957,9.4823375,45,0.028735632183908046
sensor_226,718.7253499999999,1261.2998,542.5744500000001,-95.13632500000017,2075.161475,43,0.02836411609498681
sensor_127,2.572,2.873,0.30100000000000016,2.1205,3.3245000000000005,44,0.028241335044929396
sensor_185,0.1022,0.16915,0.06695,0.0017750000000000127,0.269575,44,0.0280970625798212
sensor_186,5.39,8.45,3.0599999999999996,0.7999999999999998,13.04,44,0.0280970625798212
sensor_254,0.0245,0.0379,0.013400000000000002,0.004399999999999998,0.05800000000000001,43,0.027867790019442645
sensor_291,0.0649,0.1181,0.0532,-0.014899999999999997,0.1979,43,0.027617212588310854
sensor_271,24.9823,31.7022,6.719900000000003,14.902449999999995,41.782050000000005,43,0.027528809218950064
sensor_439,36.2903,66.6667,30.376400000000004,-9.274300000000004,112.2313,43,0.027476038338658148
sensor_036,64.0248,64.3447,0.31990000000000407,63.54494999999999,64.82455000000002,43,0.027458492975734355
sensor_338,1.54285,2.785475,1.2426249999999999,-0.32108749999999975,4.6494124999999995,42,0.026923076923076925
sensor_109,-0.0649,0.038,0.10289999999999999,-0.21925,0.19235,42,0.026905829596412557
sensor_445,0.8048,0.9888,0.18400000000000005,0.5287999999999999,1.2648000000000001,42,0.02681992337164751
sensor_129,3.074,3.311,0.2370000000000001,2.7184999999999997,3.6665,41,0.02631578947368421
sensor_126,0.9744,1.338,0.36360000000000003,0.42899999999999994,1.8834000000000002,41,0.02631578947368421
sensor_281,0.0142,0.0207,0.006499999999999999,0.0044500000000000026,0.030449999999999998,41,0.02619808306709265
sensor_438,3.0707,4.6786,1.6079000000000003,0.6588499999999997,7.090450000000001,41,0.02619808306709265
sensor_321,0.0312,0.0502,0.019000000000000003,0.002699999999999994,0.0787,41,0.026181353767560665
sensor_355,0.03485,0.05,0.015150000000000004,0.012124999999999993,0.07272500000000001,40,0.02592352559948153
sensor_498,8.15035,14.46905,6.3187,-1.3277,23.9471,39,0.025725593667546173
sensor_081,-0.0445,0.0091,0.053599999999999995,-0.1249,0.0895,39,0.025275437459494492
sensor_270,2.9565,4.3794,1.4229000000000003,0.8221499999999997,6.513750000000001,39,0.025016035920461834
sensor_063,112.0227,120.9273,8.904600000000002,98.66579999999999,134.2842,39,0.024983984625240232
sensor_027,1.9065,2.0032,0.09670000000000001,1.76145,2.14825,39,0.024920127795527155
sensor_026,1.0948,1.3043,0.20950000000000002,0.78055,1.61855,39,0.024920127795527155
sensor_073,145.3053,158.4378,13.132500000000022,125.60654999999996,178.13655000000006,19,0.02457956015523933
sensor_556,27.0176,74.62870000000001,47.61110000000001,-44.39905,146.04535,32,0.02448355011476664
sensor_339,1.9013499999999999,3.40545,1.5041000000000002,-0.35480000000000045,5.6616,38,0.02435897435897436
sensor_335,0.0894,0.2104,0.12100000000000001,-0.09210000000000003,0.3919,38,0.024343369634849454
sensor_214,0.0364,0.0737,0.0373,-0.019549999999999998,0.12965,37,0.023979261179520414
sensor_558,1.1829,1.8156,0.6327,0.23385,2.76465,31,0.023718439173680182
sensor_203,6.094,11.953,5.858999999999999,-2.694499999999999,20.7415,37,0.023717948717948717
sensor_101,-0.0002,0.0002,0.0004,-0.0008,0.0008,37,0.02370275464445868
sensor_455,5.806525,9.576775000000001,3.7702500000000017,0.1511499999999968,15.232150000000004,37,0.02362707535121328
sensor_144,0.0033,0.0049,0.0015999999999999999,0.0009000000000000002,0.007299999999999999,36,0.023106546854942234
sensor_022,-5933.25,-5356.25,577.0,-6798.75,-4490.75,36,0.023003194888178913
sensor_174,0.5168,0.6345,0.11769999999999992,0.34025000000000016,0.8110499999999998,36,0.022988505747126436
sensor_309,0.1976,0.2379,0.0403,0.13715,0.29835,36,0.022988505747126436
sensor_491,38.3911,61.494725,23.103625,3.7356624999999966,96.15016250000001,36,0.022988505747126436
sensor_496,5.2746,7.8972,2.6225999999999994,1.3407000000000013,11.8311,36,0.02297383535417996
sensor_078,-0.0295,0.00925,0.03875,-0.087625,0.06737499999999999,35,0.02268308489954634
sensor_076,-0.019549999999999998,0.0071,0.02665,-0.059524999999999995,0.047075,35,0.02268308489954634
sensor_017,9.567625,10.128175,0.560550000000001,8.726799999999997,10.969000000000001,35,0.02237851662404092
sensor_251,76.13215,131.7584,55.62625,-7.3072250000000025,215.19777499999998,35,0.022335673261008295
sensor_114,0.9386,0.9523,0.013700000000000045,0.9180499999999999,0.9728500000000001,35,0.022335673261008295
sensor_089,1777.4703,1841.873,64.4027000000001,1680.8662499999998,1938.4770500000002,35,0.022335673261008295
sensor_523,10.1828,17.808950000000003,7.626150000000003,-1.2564250000000037,29.248175000000007,35,0.022335673261008295
sensor_352,0.0166,0.0339,0.0173,-0.00935,0.05985,34,0.0220349967595593
sensor_095,-0.0001,0.0001,0.0002,-0.0004,0.0004,34,0.021780909673286355
sensor_364,228.682525,412.329775,183.64724999999999,-46.78834999999998,687.8006499999999,33,0.021767810026385226
sensor_159,721.67505,1277.750125,556.075075,-112.4375624999999,2111.8627375,3,0.021739130434782608
sensor_440,48.1738,84.9734,36.7996,-7.025599999999997,140.1728,34,0.021725239616613417
sensor_219,2.9461000000000004,4.40475,1.4586499999999996,0.758125000000001,6.592725,34,0.021711366538952746
sensor_542,7.49575,11.2384,3.7426500000000003,1.8817750000000002,16.852375000000002,33,0.021167415009621552
sensor_045,9.925425,10.152474999999999,0.22704999999999842,9.584850000000003,10.493049999999997,33,0.0210727969348659
sensor_317,5.301525,6.5478000000000005,1.2462750000000007,3.432112499999999,8.417212500000002,33,0.0210727969348659
sensor_579,0.0138,0.0277,0.0139,-0.007050000000000001,0.048549999999999996,13,0.021035598705501618
sensor_488,55.55515,397.50609999999995,341.9509499999999,-457.37127499999986,910.4325249999998,32,0.020738820479585224
sensor_055,4.816,4.869,0.052999999999999936,4.7364999999999995,4.948499999999999,32,0.020473448496481125
sensor_378,0.0013,0.0018,0.0005,0.0005499999999999999,0.00255,32,0.020447284345047924
sensor_587,0.013425,0.0276,0.014175,-0.0078375,0.0488625,32,0.020434227330779056
sensor_119,0.5941,0.6034,0.009300000000000086,0.5801499999999998,0.6173500000000002,31,0.020090732339598186
sensor_003,2181.0444,2218.0555,37.011099999999715,2125.5277500000007,2273.5721499999995,31,0.019961365099806824
sensor_547,0.7975,1.2855500000000002,0.4880500000000002,0.06542499999999973,2.0176250000000007,26,0.019892884468247895
sensor_322,1.670075,2.63335,0.9632750000000001,0.22516249999999993,4.0782625,31,0.01979565772669221
sensor_208,16.35,22.37,6.02,7.320000000000002,31.4,30,0.019218449711723255
sensor_425,1.9652500000000002,3.470975,1.505725,-0.2933374999999998,5.7295625,30,0.01918158567774936
sensor_011,-0.0056,0.0059,0.0115,-0.022850000000000002,0.02315,30,0.019169329073482427
sensor_128,0.5489,0.7135,0.16459999999999997,0.3020000000000001,0.9603999999999999,29,0.018613607188703467
sensor_054,4.574,4.617,0.04300000000000015,4.509499999999999,4.6815,29,0.018554062699936022
sensor_152,8.08975,14.347249999999999,6.2574999999999985,-1.2964999999999964,23.733499999999996,29,0.01854219948849105
sensor_021,1.3965,1.415,0.01849999999999996,1.3687500000000001,1.44275,29,0.018506700701978303
sensor_554,6.7381,8.63715,1.89905,3.8895250000000003,11.485725,24,0.018362662586074982
sensor_104,-0.0118,-0.0082,0.003599999999999999,-0.0172,-0.002800000000000002,28,0.017891373801916934
sensor_240,0.0036,0.0053,0.0017000000000000001,0.0010499999999999997,0.00785,28,0.017891373801916934
sensor_310,0.1137,0.1476,0.03390000000000001,0.06284999999999998,0.19845000000000002,28,0.017879948914431672
sensor_308,0.1137,0.1476,0.03390000000000001,0.06284999999999998,0.19845000000000002,28,0.017879948914431672
sensor_224,95.14735,144.5028,49.355450000000005,21.114175000000003,218.535975,28,0.017868538608806637
sensor_091,8564.689975,9065.432400000002,500.7424250000022,7813.576337499996,9816.546037500004,27,0.017810026385224276
sensor_471,2.8233,7.0068,4.1835,-3.4519500000000005,13.282050000000002,27,0.01729660474055093
sensor_287,2.4672,4.311425,1.8442249999999998,-0.2991374999999996,7.0777624999999995,27,0.017263427109974423
sensor_033,84.4905,85.7419,1.2514000000000038,82.61339999999998,87.619,27,0.017241379310344827
sensor_122,15.73,15.86,0.129999999999999,15.535000000000002,16.055,26,0.01668806161745828
sensor_134,999.9961,1008.6706,8.67450000000008,986.9843499999998,1021.6823500000002,26,0.01667735728030789
sensor_199,0.296,0.726,0.43,-0.34900000000000003,1.371,26,0.016655989750160152
sensor_057,0.92545,0.9331,0.007650000000000046,0.913975,0.9445750000000002,26,0.016634676903390915
sensor_010,-0.0108,0.0084,0.019200000000000002,-0.0396,0.037200000000000004,26,0.016613418530351438
sensor_389,24.38655,42.65245,18.265900000000002,-3.0123000000000033,70.0513,26,0.016592214422463305
sensor_385,0.8423,1.3866,0.5443,0.02585000000000004,2.20305,9,0.01639344262295082
sensor_135,37.34725,40.8046,3.457349999999998,32.161225,45.990624999999994,25,0.01603592046183451
sensor_408,0.9665,1.4167,0.45020000000000004,0.2912,2.092,25,0.01603592046183451
sensor_480,2.6277,3.6253,0.9976000000000003,1.1312999999999995,5.121700000000001,25,0.016015374759769378
sensor_239,0.0037,0.0057,0.002,0.0007000000000000001,0.0087,25,0.01597444089456869
sensor_447,1.0468,1.2723,0.22550000000000003,0.7085499999999999,1.61055,25,0.015964240102171137
sensor_311,0.27855,0.3319,0.05334999999999995,0.1985250000000001,0.4119249999999999,25,0.015964240102171137
sensor_176,0.6922,0.8439,0.15169999999999995,0.4646500000000001,1.07145,25,0.015964240102171137
sensor_069,145.2373,149.9591,4.721800000000002,138.15460000000002,157.04180000000002,24,0.015374759769378604
sensor_028,5.2637,7.3297,2.066,2.1647000000000003,10.4287,24,0.015335463258785943
sensor_169,0.09,0.151,0.061,-0.0015000000000000013,0.2425,24,0.015335463258785943
sensor_123,3.202,4.392,1.1900000000000004,1.4169999999999994,6.177000000000001,23,0.014762516046213094
sensor_377,0.0013,0.0019,0.0006000000000000001,0.00039999999999999986,0.0028,23,0.014696485623003195
sensor_357,1.0254750000000001,1.533325,0.5078499999999999,0.26370000000000027,2.2950999999999997,23,0.014687100893997445
sensor_209,56.158,90.515,34.357,4.622500000000002,142.0505,22,0.014093529788597053
sensor_344,4.9989,6.8852,1.8863000000000003,2.1694499999999994,9.71465,22,0.014093529788597053
sensor_087,2.37685,2.4286,0.05174999999999974,2.2992250000000007,2.5062249999999997,22,0.014039566049776643
sensor_388,0.0,0.0,0.0,0.0,0.0,22,0.014039566049776643
sensor_115,0.0,0.0,0.0,0.0,0.0,22,0.014039566049776643
sensor_250,0.0,0.0,0.0,0.0,0.0,22,0.014039566049776643
sensor_201,14.155000000000001,20.1625,6.0075,5.143750000000001,29.173750000000002,21,0.013461538461538462
sensor_168,0.9,1.5,0.6,1.1102230246251565e-16,2.4,21,0.0134185303514377
sensor_522,0.0,0.0,0.0,0.0,0.0,21,0.013401403956604978
sensor_493,6.92465,9.078899999999999,2.1542499999999993,3.6932750000000008,12.310274999999997,3,0.01327433628318584
sensor_303,0.2958,0.477,0.18119999999999997,0.024000000000000077,0.7487999999999999,20,0.012779552715654952
sensor_247,2.7259,4.4797,1.7538,0.09520000000000017,7.1104,7,0.012750455373406194
sensor_216,0.0632,0.0983,0.03509999999999999,0.010550000000000018,0.15094999999999997,19,0.012313674659753726
sensor_417,2.6601,4.0107,1.3506,0.6341999999999999,6.0366,18,0.011553273427471117
sensor_476,3.4945,4.7418,1.2472999999999996,1.6235500000000005,6.612749999999999,18,0.011531069827033953
sensor_284,2.2104,3.1462,0.9358,0.8067,4.5499,18,0.011501597444089457
sensor_304,0.03,0.0486,0.0186,0.002100000000000001,0.0765,18,0.011501597444089457
sensor_548,400.694,407.43100000000004,6.737000000000023,390.58849999999995,417.53650000000005,15,0.011476664116296864
sensor_079,-0.0476,0.0122,0.059800000000000006,-0.1373,0.1019,17,0.01101749837977965
sensor_519,1.1712,1.9328,0.7616,0.028799999999999937,3.0752,6,0.01092896174863388
sensor_204,24.653,33.506,8.853000000000002,11.373499999999996,46.7855,17,0.010890454836643177
sensor_340,7.5889,10.4399,2.851,3.3123999999999993,14.7164,17,0.010890454836643177
sensor_345,17.8609,28.8731,11.0122,1.342600000000001,45.391400000000004,17,0.010890454836643177
sensor_058,0.94665,0.952,0.005349999999999966,0.938625,0.9600249999999999,17,0.010876519513755598
sensor_427,0.743425,1.5395,0.7960750000000001,-0.45068750000000013,2.7336125000000004,17,0.010869565217391304
sensor_154,0.007275,0.0149,0.007625,-0.0041624999999999995,0.0263375,17,0.010869565217391304
sensor_453,4.7642,5.913,1.1488000000000005,3.040999999999999,7.6362000000000005,17,0.010855683269476373
sensor_557,3.6251,4.7027,1.0776,2.0087,6.3191,14,0.010711553175210406
sensor_132,0.9964,0.9989,0.0025000000000000577,0.9926499999999998,1.00265,16,0.010269576379974325
sensor_289,0.0024,0.0049,0.0025,-0.00135,0.00865,16,0.010230179028132993
sensor_018,0.9682,0.9768,0.008600000000000052,0.9552999999999998,0.9897,16,0.010230179028132993
sensor_181,16.85,20.9725,4.122499999999999,10.666250000000003,27.15625,16,0.010217113665389528
sensor_551,14.53,19.035,4.505000000000001,7.772499999999998,25.7925,13,0.009946442234123947
sensor_290,2.0921250000000002,3.024525,0.9323999999999999,0.6935250000000004,4.423125,15,0.00959079283887468
sensor_090,0.169375,0.200425,0.031049999999999994,0.1228,0.247,14,0.009234828496042216
sensor_085,0.1298,0.1363,0.006500000000000006,0.12004999999999999,0.14605,14,0.0090032154340836
sensor_124,15.7625,15.9,0.13750000000000107,15.556249999999999,16.106250000000003,14,0.008985879332477536
sensor_473,105.52515,168.410125,62.884975,11.1976875,262.7375875,14,0.008974358974358974
sensor_088,0.9758,0.9897,0.013900000000000023,0.95495,1.01055,14,0.008934269304403318
sensor_362,32.1687,47.0792,14.910499999999999,9.802950000000003,69.44495,14,0.008934269304403318
sensor_221,0.0078,0.0103,0.0025000000000000005,0.004049999999999999,0.01405,2,0.008849557522123894
sensor_359,0.0022,0.0027,0.0005,0.0014500000000000001,0.00345,2,0.008849557522123894
sensor_077,-0.0519,-0.0065,0.0454,-0.12000000000000001,0.06160000000000001,13,0.008425145819831496
sensor_428,3.113225,4.76865,1.6554250000000001,0.6300874999999997,7.251787500000001,13,0.008312020460358057
sensor_421,1.0304,2.2147,1.1843000000000001,-0.7460500000000001,3.99115,13,0.008306709265175719
sensor_148,0.01,0.0213,0.0113,-0.00695,0.03825,13,0.008306709265175719
sensor_283,0.0033,0.0071,0.0038000000000000004,-0.0024000000000000002,0.0128,13,0.008306709265175719
sensor_183,7.7325,13.3375,5.605,-0.6750000000000007,21.745,13,0.008301404853128991
sensor_084,7.104225,7.807625,0.7034000000000002,6.049124999999999,8.862725000000001,13,0.008301404853128991
sensor_008,0.1211,0.1238,0.002699999999999994,0.11705000000000002,0.12785,12,0.007702182284980745
sensor_059,4.5319,4.6686,0.13669999999999938,4.326850000000001,4.873649999999999,12,0.007677543186180422
sensor_019,188.299825,192.189375,3.889550000000014,182.46549999999996,198.02370000000002,12,0.0076726342710997444
sensor_155,5.92695,9.054675,3.127725,1.2353625,13.7462625,12,0.0076726342710997444
sensor_031,0.1617,0.2071,0.045399999999999996,0.09360000000000002,0.2752,12,0.0076677316293929714
sensor_013,198.1307,202.0071,3.876400000000018,192.31609999999995,207.82170000000002,12,0.0076677316293929714
sensor_422,3.1842,4.7843,1.6000999999999999,0.7840500000000001,7.18445,12,0.0076677316293929714
sensor_560,0.14982499999999999,0.4436,0.293775,-0.2908375,0.8842625,12,0.007662835249042145
sensor_015,7.094875,10.861875,3.7669999999999995,1.4443750000000009,16.512375,11,0.007033248081841432
sensor_030,2.0889,2.6556,0.5667,1.2388500000000002,3.50565,11,0.007028753993610224
sensor_046,130.72887500000002,142.098225,11.369349999999997,113.67485000000002,159.15225,11,0.0070242656449553
sensor_182,0.378,0.68875,0.31074999999999997,-0.08812499999999995,1.1548749999999999,11,0.0070242656449553
sensor_360,0.0138,0.025,0.011200000000000002,-0.0030000000000000027,0.041800000000000004,11,0.007019783024888321
sensor_067,698.7702,714.597,15.826799999999935,675.0300000000002,738.3371999999999,10,0.0064061499039077515
sensor_149,6.3599,9.5853,3.2254000000000005,1.521799999999999,14.4234,10,0.006389776357827476
sensor_583,0.4979,0.502375,0.004475000000000007,0.4911875,0.5090875,10,0.006385696040868455
sensor_454,3.747875,6.902475,3.1546,-0.9840249999999995,11.634374999999999,10,0.006385696040868455
sensor_444,0.5505,0.733425,0.182925,0.2761125,1.0078125,9,0.005747126436781609
sensor_562,15.76245,44.1134,28.350949999999997,-26.763974999999995,86.639825,9,0.005747126436781609
sensor_071,612.7745,625.17,12.39549999999997,594.1812500000001,643.76325,8,0.005124919923126201
sensor_012,0.9581,0.9713,0.0132000000000001,0.9382999999999998,0.9911000000000002,8,0.005111821086261981
sensor_175,0.2765,0.3702,0.09369999999999995,0.1359500000000001,0.5107499999999999,8,0.005108556832694764
sensor_051,625.928425,638.1363249999999,12.207899999999995,607.616575,656.448175,8,0.005108556832694764
sensor_173,0.2766,0.3702,0.09359999999999996,0.13620000000000007,0.5105999999999999,8,0.005108556832694764
sensor_525,3.76965,6.4506499999999996,2.6809999999999996,-0.2518499999999997,10.47215,8,0.005105296745373325
sensor_354,0.0302,0.0502,0.02,0.00020000000000000226,0.0802,7,0.004536616979909268
sensor_125,15.7225,15.87,0.14749999999999908,15.501250000000002,16.09125,7,0.004492939666238768
sensor_016,406.12739999999997,419.089275,12.96187500000002,386.6845874999999,438.5320875,7,0.004475703324808184
sensor_318,0.11737500000000001,0.2181,0.10072499999999998,-0.03371249999999998,0.3691875,7,0.004469987228607918
sensor_177,0.19625,0.293925,0.09767499999999998,0.04973750000000002,0.4404375,7,0.004469987228607918
sensor_448,0.2261,0.33882500000000004,0.11272500000000005,0.05701249999999994,0.5079125000000001,7,0.004469987228607918
sensor_049,136.9268,143.19570000000002,6.268900000000031,127.52344999999994,152.59905000000006,7,0.004469987228607918
sensor_494,1.6637499999999998,3.1991,1.5353500000000002,-0.6392750000000005,5.502125,7,0.004467134652201659
sensor_222,0.0402,0.0765,0.0363,-0.014249999999999999,0.13095,7,0.004467134652201659
sensor_253,2.20565,3.79505,1.5894,-0.17845000000000022,6.17915,7,0.004467134652201659
sensor_391,0.67515,1.1482,0.4730500000000001,-0.03442500000000004,1.8577750000000002,7,0.004467134652201659
sensor_564,0.5671,0.768875,0.20177499999999993,0.26443750000000016,1.0715374999999998,5,0.0038639876352395673
sensor_061,350.5964,359.6736,9.077200000000005,336.9806,373.2894,6,0.003843689942344651
sensor_009,1.4112,1.5169,0.1056999999999999,1.25265,1.6754499999999997,6,0.0038338658146964857
sensor_319,2.319725,4.02125,1.7015250000000002,-0.23256250000000023,6.5735375000000005,6,0.0038314176245210726
sensor_460,2.291175,3.3092249999999996,1.0180499999999997,0.7641000000000004,4.8363,6,0.0038314176245210726
sensor_047,724.4423,741.4545,17.012200000000007,698.924,766.9728,6,0.0038314176245210726
sensor_110,0.9788,0.9823,0.0034999999999999476,0.9735500000000001,0.9875499999999999,2,0.0036429872495446266
sensor_056,2836.0,2874.0,38.0,2779.0,2931.0,5,0.003198976327575176
sensor_029,67.3778,72.2667,4.888900000000007,60.04444999999998,79.60005000000001,5,0.003194888178913738
sensor_188,14.504999999999999,20.86,6.355,4.972499999999998,30.3925,5,0.0031928480204342275
sensor_325,7.5786,17.925175,10.346575,-7.941262499999999,33.4450375,5,0.0031928480204342275
sensor_312,0.0776,0.1159,0.0383,0.02015,0.17335,5,0.0031928480204342275
sensor_184,21.171499999999998,31.687,10.515500000000003,5.398249999999994,47.46025,5,0.0031928480204342275
sensor_256,0.3076,0.48095,0.17335,0.04757499999999998,0.7409749999999999,5,0.003190810465858328
sensor_131,0.6887,0.8145,0.12580000000000002,0.49999999999999994,1.0032,4,0.0025673940949935813
sensor_189,24.711,57.67475,32.963750000000005,-24.73462500000001,107.12037500000001,4,0.002554278416347382
sensor_456,2.8996750000000002,4.341925,1.4422499999999996,0.7363000000000008,6.505299999999999,4,0.002554278416347382
sensor_324,4.27295,6.344875,2.0719250000000002,1.1650624999999994,9.4527625,4,0.002554278416347382
sensor_393,0.0015,0.0069,0.0054,-0.0066,0.015,4,0.0025526483726866626
sensor_527,0.4842,2.2116499999999997,1.7274499999999997,-2.106975,4.8028249999999995,4,0.0025526483726866626
sensor_255,0.0047,0.0213,0.0166,-0.0202,0.0462,4,0.0025526483726866626
sensor_528,4.89545,7.594250000000001,2.6988000000000003,0.8472499999999998,11.64245,4,0.0025526483726866626
sensor_170,0.23,0.536,0.30600000000000005,-0.22900000000000006,0.9950000000000001,3,0.0019169329073482429
sensor_320,6.24515,9.481100000000001,3.2359500000000017,1.3912249999999977,14.335025000000003,3,0.0019157088122605363
sensor_044,350.801575,360.77225,9.970674999999972,335.8455625,375.7282624999999,3,0.0019157088122605363
sensor_120,0.9648,0.9783,0.013499999999999956,0.94455,0.9985499999999998,3,0.0019144862795149968
sensor_394,0.1044,0.1604,0.05599999999999998,0.020400000000000043,0.24439999999999995,3,0.0019144862795149968
sensor_112,230.3738,233.0361,2.662300000000016,226.38034999999996,237.02955000000003,1,0.0018214936247723133
sensor_411,3.265075,6.4582999999999995,3.1932249999999995,-1.5247624999999991,11.248137499999999,2,0.001282051282051282
sensor_138,81.3,161.6,80.3,-39.14999999999999,282.04999999999995,2,0.001282051282051282
sensor_273,27.092724999999998,54.277325,27.1846,-13.684175,95.054225,2,0.001282051282051282
sensor_171,0.5756,0.7973,0.2217,0.24305,1.12985,2,0.001277139208173691
sensor_306,0.225,0.3075,0.08249999999999999,0.10125000000000002,0.43124999999999997,2,0.001277139208173691
sensor_541,1.3853,2.4583500000000003,1.0730500000000003,-0.22427500000000045,4.067925000000001,1,0.0006414368184733803
sensor_407,4.5476,8.5852,4.0376,-1.5088,14.6416,1,0.0006414368184733803
sensor_075,0.0,0.0,0.0,0.0,0.0,1,0.0006406149903907751
sensor_343,0.0,0.0,0.0,0.0,0.0,1,0.0006406149903907751
sensor_479,0.0,0.0,0.0,0.0,0.0,1,0.0006406149903907751
sensor_348,0.0,0.0,0.0,0.0,0.0,1,0.0006406149903907751
sensor_210,0.0,0.0,0.0,0.0,0.0,1,0.0006406149903907751
sensor_272,30.0139,59.5947,29.580800000000004,-14.357300000000002,103.9659,1,0.0006406149903907751
sensor_207,0.0,0.0,0.0,0.0,0.0,1,0.0006406149903907751
sensor_441,5.4141,15.7964,10.3823,-10.15935,31.36985,1,0.0006389776357827476
sensor_446,0.5558,0.7484,0.1926,0.26689999999999997,1.0372999999999999,1,0.0006385696040868455
sensor_052,115.508975,206.97715,91.46817499999999,-21.693287499999983,344.1794125,0,0.0
sensor_305,0.0728,0.1785,0.10569999999999999,-0.08574999999999997,0.33704999999999996,0,0.0
sensor_048,0.985,1.34035,0.35534999999999994,0.4519750000000001,1.8733749999999998,0,0.0
sensor_512,0.0,555.2941,555.2941,-832.9411499999999,1388.2352499999997,0,0.0
sensor_406,0.014,0.0323,0.018300000000000004,-0.013450000000000005,0.05975000000000001,0,0.0
sensor_410,3.0128,5.9367,2.9239,-1.3730500000000005,10.32255,0,0.0
sensor_500,0.0,536.2046,536.2046,-804.3069,1340.5115,0,0.0
sensor_268,0.044,0.09165000000000001,0.04765000000000001,-0.027475000000000013,0.16312500000000002,0,0.0
sensor_133,2.2773,2.3583,0.08099999999999996,2.1558,2.4798,0,0.0
sensor_269,13.828,24.653,10.825,-2.4094999999999978,40.890499999999996,0,0.0
sensor_540,1.8899,3.947,2.0571,-1.1957500000000003,7.03265,0,0.0
sensor_489,139.91435,510.64715,370.7328,-416.18485,1066.74635,0,0.0
sensor_543,0.1096,0.1134,0.003799999999999998,0.1039,0.1191,0,0.0
sensor_487,0.0,501.60745,501.60745,-752.411175,1254.018625,0,0.0
sensor_483,0.0,514.5859,514.5859,-771.87885,1286.46475,0,0.0
sensor_549,73.254,78.397,5.143000000000001,65.5395,86.1115,0,0.0
sensor_137,90.0,181.0,91.0,-46.5,317.5,0,0.0
sensor_442,0.6796,0.9276,0.248,0.3076,1.2995999999999999,0,0.0
sensor_086,0.110725,0.1149,0.004174999999999998,0.10446250000000001,0.1211625,0,0.0
sensor_501,0.0,505.401,505.401,-758.1015,1263.5025,0,0.0
sensor_419,0.0,524.0022,524.0022,-786.0033000000001,1310.0055000000002,0,0.0
sensor_420,0.0,582.9352,582.9352,-874.4028000000001,1457.3380000000002,0,0.0
