decision,feature,records,mean_absolute_shap,mean_signed_shap,positive_contribution_rate,rank_within_group
Engineering Review,sensor_104,132,0.012982197500103319,-0.007874944286029115,0.19696969696969696,1.0
Engineering Review,sensor_032,20,0.01255798587583104,-0.01255798587583104,0.0,2.0
Engineering Review,sensor_131,13,0.01109102842696861,-0.010289281679692683,0.07692307692307693,3.0
Engineering Review,sensor_214,23,0.010659591799274658,-0.009503737420252966,0.13043478260869565,4.0
Engineering Review,sensor_034,55,0.009712464933602187,-0.0042814156822646885,0.4909090909090909,5.0
Engineering Review,sensor_248,24,0.009459173162870831,-0.009459173162870831,0.0,6.0
Engineering Review,sensor_352,23,0.008720678919821671,-0.008720678919821671,0.0,7.0
Engineering Review,sensor_066,2,0.008438775469061117,0.008438775469061117,1.0,8.0
Engineering Review,sensor_520,32,0.008280771367613932,-0.005615269802357579,0.21875,9.0
Engineering Review,sensor_060,105,0.008245581405251919,-0.005872202804902801,0.12380952380952381,10.0
Engineering Review,sensor_126,29,0.007113760336134894,-0.006315288362765587,0.06896551724137931,11.0
Engineering Review,sensor_511,67,0.007042736146315846,-0.0033455571785802017,0.22388059701492538,12.0
Engineering Review,sensor_029,24,0.006930728445712166,-0.006930728445712166,0.0,13.0
Engineering Review,sensor_424,27,0.006858517989788453,0.005288069400527356,0.8518518518518519,14.0
Engineering Review,sensor_130,22,0.006818872541736148,-0.005298818912676694,0.13636363636363635,15.0
Engineering Review,sensor_017,2,0.006717302488442465,0.006717302488442465,1.0,16.0
Engineering Review,sensor_065,20,0.006684156992599774,0.002583796912073041,0.55,17.0
Engineering Review,sensor_478,70,0.006519192979153757,-0.0028711356064022144,0.2,18.0
Engineering Review,sensor_342,33,0.006378608021168828,0.0015718249540095323,0.5454545454545454,19.0
Engineering Review,sensor_421,1,0.006329184429028562,0.006329184429028562,1.0,20.0
High Risk,sensor_104,72,0.013640948355316332,0.0072690790866539595,0.7222222222222222,1.0
High Risk,sensor_032,12,0.013048721513445355,-0.013048721513445355,0.0,2.0
High Risk,sensor_214,7,0.011606566068159697,-0.01037373025615267,0.14285714285714285,3.0
High Risk,sensor_060,65,0.010255334907692915,0.0035117197397052952,0.5692307692307692,4.0
High Risk,sensor_065,21,0.009954514151492028,0.009954514151492028,1.0,5.0
High Risk,sensor_352,7,0.008871939018815054,-0.008871939018815054,0.0,6.0
High Risk,sensor_131,2,0.008443727235711325,-0.0030288907984662356,0.5,7.0
High Risk,sensor_248,7,0.008352744088131348,-0.008352744088131348,0.0,8.0
High Risk,sensor_511,40,0.008304388044494876,0.003554375477414359,0.65,9.0
High Risk,sensor_066,14,0.00768752611547019,0.00768752611547019,1.0,10.0
High Risk,sensor_563,2,0.007518104549445678,0.007518104549445678,1.0,11.0
High Risk,sensor_130,4,0.007492031843927171,-0.0048875533906988615,0.25,12.0
High Risk,sensor_034,31,0.007453100583629641,0.0006415672674765833,0.7096774193548387,13.0
High Risk,sensor_126,9,0.007406935720137225,-0.006222072343047582,0.1111111111111111,14.0
High Risk,sensor_342,33,0.007329509400725621,0.00275834823133258,0.5757575757575758,15.0
High Risk,sensor_389,2,0.00732602584209784,-0.00732602584209784,0.0,16.0
High Risk,sensor_478,48,0.007296909158057185,0.0001454693391518319,0.4166666666666667,17.0
High Risk,sensor_125,8,0.007064106479038591,0.0011287157178822248,0.5,18.0
High Risk,sensor_206,37,0.0070448982344727675,0.0011258797261891437,0.4864864864864865,19.0
High Risk,sensor_520,20,0.006967885148386183,0.0007698208832386412,0.65,20.0
Insufficient Evidence,sensor_214,2,0.0134328599279976,-0.0134328599279976,0.0,1.0
Insufficient Evidence,sensor_104,7,0.012340613971555985,0.0022096390600069237,0.5714285714285714,2.0
Insufficient Evidence,sensor_060,6,0.011807597888840789,0.008939881613308007,0.8333333333333334,3.0
Insufficient Evidence,sensor_352,2,0.009189647673535226,-0.009189647673535226,0.0,4.0
Insufficient Evidence,sensor_478,6,0.008319040719053782,0.00035534784393316765,0.3333333333333333,5.0
Insufficient Evidence,sensor_386,1,0.007969020329361557,0.007969020329361557,1.0,6.0
Insufficient Evidence,sensor_065,3,0.007954931265657604,0.007954931265657604,1.0,7.0
Insufficient Evidence,sensor_511,5,0.00734879817356196,0.00473689916696257,0.8,8.0
Insufficient Evidence,sensor_480,1,0.007102931204485909,-0.007102931204485909,0.0,9.0
Insufficient Evidence,sensor_201,1,0.006944147786750588,-0.006944147786750588,0.0,10.0
Insufficient Evidence,sensor_066,3,0.006842912908873119,0.006842912908873119,1.0,11.0
Insufficient Evidence,sensor_342,4,0.006713150569132514,0.0009611585633437913,0.5,12.0
Insufficient Evidence,sensor_470,2,0.00667382782160967,-0.00667382782160967,0.0,13.0
Insufficient Evidence,sensor_206,4,0.006617874870488995,0.0016617412408434465,0.5,14.0
Insufficient Evidence,sensor_015,4,0.006441085020128749,0.000710699576900091,0.5,15.0
Insufficient Evidence,sensor_476,1,0.00642061723800161,0.00642061723800161,1.0,16.0
Insufficient Evidence,sensor_461,1,0.006188869076815158,-0.006188869076815158,0.0,17.0
Insufficient Evidence,sensor_317,2,0.006123958204271345,-0.00016834167120076057,0.5,18.0
Insufficient Evidence,sensor_282,1,0.005619808362611297,-0.005619808362611297,0.0,19.0
Insufficient Evidence,sensor_064,1,0.005595706988742304,0.005595706988742304,1.0,20.0
Low Risk,sensor_034,48,0.013633619980200564,-0.011399505348321355,0.20833333333333334,1.0
Low Risk,sensor_104,99,0.013225087803983236,-0.012259689706509548,0.050505050505050504,2.0
Low Risk,sensor_131,38,0.012703121484096953,-0.012703121484096953,0.0,3.0
Low Risk,sensor_214,34,0.011786160599705955,-0.011786160599705955,0.0,4.0
Low Risk,sensor_032,22,0.011544675462468923,-0.011544675462468923,0.0,5.0
Low Risk,sensor_520,32,0.008825639070102441,-0.008825639070102441,0.0,6.0
Low Risk,sensor_066,1,0.008582962046991927,0.008582962046991927,1.0,7.0
Low Risk,sensor_352,37,0.00830114409494336,-0.00830114409494336,0.0,8.0
Low Risk,sensor_248,33,0.008006225751322538,-0.008006225751322538,0.0,9.0
Low Risk,sensor_060,79,0.007991679451834847,-0.007991679451834847,0.0,10.0
Low Risk,sensor_126,36,0.007109687068719307,-0.007109687068719307,0.0,11.0
Low Risk,sensor_424,14,0.006991110195653914,0.0023093730183576544,0.5714285714285714,12.0
Low Risk,sensor_130,25,0.0068060530063357725,-0.005572464915459014,0.12,13.0
Low Risk,sensor_029,22,0.0067081869009930125,-0.0067081869009930125,0.0,14.0
Low Risk,sensor_478,45,0.0065632191080083006,-0.00448815716654127,0.1111111111111111,15.0
Low Risk,sensor_511,56,0.006480936285050637,-0.004737011668205035,0.10714285714285714,16.0
Low Risk,sensor_317,26,0.006423292615989045,-0.006423292615989045,0.0,17.0
Low Risk,sensor_133,1,0.00628862841657644,0.00628862841657644,1.0,18.0
Low Risk,sensor_206,38,0.006184407815553293,-0.0033560253244056194,0.18421052631578946,19.0
Low Risk,sensor_153,8,0.006061324557251804,0.006061324557251804,1.0,20.0
