feature,mean_absolute_shap,mean_signed_shap,positive_contribution_rate,relative_importance,cumulative_importance
sensor_104,0.013069512256550474,-0.005465406969755012,0.2802547770700637,0.029655553134588022,0.029655553134588022
sensor_060,0.0075707665984331395,-0.003336897781588248,0.22611464968152867,0.017178550103648327,0.04683410323823635
sensor_034,0.005640125658720066,-0.001645031969741628,0.6050955414012739,0.012797803228968587,0.05963190646720494
sensor_478,0.005146321673113297,-0.0020225048755250804,0.24522292993630573,0.011677330632457326,0.07130923709966226
sensor_511,0.005126153373235079,-0.001876544345963447,0.27388535031847133,0.011631567479484801,0.08294080457914707
sensor_206,0.004741401365800474,-0.0014994364854557973,0.2898089171974522,0.010758540745499562,0.09369934532464663
sensor_342,0.004018094913999238,-0.0011709481266673097,0.30254777070063693,0.009117312481359018,0.10281665780600566
sensor_065,0.003972636906896749,-0.0015948038444535038,0.1592356687898089,0.009014165376971502,0.11183082318297716
sensor_214,0.003767018168478027,-0.0011888640458637138,0.7420382165605095,0.008547603404118446,0.1203784265870956
sensor_131,0.0033713330702617138,-0.0007697582979402488,0.7834394904458599,0.00764976879297316,0.12802819538006877
sensor_432,0.0033387310090182126,-0.0009613789929963398,0.44904458598726116,0.007575792646004158,0.13560398802607293
sensor_317,0.0033293075405646496,-0.001122813360759565,0.4012738853503185,0.007554410197757347,0.14315839822383028
sensor_352,0.003288687679344921,-0.0007794298203615374,0.6656050955414012,0.007462241153566925,0.1506206393773972
sensor_424,0.00323745160474818,-0.001041808467938498,0.20063694267515925,0.0073459832471672575,0.15796662262456446
sensor_015,0.0031711568989159777,-0.0011228655649412193,0.21656050955414013,0.007195556350374426,0.16516217897493887
sensor_181,0.0031184723253500236,-0.0010223517711098096,0.37579617834394907,0.007076011707843854,0.17223819068278273
sensor_520,0.0029636616937304136,-0.0012689235347210874,0.3248407643312102,0.006724736555284625,0.17896292723806737
sensor_032,0.002956236991687566,-0.001386463158522191,0.7802547770700637,0.006707889434931698,0.18567081667299906
sensor_153,0.002714872744206728,-0.0005114934736774036,0.24522292993630573,0.006160218632421809,0.19183103530542087
sensor_126,0.002677591487098,-0.0010271657380530501,0.6178343949044586,0.006075625092937732,0.1979066603983586
sensor_130,0.00258924267904711,-0.0009213939327973827,0.4713375796178344,0.005875156037926325,0.20378181643628493
sensor_282,0.0025806900219890404,-0.0009305347249715499,0.4745222929936306,0.005855749516026445,0.20963756595231137
sensor_248,0.0025668358981671175,-0.000974130851848181,0.7738853503184714,0.005824313629432568,0.21546187958174393
sensor_456,0.002563959232464956,-0.0007599137478116331,0.3821656050955414,0.005817786292305803,0.22127966587404974
sensor_103,0.0025343651631142715,-0.00021967428950988788,0.4171974522292994,0.005750635469928477,0.22703030134397822
sensor_066,0.0025074090187442327,-0.0012380724268410343,0.16878980891719744,0.005689470266822397,0.23271977161080062
sensor_184,0.0024872249936056853,-0.0007478807824801987,0.42356687898089174,0.005643671432235739,0.23836344304303636
sensor_453,0.0024421705107965422,-0.0008713570677459093,0.3535031847133758,0.005541439950090852,0.2439048829931272
sensor_489,0.002277990359441757,-0.00019136266278353825,0.27388535031847133,0.005168904762352208,0.24907378775547942
sensor_082,0.0022416848564976223,-0.00028024944392578344,0.31528662420382164,0.005086525271021297,0.2541603130265007
sensor_125,0.002241078554835616,-0.0008702851599152346,0.4554140127388535,0.005085149534054203,0.2592454625605549
sensor_201,0.002190136605951928,-0.0007848111027439731,0.6178343949044586,0.00496955901757242,0.2642150215781273
sensor_426,0.0021803101367629347,-0.0007209066219438263,0.22929936305732485,0.004947262135069132,0.26916228371319645
sensor_271,0.0021685466534619438,-0.0004138263402928996,0.43312101910828027,0.004920570044558599,0.27408285375775504
sensor_022,0.0021662133160004044,-0.0006679024694971138,0.445859872611465,0.004915275553707425,0.27899812931146245
sensor_578,0.002142350496928254,-0.0004202111102653613,0.6719745222929936,0.004861129302107215,0.28385925861356964
sensor_029,0.0021269155611019558,-0.0009185519579570208,0.6592356687898089,0.00482610645270468,0.28868536506627435
sensor_469,0.002117796661550813,-0.0009060034394209537,0.43312101910828027,0.0048054150906354995,0.2934907801569098
sensor_064,0.0021176095717217107,-0.0005005557413547102,0.17197452229299362,0.004804990571934344,0.29829577072884417
sensor_470,0.002081092500518706,-0.00028065820008834106,0.6273885350318471,0.004722131018790923,0.3030179017476351
sensor_386,0.002067490866314286,-0.0005170052961878264,0.20063694267515925,0.004691268047170521,0.3077091697948056
sensor_378,0.0020212613685928,-0.0005817976293899972,0.5509554140127388,0.004586370381584132,0.3122955401763897
sensor_512,0.0019709791892006784,-0.0003433929234855607,0.25796178343949044,0.004472276923969554,0.3167678171003593
sensor_589,0.0019707125791139954,-0.00025735321267209157,0.4554140127388535,0.0044716719687549564,0.32123948906911426
sensor_123,0.0019428448148545152,-0.00025958330799598155,0.47770700636942676,0.004408438242238118,0.3256479273113524
sensor_418,0.0019414220564093919,-0.0004870080868691438,0.4585987261146497,0.0044052099129907206,0.3300531372243431
sensor_299,0.001906618331233805,-0.000441391965967943,0.4585987261146497,0.0043262380507692435,0.33437937527511236
sensor_447,0.0018703759314595064,-0.0005288987521586627,0.4872611464968153,0.004244001744537309,0.3386233770196497
sensor_588,0.0017896201393331139,-0.0003856870963675599,0.3980891719745223,0.004060761724763069,0.3426841387444127
sensor_147,0.0017819419781399685,-0.0006208075066247269,0.42356687898089174,0.0040433394895051985,0.3467274782339179
sensor_320,0.0017714153729915497,-0.0005569932033009493,0.43630573248407645,0.004019453954056138,0.35074693218797404
sensor_228,0.0017585185807478996,-0.0003729491249506597,0.5031847133757962,0.003990190313597358,0.3547371225015714
sensor_173,0.0017358750781282608,-0.00034804376216105484,0.5859872611464968,0.003938810768446137,0.35867593327001757
sensor_056,0.001731604060818457,-0.00013994451039138077,0.25796178343949044,0.003929119558989858,0.3626050528290074
sensor_011,0.0017277400964977496,-0.00026107492397869903,0.37898089171974525,0.003920351978610915,0.3665254048076183
sensor_476,0.0017193743728094412,-0.0004877329047080955,0.23248407643312102,0.0039013696203960115,0.3704267744280143
sensor_288,0.0017063537540733368,-0.0004954567418152563,0.23885350318471338,0.003871825009763719,0.37429859943777805
sensor_296,0.0016733105609424432,-0.0005038066724209463,0.5318471337579618,0.003796847906533372,0.37809544734431144
sensor_087,0.0016545635432465616,-0.00019033539748209083,0.554140127388535,0.0037543097330742493,0.38184975707738567
sensor_041,0.001652029497109077,-0.0005151552280098555,0.3630573248407643,0.00374855982149373,0.3855983168988794
sensor_389,0.001626320378896371,-0.0006122799702822613,0.6464968152866242,0.0036902241999162548,0.3892885410987957
sensor_308,0.001622330600027443,-0.0005262227999742904,0.5987261146496815,0.0036811711383390373,0.3929697122371347
sensor_001,0.001584593299532439,-0.0005069186209358953,0.31528662420382164,0.0035955428074558706,0.3965652550445906
sensor_182,0.001577550220516713,-0.00042786980843481675,0.4171974522292994,0.0035795616139819306,0.40014481665857254
sensor_434,0.0015530266812269593,-0.0003989597925905201,0.2643312101910828,0.0035239161462567717,0.4036687328048293
sensor_092,0.0015418067255082723,-0.00043076212315618036,0.4713375796178344,0.003498457354340763,0.4071671901591701
sensor_421,0.0015369507987525923,-0.0002757173561039352,0.3471337579617834,0.0034874389482140488,0.41065462910738415
sensor_310,0.0015353274958114528,-0.00042204174558231345,0.5955414012738853,0.00348375557077199,0.4141383846781561
sensor_079,0.0015006480928975161,-0.00055642096012397,0.31528662420382164,0.0034050658036558082,0.4175434504818119
sensor_564,0.0014999905831662892,-0.00030464024013043833,0.7707006369426752,0.0034035738723282916,0.4209470243541402
sensor_480,0.0014973888287373644,-0.0004526256820761736,0.5477707006369427,0.0033976703263354827,0.4243446946804757
sensor_069,0.0014901842037036627,-0.00019691496516252696,0.445859872611465,0.0033813225746896903,0.4277260172551654
sensor_023,0.001488292646566318,-0.0005574568686357788,0.40445859872611467,0.0033770305114441384,0.4311030477666095
sensor_334,0.0014871682935955058,-0.0005254057580708065,0.37579617834394907,0.003374479283164656,0.43447752704977416
sensor_332,0.0014838313464895744,-0.0005106823377304371,0.3343949044585987,0.003366907538308021,0.4378444345880822
sensor_161,0.001442628443113918,-0.000454472642897071,0.5,0.003273415534446618,0.4411178501225288
sensor_337,0.0014319868665131213,-0.0004098320550606765,0.42038216560509556,0.003249269121472213,0.444367119244001
sensor_574,0.0014258143025429348,-0.00030859703349831754,0.5191082802547771,0.0032352631819083425,0.4476023824259094
sensor_176,0.0014041872342420289,-0.0003654465963405346,0.5063694267515924,0.0031861899907629403,0.4507885724166723
sensor_127,0.0014037137171727997,-0.00038818550129120135,0.5095541401273885,0.0031851155504677695,0.45397368796714005
sensor_524,0.0014024204598818062,-0.0003314460592611129,0.3248407643312102,0.003182181067561529,0.45715586903470157
sensor_148,0.001387629639784351,-0.0004348456063944513,0.2643312101910828,0.003148619757644675,0.46030448879234626
sensor_572,0.001385712095461352,-0.0004652280367125808,0.4012738853503185,0.003144268727824865,0.4634487575201711
sensor_431,0.0013855528147023856,-0.000401077810100157,0.5828025477707006,0.003143907309669533,0.46659266482984063
sensor_208,0.0013798880266225203,-0.00043216765160275045,0.5923566878980892,0.0031310535458410915,0.4697237183756817
sensor_344,0.0013765384915674149,-0.00028415649654025914,0.49363057324840764,0.0031234532381285325,0.47284717161381024
sensor_406,0.0013734461418094719,-0.00013099571047716906,0.3184713375796178,0.0031164365001847393,0.47596360811399496
sensor_017,0.0013698183521740307,-0.0006686384529625594,0.3853503184713376,0.003108204815162139,0.4790718129291571
sensor_429,0.0013317098274612906,-0.000281635376290013,0.31210191082802546,0.003021734152958735,0.4820935470821159
sensor_062,0.0013173409482409514,-0.0004485458287277451,0.3184713375796178,0.002989130253682412,0.4850826773357983
sensor_444,0.0012932924666685908,-0.00047330982189643214,0.6560509554140127,0.0029345627220809275,0.4880172400578792
sensor_101,0.001293039964638355,-0.0004846018755760184,0.2515923566878981,0.002933989778942174,0.4909512298368214
sensor_036,0.0012848202343006536,-0.0005500040516305894,0.5414012738853503,0.0029153386889093752,0.49386656852573074
sensor_548,0.0012750014038940343,-0.0005558562154716441,0.6815286624203821,0.0028930591392883043,0.496759627665019
sensor_427,0.0012717352322233733,-0.0003050366475611841,0.3980891719745223,0.0028856479883880536,0.49964527565340705
sensor_057,0.0012662477481426304,-0.0002894606668815851,0.5254777070063694,0.0028731965385912096,0.5025184721919983
sensor_071,0.0012651035163483172,-0.0004518703512186889,0.40764331210191085,0.0028706002039990343,0.5053890723959973
sensor_198,0.0012612103974811903,-0.00029045226500486757,0.46178343949044587,0.0028617664701031512,0.5082508388661005
sensor_253,0.0012569923555234902,-0.00036510699041841424,0.5573248407643312,0.002852195465084368,0.5111030343311849
sensor_561,0.0012442246047908473,-0.0004614821624125276,0.5668789808917197,0.002823224628007315,0.5139262589591922
sensor_080,0.00124334004378243,-0.00029829869976140747,0.29936305732484075,0.0028212175029156536,0.5167474764621078
sensor_020,0.0012282487861809443,-0.00037740741747744407,0.5987261146496815,0.002786974481226431,0.5195344509433343
sensor_412,0.0012141903095689388,-0.0005028802596776698,0.45222929936305734,0.0027550749051768555,0.5222895258485112
sensor_189,0.0012132767927189624,-0.0003986247992946954,0.5414012738853503,0.0027530020774421985,0.5250425279259534
sensor_196,0.001207126683941088,-0.0002963021449121889,0.49363057324840764,0.0027390470901354352,0.5277815750160888
sensor_091,0.001203312271585775,-0.0001990245387947106,0.5382165605095541,0.002730391946312182,0.530511966962401
sensor_500,0.0011922696667703832,-0.00023512804570451263,0.5955414012738853,0.0027053355748563167,0.5332173025372573
sensor_461,0.0011836692140637674,-0.000388788408996407,0.6019108280254777,0.0026858206015951897,0.5359031231388525
sensor_409,0.0011818254583765297,-0.000195988382716922,0.46178343949044587,0.0026816370028749947,0.5385847601417275
sensor_324,0.0011744964710762179,-0.00043193769178885734,0.5605095541401274,0.0026650070653501125,0.5412497672070776
sensor_122,0.0011715823126647383,-0.0005214628680583598,0.5700636942675159,0.0026583946548853743,0.543908161861963
sensor_240,0.0011703994528271876,-0.00019554495280468985,0.5159235668789809,0.002655710670810477,0.5465638725327735
sensor_289,0.0011574582541660488,-0.00015604020255302243,0.37579617834394907,0.002626346269370912,0.5491902188021444
sensor_291,0.0011558716120815865,-0.0002472284596156816,0.3630573248407643,0.0026227460777403667,0.5518129648798847
sensor_059,0.0011531053340803744,-0.0003553241104035204,0.5859872611464968,0.002616469217315918,0.5544294340972007
sensor_068,0.001148961142512953,-0.00021030852339810457,0.27070063694267515,0.0026070657835216707,0.5570364998807223
sensor_468,0.0011470345572133377,-0.00021742438963107095,0.4171974522292994,0.002602694239151878,0.5596391941198742
sensor_145,0.0011412490881574364,-0.0003570201679363211,0.47770700636942676,0.0025895666425263955,0.5622287607624006
sensor_164,0.0011410965845532542,-0.00030665006048155124,0.3980891719745223,0.0025892206021655723,0.5648179813645662
sensor_366,0.0011409595866385901,-0.0002821525185001632,0.42038216560509556,0.0025889097451987707,0.5674068911097649
sensor_154,0.001133836972622507,-0.0003031363780033354,0.3471337579617834,0.002572748081759093,0.5699796391915241
sensor_417,0.0011327618941401063,-0.0004019149833634138,0.36942675159235666,0.0025703086604224085,0.5725499478519465
sensor_576,0.0011321290746891218,-0.00023939911833884873,0.3089171974522293,0.0025688727529084255,0.5751188206048549
sensor_009,0.0011245089908185307,-0.0004002597092257614,0.5796178343949044,0.002551582298782942,0.5776704029036378
sensor_134,0.0011079198512205961,-8.959104166351196e-05,0.535031847133758,0.002513940487738534,0.5801843433913764
sensor_485,0.0011074599189460038,-0.0003084038716470276,0.6369426751592356,0.002512896872204936,0.5826972402635813
sensor_096,0.0011053514613091852,-0.00025720593709872353,0.4554140127388535,0.002508112647954382,0.5852053529115356
sensor_345,0.0011040953592273012,-0.00014451032377653587,0.6942675159235668,0.002505262472576712,0.5877106153841124
sensor_188,0.001098926450383844,-0.00020363921032555591,0.5159235668789809,0.002493533890220614,0.5902041492743331
sensor_391,0.0010922925388344017,-0.00036264511843906735,0.4968152866242038,0.002478481123707002,0.59268263039804
sensor_160,0.0010775320667887108,-0.00029943658399324144,0.6751592356687898,0.0024449886754464942,0.5951276190734865
sensor_040,0.001072616487763438,-0.000672886006259884,0.2961783439490446,0.002433834914532564,0.5975614539880191
sensor_128,0.0010710818679396947,-0.00023720970795770973,0.4681528662420382,0.002430352764714647,0.5999918067527337
sensor_251,0.0010701541185833136,-0.0003897642356292556,0.5254777070063694,0.002428247642519291,0.6024200543952529
sensor_349,0.001061573376648188,-0.00038427355453707096,0.1942675159235669,0.002408777394250174,0.6048288317895031
sensor_311,0.0010497833655542064,-0.0002832836779755925,0.44904458598726116,0.0023820251104930113,0.6072108568999961
sensor_560,0.0010395861098079543,-0.0003682608345919856,0.589171974522293,0.002358886889748898,0.609569743789745
sensor_039,0.0010384935867514817,-0.0004451859364304946,0.1178343949044586,0.0023564078855660337,0.6119261516753111
sensor_183,0.0010360429331981006,-0.0004474808656394033,0.6019108280254777,0.0023508471970537033,0.6142769988723648
sensor_268,0.0010318016720890543,-0.0003121744989395617,0.21019108280254778,0.002341223506306258,0.616618222378671
sensor_049,0.0010309270049892185,-0.0003961983235852694,0.42038216560509556,0.002339238831121363,0.6189574612097924
sensor_340,0.001016012094899338,-0.00034933038399897765,0.28662420382165604,0.002305395953132832,0.6212628571629253
sensor_121,0.0010032203005492515,-0.0001975567725066123,0.3535031847133758,0.0022763705595611945,0.6235392277224865
sensor_133,0.0010027777604979626,-0.00028927009825257546,0.21656050955414013,0.0022753664080865594,0.625814594130573
sensor_454,0.0009774836241330867,-0.00032507749244165647,0.5222929936305732,0.002217972406670314,0.6280325665372434
sensor_204,0.0009739419413217717,-0.0002947985086886622,0.2356687898089172,0.0022099361034988497,0.6302425026407422
sensor_295,0.0009697648832778169,-0.00027110605666996854,0.5509554140127388,0.002200458093582552,0.6324429607343248
sensor_563,0.0009573974119523823,-0.0004976469745398406,0.1178343949044586,0.0021723955158954545,0.6346153562502203
sensor_297,0.0009471185975094066,-0.000114367400427293,0.535031847133758,0.0021490722332900567,0.6367644284835103
sensor_124,0.0009434279264153382,-0.00023852044461755424,0.35987261146496813,0.00214069786624529,0.6389051263497556
sensor_042,0.0009416841163808361,-0.00032223718298207585,0.3375796178343949,0.002136741050557016,0.6410418674003127
sensor_307,0.0009366933341174811,-3.481653277383071e-05,0.34076433121019106,0.0021254166487209873,0.6431672840490337
sensor_303,0.0009356170424846498,-0.00031704491902272727,0.5031847133757962,0.0021229744746689492,0.6452902585237026
sensor_364,0.0009304744183907251,-0.00012721400071430498,0.5191082802547771,0.0021113055340784416,0.647401564057781
sensor_318,0.0009228058621203829,-0.0002704033060906669,0.5764331210191083,0.0020939050930002573,0.6494954691507813
sensor_460,0.0009008843171648521,-7.06765654552668e-05,0.5445859872611465,0.0020441637156282614,0.6515396328664095
sensor_203,0.0008992947859937311,-0.00018665857277742055,0.6751592356687898,0.0020405569684766502,0.6535801898348861
sensor_211,0.0008810104246306064,-0.00016545359032275498,0.20382165605095542,0.0019990685916120594,0.6555792584264981
sensor_216,0.0008802364482627981,-0.00033032998323256625,0.410828025477707,0.0019973123900913067,0.6575765708165894
sensor_355,0.0008700114909039735,-0.00029130795149118416,0.2484076433121019,0.0019741113126294034,0.6595506821292187
sensor_051,0.0008621632778431999,-8.874420359667785e-07,0.589171974522293,0.0019563032188867555,0.6615069853481055
sensor_139,0.0008599596613633618,-0.00032843318311812336,0.3630573248407643,0.0019513030731794555,0.663458288421285
sensor_542,0.0008582960414073815,-0.0002084589489994429,0.22929936305732485,0.001947528213870868,0.6654058166351559
sensor_044,0.0008538834282085119,-0.00023729594329277123,0.2898089171974522,0.0019375157143519306,0.6673433323495078
sensor_118,0.0008500364412539856,-0.00030755168048037716,0.321656050955414,0.0019287866566947986,0.6692721190062026
sensor_026,0.0008493508510630042,-0.0001685335583764755,0.4585987261146497,0.0019272310090211822,0.6711993500152238
sensor_097,0.0008481203431378719,-0.00012108520228346794,0.40764331210191085,0.0019244389084102356,0.673123788923634
sensor_347,0.0008471331418257907,-0.0004700198191911297,0.11464968152866242,0.0019221988859526044,0.6750459878095866
sensor_407,0.0008465792690939098,-7.943571963551271e-05,0.46496815286624205,0.001920942113556843,0.6769669299231434
sensor_162,0.0008424446413233821,-0.00018236397718219684,0.5063694267515924,0.0019115603806249832,0.6788784903037685
sensor_281,0.0008419954223243217,-0.0003012032255051871,0.49363057324840764,0.0019105410741937867,0.6807890313779622
sensor_024,0.0008419198704277029,-0.0002952029393104077,0.2229299363057325,0.001910369642143331,0.6826994010201055
sensor_146,0.0008321220180840875,-0.0002535286916084362,0.3248407643312102,0.0018881376930791796,0.6845875387131847
sensor_254,0.000831904253641164,-0.00015979204985220273,0.5477707006369427,0.001887643571731636,0.6864751822849163
sensor_052,0.0008305824843816387,-5.900886766189157e-05,0.42356687898089174,0.001884644393358482,0.6883598266782748
sensor_481,0.0008129161347424419,-0.0001284356655749347,0.4426751592356688,0.0018445583243349936,0.6902043850026097
sensor_523,0.0008097031423114225,-0.000381837601029246,0.4267515923566879,0.0018372678405060069,0.6920416528431157
sensor_136,0.000805802620977673,-0.0002280381151392007,0.46178343949044587,0.0018284173099433513,0.693870070153059
sensor_283,0.0008031895374157296,-0.00027405330783259195,0.3248407643312102,0.0018224880574284005,0.6956925582104874
sensor_035,0.0008021915827509871,-0.0002903514540195259,0.44904458598726116,0.0018202236349308166,0.6975127818454182
sensor_027,0.0008003834274526419,-0.0001675171104935407,0.321656050955414,0.0018161208157533996,0.6993289026611716
sensor_455,0.000789670138031158,-0.00030203376189957723,0.43630573248407645,0.0017918116818355827,0.7011207143430073
sensor_116,0.0007757015658462473,-0.00023327590819805774,0.445859872611465,0.0017601161046394002,0.7028808304476467
sensor_562,0.0007753430239695265,-0.00021228977908904762,0.4840764331210191,0.0017593025503561683,0.7046401329980029
sensor_252,0.0007748003148016191,-0.00021699264686887582,0.2229299363057325,0.0017580711087958729,0.7063982041067988
sensor_217,0.0007722124619774591,-0.0001670533356340412,0.2515923566878981,0.0017521991064269318,0.7081504032132256
sensor_063,0.0007677399963099132,-0.00027645660390994886,0.17834394904458598,0.0017420507978563459,0.709892454011082
sensor_144,0.0007642785704334167,-0.00034676426168651203,0.5636942675159236,0.0017341966027657502,0.7116266506138478
sensor_274,0.0007586378793560443,-0.00024244557931121728,0.5668789808917197,0.0017213975165659592,0.7133480481304137
sensor_129,0.0007464273665334101,-0.0001615365096717514,0.21337579617834396,0.0016936910876875053,0.7150417392181012
sensor_084,0.0007436746839783631,-0.00011787833298012802,0.4681528662420382,0.0016874450761936231,0.7167291842942949
sensor_472,0.0007421908882841354,-0.0002925955718284075,0.17834394904458598,0.0016840782495525608,0.7184132625438474
sensor_165,0.0007400712026671433,-0.00014359257519317331,0.20382165605095542,0.0016792685483020932,0.7200925310921495
sensor_067,0.0007392920421138676,-0.00024642476304587683,0.36942675159235666,0.0016775005835353545,0.7217700316756849
sensor_346,0.0007309021838820007,-0.00021120487563728752,0.22611464968152867,0.0016584634625087388,0.7234284951381936
sensor_575,0.000729962432432408,-0.00031538849457915296,0.2929936305732484,0.0016563311068018352,0.7250848262449955
sensor_010,0.0007297726547402781,-0.0002781253538365464,0.4840764331210191,0.0016559004891688093,0.7267407267341643
sensor_286,0.0007296365235204542,-0.0002967234753413059,0.39171974522292996,0.0016555915987876292,0.7283963183329519
sensor_093,0.0007268624170799966,-0.00017187551325876689,0.4426751592356688,0.0016492969751374803,0.7300456153080894
sensor_090,0.0007258975215087102,-0.000251543091148013,0.34076433121019106,0.0016471075658219742,0.7316927228739114
sensor_021,0.0007218297339541069,-0.00010510517767480638,0.37898089171974525,0.0016378774975839424,0.7333306003714953
sensor_528,0.000713336486102943,-0.00020906044188833284,0.5286624203821656,0.0016186057789466094,0.7349492061504419
sensor_106,0.0007079351724063598,-0.0002287560899160938,0.42356687898089174,0.0016063498552226526,0.7365555560056646
sensor_025,0.0007073256256817512,-9.363179664855706e-05,0.6592356687898089,0.0016049667550024752,0.738160522760667
sensor_490,0.0007052888382182883,-0.00016087811374633796,0.3248407643312102,0.0016003451549258302,0.7397608679155928
sensor_487,0.0007035169840635331,-5.066284959946762e-05,0.5159235668789809,0.0015963247053480927,0.7413571926209409
sensor_298,0.0007010413357013687,-0.00018559079403632691,0.3630573248407643,0.001590707302027634,0.7429478999229685
sensor_058,0.0006996579402392764,-0.0001963681757536308,0.45222929936305734,0.001587568289888014,0.7445354682128565
sensor_312,0.0006960809606196311,-0.00025307576834168646,0.410828025477707,0.0015794518960173427,0.7461149201088739
sensor_430,0.0006924399618161679,-0.00030982798047351795,0.3630573248407643,0.001571190238553809,0.7476861103474277
sensor_350,0.0006913646812069288,-0.00013471188619462298,0.3885350318471338,0.0015687503585784949,0.7492548607060062
sensor_175,0.0006878285109761725,-0.00016346003540239584,0.554140127388535,0.0015607265638023292,0.7508155872698086
sensor_054,0.0006863841032234958,-0.00017663762156638313,0.6178343949044586,0.0015574491109015104,0.7523730363807101
sensor_492,0.0006841239628902216,-0.00025715585273331247,0.3980891719745223,0.001552320708981887,0.753925357089692
sensor_554,0.0006826380917904525,-0.00018878358850973496,0.29936305732484075,0.0015489491731138772,0.7554743062628059
sensor_177,0.0006820423418052644,-0.0003609716738042733,0.3885350318471338,0.0015475973785714437,0.7570219036413773
sensor_229,0.0006805506433225567,-0.00019334258026203362,0.3184713375796178,0.0015442126200015474,0.7585661162613789
sensor_590,0.0006800407604745485,-0.00014826715963679534,0.3630573248407643,0.0015430556634453496,0.7601091719248243
sensor_484,0.0006799578055570831,-0.00014417106488853865,0.678343949044586,0.0015428674334705518,0.7616520393582948
sensor_073,0.0006769312424767166,-0.0002552873499922897,0.22611464968152867,0.001535999969675183,0.76318803932797
sensor_304,0.0006747392038339397,-0.00014713220796808263,0.31528662420382164,0.0015310260948152882,0.7647190654227852
sensor_525,0.0006733980541102761,-0.0001769534926645682,0.5955414012738853,0.0015279829409384777,0.7662470483637237
sensor_038,0.000668421056216618,-0.0001367703361331678,0.445859872611465,0.0015166898167125042,0.7677637381804362
sensor_319,0.0006681655167784955,-0.00027176524257430346,0.321656050955414,0.0015161099815024007,0.7692798481619386
sensor_322,0.0006668451791222821,-0.0001052188167254042,0.6337579617834395,0.0015131140515280584,0.7707929622134667
sensor_527,0.0006668448864706674,-0.00024228673604490062,0.49363057324840764,0.0015131133874829632,0.7723060756009497
sensor_573,0.0006651160478747725,-0.00014008984084392086,0.45222929936305734,0.001509190542939473,0.7738152661438892
sensor_410,0.0006644630963077807,-0.00020119654072228764,0.37261146496815284,0.001507708954376018,0.7753229750982652
sensor_048,0.0006571652991039726,-0.00019138218480836512,0.5286624203821656,0.0014911497891604603,0.7768141248874256
sensor_114,0.0006542779215458639,-0.00013368060215193184,0.5445859872611465,0.0014845981461524213,0.778298723033578
sensor_491,0.0006517862187731047,-0.00013959742436177585,0.3343949044585987,0.0014789443143549779,0.7797776673479331
sensor_477,0.0006507916042464694,-0.00020728649423827768,0.31210191082802546,0.0014766874708428352,0.7812543548187759
sensor_497,0.0006496283258957566,-7.181238147938788e-05,0.43630573248407645,0.0014740479184048635,0.7827284027371808
sensor_113,0.0006465290743788852,-0.00013572188394874883,0.23248407643312102,0.001467015519931847,0.7841954182571127
sensor_280,0.0006379142858582015,-6.84891934784919e-05,0.42356687898089174,0.001447468017798374,0.7856428862749111
sensor_486,0.0006376864150740461,-0.00020469303642916417,0.5414012738853503,0.001446950964520892,0.7870898372394319
sensor_541,0.0006355603390373003,-0.00021661170956471877,0.3375796178343949,0.0014421267630022553,0.7885319640024342
sensor_302,0.0006337525100600159,-0.00024450736614717165,0.33121019108280253,0.0014380246842680446,0.7899699886867022
sensor_446,0.000632618547810996,-0.00025705437191578316,0.5318471337579618,0.0014354516519261857,0.7914054403386284
sensor_072,0.0006306976092241345,-0.00016420088041739514,0.321656050955414,0.0014310929203061589,0.7928365332589346
sensor_002,0.0006302697806430173,-0.00014938857825801143,0.4554140127388535,0.0014301221500914204,0.794266655409026
sensor_353,0.0006267945168221404,-0.0002988173239093916,0.43630573248407645,0.001422236555826411,0.7956888919648524
sensor_016,0.0006230605556084029,-0.00024344560833838798,0.4968152866242038,0.001413763960751489,0.7971026559256038
sensor_156,0.000622154666910554,-5.8907705133800786e-05,0.31528662420382164,0.0014117084417783448,0.7985143643673821
sensor_394,0.0006219793044974346,-0.00022557581242345568,0.46496815286624205,0.0014113105333286651,0.7999256749007108
sensor_046,0.0006216414908019474,-0.00029009533159148597,0.20382165605095542,0.0014105440126047498,0.8013362189133155
sensor_138,0.0006216390765524251,-0.00012325919063644518,0.6624203821656051,0.0014105385345192954,0.8027467574478349
sensor_436,0.0006192184208984662,-0.00013610607588896036,0.3503184713375796,0.0014050459131454151,0.8041518033609802
sensor_411,0.0006074352423914809,-0.00031950726257311236,0.4299363057324841,0.0013783091329619696,0.8055301124939422
sensor_033,0.0006069761608049263,-0.00024116609904293535,0.321656050955414,0.0013772674476935421,0.8069073799416357
sensor_163,0.0006060097118412404,-0.00015200420759720694,0.37261146496815284,0.0013750745136320516,0.8082824544552678
sensor_055,0.0006059148728950391,-0.00012611253874081392,0.47770700636942676,0.0013748593180414976,0.8096573137733093
sensor_186,0.0006029611954972849,1.8368094839051584e-05,0.36942675159235666,0.0013681572364877175,0.811025471009797
sensor_357,0.0006020332822930233,-0.0003039509000111116,0.22929936305732485,0.0013660517425111178,0.8123915227523082
sensor_218,0.0006013948446593832,-0.0001557574402265191,0.3662420382165605,0.0013646030869839732,0.8137561258392921
sensor_540,0.0005959840126095217,-0.0002028213163487368,0.23248407643312102,0.0013523255655120778,0.8151084514048043
sensor_392,0.0005949202299598926,-0.0002197530046460647,0.42038216560509556,0.00134991177513716,0.8164583631799415
sensor_155,0.0005940266309849596,-0.00022954436164795142,0.2770700636942675,0.0013478841423256252,0.8178062473222671
sensor_583,0.000593687385021489,-0.00014296967363485363,0.37898089171974525,0.0013471143716947164,0.8191533616939619
sensor_521,0.0005923085259414498,7.066834693212242e-06,0.5414012738853503,0.0013439856528940038,0.8204973473468559
sensor_287,0.0005904853867254154,-0.0002217993487287903,0.4554140127388535,0.0013398488342559738,0.8218371961811118
sensor_413,0.0005881478676978014,-0.00022422606300107433,0.20382165605095542,0.0013345448551658763,0.8231717410362778
sensor_219,0.0005878403085451128,-0.000211993013985601,0.1910828025477707,0.0013338469839205272,0.8245055880201982
sensor_061,0.0005873802708326218,-9.682054980095888e-05,0.3662420382165605,0.0013328031291416425,0.8258383911493399
sensor_393,0.0005836311831593927,-5.266378508174912e-05,0.5987261146496815,0.0013242962111697076,0.8271626873605096
sensor_031,0.0005811988742108684,-0.00028171113879794886,0.5095541401273885,0.0013187771477305538,0.8284814645082401
sensor_276,0.00057707140422136,-0.00026039723675149487,0.44904458598726116,0.0013094116562582967,0.8297908761644984
sensor_132,0.0005736773975692724,-0.00024219998379662144,0.4585987261146497,0.0013017104396685435,0.831092586604167
sensor_157,0.0005727114784401737,-0.00031412172410958755,0.33121019108280253,0.0012995187078353725,0.8323921053120024
sensor_099,0.0005698139746642243,-0.0001920204070356237,0.3885350318471338,0.0012929440877961073,0.8336850493997985
sensor_226,0.0005692016775447406,-0.00017321544538027422,0.4140127388535032,0.0012915547467553272,0.8349766041465538
sensor_105,0.000567470701280632,-0.00011638023978819789,0.31210191082802546,0.001287627051706933,0.8362642311982608
sensor_498,0.0005638810799916445,-0.00015449990788869987,0.3630573248407643,0.0012794819730858648,0.8375437131713467
sensor_108,0.000561690180809799,-5.7784023949362954e-05,0.4681528662420382,0.0012745106837351715,0.8388182238550819
sensor_076,0.0005607841681855172,-2.1296946334190678e-05,0.4681528662420382,0.0012724548835650825,0.840090678738647
sensor_171,0.0005526251599335151,-0.0001654171271409635,0.23885350318471338,0.0012539415758001718,0.8413446203144471
sensor_416,0.0005525690270962342,-7.252204363665894e-05,0.5573248407643312,0.001253814206828331,0.8425984345212755
sensor_077,0.000551780110849749,-0.0002894534680140845,0.39171974522292996,0.00125202410577428,0.8438504586270498
sensor_309,0.0005502110736217418,-0.000293886910058362,0.4012738853503185,0.0012484638606808192,0.8450989224877306
sensor_149,0.0005491934118615583,-0.00016478272751257873,0.27388535031847133,0.001246154721532414,0.846345077209263
sensor_419,0.0005487110042798448,-8.260922094991416e-05,0.4840764331210191,0.0012450601080999301,0.8475901373173629
sensor_028,0.0005484660978060311,-0.00023501517678490248,0.21337579617834396,0.001244504399760964,0.8488346417171239
sensor_013,0.0005474927103461734,-0.00023085735062926965,0.5063694267515924,0.0012422957218111126,0.850076937438935
sensor_495,0.0005453558631943703,-0.0003510528095383108,0.19745222929936307,0.0012374470799485192,0.8513143845188835
sensor_425,0.0005429587206752802,-3.243427191645188e-05,0.47770700636942676,0.001232007811370579,0.8525463923302541
sensor_094,0.0005428768775580356,-0.00019420778405862746,0.4745222929936306,0.001231822104141074,0.8537782144343952
sensor_457,0.0005406081057365274,-0.0002018286674581959,0.35668789808917195,0.001226674116826607,0.8550048885512218
sensor_422,0.0005376287543417087,-0.00022521526227401906,0.28662420382165604,0.0012199137793433648,0.8562248023305652
sensor_339,0.0005347221175891119,-0.00029305505030263686,0.3980891719745223,0.0012133184360002052,0.8574381207665654
sensor_551,0.0005343102743409424,-9.56592325448335e-05,0.3471337579617834,0.0012123839375208843,0.8586505047040863
sensor_387,0.0005340873022143731,-0.00028578263393493763,0.17197452229299362,0.0012118779996084963,0.8598623827036949
sensor_018,0.0005329509918225687,-0.0001012462604433501,0.3630573248407643,0.0012092996391815682,0.8610716823428765
sensor_356,0.0005295700100942576,-0.000248534673602749,0.3057324840764331,0.0012016279769708575,0.8622733103198473
sensor_223,0.0005290448246460362,-0.0002350142857889566,0.14331210191082802,0.001200436297843166,0.8634737466176905
sensor_577,0.0005273975267403833,-0.00019110602609986649,0.37898089171974525,0.0011966984743031098,0.8646704450919936
sensor_333,0.000523882404498132,-0.00011991839327847713,0.410828025477707,0.001188722438749265,0.8658591675307429
sensor_475,0.0005222253230390064,-0.00017446464542663124,0.28662420382165604,0.0011849624157051909,0.8670441299464481
sensor_174,0.0005204798641109729,-0.00030319962963652926,0.410828025477707,0.0011810018585728008,0.8682251318050209
sensor_119,0.0005195193434848642,-0.00020878707657481435,0.3821656050955414,0.001178822376285682,0.8694039541813066
sensor_300,0.0005136107755165005,-0.00018941912998825025,0.48089171974522293,0.0011654154604118848,0.8705693696417185
sensor_325,0.0005115843043480761,-0.00010225553322471094,0.44904458598726116,0.001160817268663696,0.8717301869103822
sensor_117,0.0005108973319876324,-7.096656792204275e-05,0.5477707006369427,0.0011592584847598118,0.872889445395142
sensor_571,0.000510284735999695,-0.0001787603533498076,0.4585987261146497,0.001157868465567534,0.8740473138607096
sensor_270,0.0005070553425476203,-0.00018792723843999497,0.2643312101910828,0.0011505407667804204,0.87519785462749
sensor_474,0.0005041374708484804,-0.0002783583713030408,0.267515923566879,0.0011439199306302126,0.8763417745581202
sensor_284,0.0005010327797717024,-0.00013380522972774683,0.30254777070063693,0.0011368751894503936,0.8774786497475706
sensor_556,0.0004970955032971629,-0.00021309616994354214,0.4171974522292994,0.0011279412591395858,0.8786065910067102
sensor_037,0.0004970623027326866,-8.621547027365347e-05,0.3503184713375796,0.0011278659249507807,0.879734456931661
sensor_202,0.0004934922423359881,-3.943840944787559e-05,0.5796178343949044,0.001119765231236299,0.8808542221628972
sensor_249,0.0004929646430661668,-0.00010533096769773276,0.37261146496815284,0.0011185680749941358,0.8819727902378913
sensor_169,0.0004900386613041021,-0.00020840914794594998,0.37898089171974525,0.0011119288365962184,0.8830847190744875
sensor_185,0.00048615511149004354,-0.00014135267402707257,0.321656050955414,0.0011031168154893166,0.8841878358899768
sensor_557,0.0004860117982285304,-0.0002271313651522682,0.2356687898089172,0.0011027916285995332,0.8852906275185763
sensor_336,0.00048248748922779497,-4.206943949744689e-05,0.35668789808917195,0.0010947947477073917,0.8863854222662837
sensor_501,0.0004816749596288215,-8.141076749237442e-05,0.3503184713375796,0.001092951066457259,0.8874783733327409
sensor_414,0.0004793890815988065,-0.00010740139308957459,0.321656050955414,0.001087764264069563,0.8885661375968105
sensor_550,0.00047916469597004654,-8.451627875641802e-05,0.6815286624203821,0.0010872551188309567,0.8896533927156415
sensor_448,0.00047599143644627104,-0.00019501008175456093,0.44904458598726116,0.0010800547914912738,0.8907334475071328
sensor_428,0.0004752562428402376,-0.00019906992919119265,0.3662420382165605,0.0010783865905194274,0.8918118340976522
sensor_279,0.0004723276519318271,-0.00024254029418044885,0.42038216560509556,0.0010717414318027884,0.892883575529455
sensor_313,0.0004691715905580606,-0.000128939295102975,0.4012738853503185,0.0010645801281574405,0.8939481556576124
sensor_273,0.0004686774686858309,-0.0002188677528783619,0.4840764331210191,0.001063458934255998,0.8950116145918684
sensor_008,0.0004678881148532235,-9.479352450234672e-05,0.6242038216560509,0.0010616678402912525,0.8960732824321597
sensor_215,0.0004667783854138622,-0.00027408797669337234,0.2961783439490446,0.0010591497937331262,0.8971324322258928
sensor_321,0.0004662944379081878,-0.0001441750369622001,0.2070063694267516,0.0010580516861154003,0.8981904839120082
sensor_078,0.00046430953378468593,-0.0001276918714064101,0.31210191082802546,0.0010535478126313634,0.8992440317246395
sensor_440,0.0004618056458633558,-0.0002370481660159944,0.28343949044585987,0.0010478663319581393,0.9002918980565977
sensor_019,0.0004598031300679837,-2.4675429785477986e-05,0.3630573248407643,0.0010433224964724083,0.9013352205530701
sensor_433,0.00045910857618078284,-0.00019272125526134388,0.3853503184713376,0.0010417465096029368,0.9023769670626731
sensor_369,0.00045740150769341,-2.087423660030661e-05,0.5222929936305732,0.0010378730628179359,0.903414840125491
sensor_255,0.0004540247075179368,-4.326385536240383e-05,0.49363057324840764,0.0010302108888161142,0.9044450510143072
sensor_549,0.0004528370002370752,-0.00014832992361294144,0.3089171974522293,0.0010275159055845651,0.9054725669198918
sensor_338,0.00044953935986765834,-3.391783129794099e-05,0.5382165605095541,0.0010200333502087904,0.9064926002701006
sensor_442,0.00044623928016695075,-0.00010557328033902994,0.34076433121019106,0.0010125452598354363,0.907505145529936
sensor_045,0.0004445405392230174,-0.00015420111166794347,0.5605095541401274,0.0010086907087752416,0.9085138362387113
sensor_354,0.00044453514696001634,-0.00018179162339764836,0.23248407643312102,0.0010086784733881204,0.9095225147120994
sensor_546,0.0004438071277836921,-5.372893955389967e-05,0.7292993630573248,0.0010070265516528114,0.9105295412637523
sensor_151,0.00043542745812438945,-0.00011247884459737316,0.2484076433121019,0.0009880125491442484,0.9115175538128966
sensor_005,0.0004340726841144756,-0.0001929281484758059,0.5063694267515924,0.0009849384808968873,0.9125024922937934
sensor_584,0.0004330772840870449,-0.00012021654568357245,0.35668789808917195,0.0009826798550335658,0.913485172148827
sensor_272,0.0004318849424642334,-0.00015582386269854298,0.2898089171974522,0.0009799743561858835,0.9144651465050129
sensor_120,0.00043177010858284887,-0.00016098979829621917,0.3343949044585987,0.0009797137908178575,0.9154448602958307
sensor_569,0.00043049612818944196,-4.2999622098608954e-05,0.30254777070063693,0.0009768230484161916,0.9164216833442469
sensor_083,0.0004299560161743437,-0.00010658775891053407,0.4394904458598726,0.0009755974999605216,0.9173972808442075
sensor_449,0.00042934019027730173,-0.00016278128667370883,0.3343949044585987,0.0009742001518994086,0.9183714809961069
sensor_209,0.00042760584520978005,-0.00013780711275962376,0.40445859872611467,0.0009702648128221739,0.919341745808929
sensor_292,0.0004261353041693149,-0.00019928635740843546,0.33121019108280253,0.0009669280618320788,0.9203086738707611
sensor_212,0.0004252810609830828,-0.0002122276694960113,0.2929936305732484,0.0009649897298039291,0.9212736636005651
sensor_205,0.0004192778650752358,-7.585843095656085e-05,0.43630573248407645,0.0009513680971272184,0.9222250316976923
sensor_166,0.00041786252790909905,-9.30617795130754e-05,0.42356687898089174,0.0009481566072330421,0.9231731883049253
sensor_553,0.00041717822940081603,-0.00012725002546196506,0.5445859872611465,0.0009466038904694815,0.9241197921953949
sensor_137,0.00041512969512544394,-0.00013513284519566155,0.35987261146496813,0.0009419556361307725,0.9250617478315256
sensor_351,0.0004138807677440286,-9.093071467353506e-05,0.3853503184713376,0.0009391217406040101,0.9260008695721297
sensor_003,0.00041308946011910823,-0.00012049041597883607,0.3184713375796178,0.0009373262133604537,0.9269381957854901
sensor_559,0.0004097972361449657,-0.00012814887492791107,0.3885350318471338,0.0009298559481294606,0.9278680517336195
sensor_408,0.00040709657093111935,-0.00019515846510675524,0.3535031847133758,0.0009237279672855073,0.928791779700905
sensor_441,0.0004045735851282836,-0.0001310665076854739,0.4745222929936306,0.0009180031523065621,0.9297097828532116
sensor_172,0.0004020944830886269,-9.002297241612534e-05,0.2770700636942675,0.0009123779123725886,0.9306221607655842
sensor_496,0.00040172872794435043,-4.166113764360809e-05,0.589171974522293,0.0009115479907272798,0.9315337087563115
sensor_100,0.0004016103032469554,-6.499562661017555e-05,0.3980891719745223,0.0009112792775697336,0.9324449880338812
sensor_007,0.00040048686939018037,-0.0002618488373302448,0.31210191082802546,0.000908730134818359,0.9333537181686996
sensor_199,0.0003985788471412663,-9.142112541540001e-05,0.410828025477707,0.0009044007111892341,0.9342581188798889
sensor_367,0.00039654248748091344,-0.00013797066906171278,0.3503184713375796,0.0008997800818250083,0.9351578989617139
sensor_081,0.0003962298864557632,-0.00015750895066543095,0.31210191082802546,0.0008990707702509192,0.9360569697319647
sensor_360,0.00039585901090583497,3.4935087662136444e-05,0.5605095541401274,0.000898229230080076,0.9369551989620448
sensor_341,0.0003955672374798491,-3.171681417729752e-05,0.48089171974522293,0.0008975671776509008,0.9378527661396957
sensor_109,0.00039544827433981385,-0.00020405788331159317,0.2770700636942675,0.0008972972427328165,0.9387500633824285
sensor_256,0.00038872116967797883,-7.157472369423975e-05,0.4394904458598726,0.0008820330151300614,0.9396320963975585
sensor_089,0.00038726771025420664,-5.22916461561578e-05,0.44904458598726116,0.0008787350234128082,0.9405108314209714
sensor_278,0.0003860426291718638,1.274826204366125e-05,0.5955414012738853,0.0008759552366527179,0.9413867866576241
sensor_012,0.0003837498399616648,-6.445939001395981e-05,0.4394904458598726,0.0008707527523583719,0.9422575394099825
sensor_420,0.00038219956693072167,-9.820380512527588e-05,0.3853503184713376,0.0008672350844194471,0.9431247744944019
sensor_197,0.000381867722213745,-7.008704663531662e-05,0.49044585987261147,0.0008664821076867613,0.9439912566020887
sensor_200,0.0003771722679249454,-0.00031759784149578085,0.15605095541401273,0.0008558278237763013,0.9448470844258651
sensor_368,0.0003766661322042971,-0.0001761934476363353,0.2611464968152866,0.0008546793696900001,0.945701763795555
sensor_290,0.00037613300752977727,-2.5329070280494983e-05,0.42038216560509556,0.0008534696759537508,0.9465552334715088
sensor_047,0.000376043743680488,-4.980539716116458e-05,0.43312101910828027,0.0008532671306120706,0.9474085006021209
sensor_473,0.00037426534573140757,-6.0550945775238495e-05,0.5286624203821656,0.0008492318327495231,0.9482577324348704
sensor_222,0.00037366028013581775,-9.43750764935017e-05,0.5127388535031847,0.0008478589004956104,0.9491055913353661
sensor_135,0.0003736391073221994,-0.00020401845949273632,0.410828025477707,0.0008478108580371818,0.9499534021934033
sensor_074,0.0003685069820939287,-0.00013610113192663812,0.22929936305732485,0.0008361657400394493,0.9507895679334427
sensor_586,0.00036837513608282003,-0.0001495604182569342,0.28662420382165604,0.0008358665730689254,0.9516254345065116
sensor_269,0.00036739094251219984,-8.262849714356185e-05,0.37898089171974525,0.0008336333753676403,0.9524590678818793
sensor_567,0.0003668151191625318,-0.00019443860376301236,0.410828025477707,0.0008323267956264063,0.9532913946775057
sensor_107,0.00036652464981401755,-4.9624310690068925e-05,0.49363057324840764,0.0008316677022318143,0.9541230623797375
sensor_362,0.0003661594054733931,-0.00025252855569922965,0.2802547770700637,0.0008308389396324244,0.95495390131937
sensor_301,0.00036573489242768,-8.601215734850459e-05,0.3885350318471338,0.0008298756925780317,0.955783777011948
sensor_543,0.0003622977900280613,-0.00014534234406937468,0.4745222929936306,0.0008220766890008458,0.9566058537009489
sensor_443,0.0003619042067996159,-8.564686104743267e-05,0.43630573248407645,0.0008211836236656652,0.9574270373246145
sensor_085,0.0003614573816815452,-2.905575572623276e-05,0.3375796178343949,0.0008201697491024293,0.958247207073717
sensor_141,0.00036101446732125705,-5.519326240032747e-05,0.47770700636942676,0.0008191647482969085,0.9590663718220139
sensor_275,0.00035879267585167674,-7.95212752152518e-05,0.4426751592356688,0.0008141233623838964,0.9598804951843978
sensor_225,0.0003584426603881029,-0.0001541430808324843,0.2770700636942675,0.0008133291550734638,0.9606938243394713
sensor_168,0.0003579475798607829,-0.0001058293113272836,0.3343949044585987,0.0008122057859227535,0.961506030125394
sensor_566,0.0003570256279023459,-0.00013903401857531317,0.267515923566879,0.0008101138183914279,0.9623161439437855
sensor_435,0.00035617275753199127,-0.0001888410459455774,0.33121019108280253,0.0008081786013696686,0.9631243225451551
sensor_305,0.0003558142986339683,-0.00021846412903196895,0.4140127388535032,0.0008073652353703706,0.9639316877805255
sensor_239,0.00035317833130983287,-3.5380404417997155e-05,0.5605095541401274,0.0008013840581460441,0.9647330718386715
sensor_306,0.00035253265211275645,-6.548977182525872e-05,0.30254777070063693,0.0007999189710516729,0.9655329908097232
sensor_140,0.0003520720868572917,-0.0001422941441654479,0.3821656050955414,0.0007988739192442856,0.9663318647289675
sensor_095,0.0003506119185628033,-2.0845078565587302e-05,0.3821656050955414,0.00079556070467341,0.9671274254336409
sensor_004,0.000347893318521265,-0.00014185205377899665,0.33121019108280253,0.0007893920285666849,0.9679168174622076
sensor_547,0.00034464650479854855,-6.578197634425131e-05,0.49363057324840764,0.0007820248020794173,0.968698842264287
sensor_555,0.0003398068535163037,-0.00015365221632113394,0.3248407643312102,0.000771043326035309,0.9694698855903223
sensor_167,0.00033897944568937684,-0.00014889509407459386,0.28343949044585987,0.0007691658851412844,0.9702390514754636
sensor_585,0.0003347085230951549,-0.0001522853768982372,0.31528662420382164,0.0007594748906006747,0.9709985263660643
sensor_494,0.00033410558752077786,-8.098837336136424e-05,0.4585987261146497,0.0007581067915001357,0.9717566331575644
sensor_558,0.00032383250270249776,-0.0001292723898423419,0.4012738853503185,0.000734796509776964,0.9724914296673414
sensor_483,0.00032180931589499765,-5.467274153730637e-05,0.43312101910828027,0.0007302057704522471,0.9732216354377936
sensor_170,0.0003201838486466307,-1.261225198237872e-05,0.5286624203821656,0.00072651748205967,0.9739481529198533
sensor_335,0.0003196396177822587,-9.930258050292311e-05,0.43630573248407645,0.0007252825876734792,0.9746734355075267
sensor_565,0.00031830791540000166,-3.4222190437382334e-05,0.44904458598726116,0.0007222608704141616,0.9753956963779409
sensor_570,0.00031748475773227654,-7.419256433394456e-05,0.42356687898089174,0.0007203930734012218,0.9761160894513421
sensor_544,0.0003158329699243105,-9.773828047998015e-05,0.5477707006369427,0.0007166450619877392,0.9768327345133299
sensor_102,0.00031446316679121085,-8.280916382596543e-05,0.4554140127388535,0.0007135368917056232,0.9775462714050355
sensor_224,0.000313880292331261,-6.492630157299846e-05,0.49044585987261147,0.0007122143125474625,0.9782584857175829
sensor_526,0.00031227399339742455,-7.427412572758228e-05,0.4554140127388535,0.0007085695182776118,0.9789670552358605
sensor_439,0.0003071335234897196,-6.874580117320855e-05,0.49363057324840764,0.000696905465672413,0.9796639607015328
sensor_390,0.00030354130869953203,-0.0001228934824680499,0.2356687898089172,0.0006887545022324524,0.9803527152037653
sensor_437,0.00030333616898455895,-0.00010718553457356692,0.37898089171974525,0.0006882890271942123,0.9810410042309595
sensor_377,0.0003010088667927025,-7.313513921449418e-05,0.4872611464968153,0.0006830082307531477,0.9817240124617127
sensor_143,0.00029670927854387854,-3.8849643296940856e-05,0.4713375796178344,0.0006732521920221734,0.9823972646537349
sensor_030,0.0002953447460757069,-0.00011634007997939386,0.4585987261146497,0.0006701559812134301,0.9830674206349483
sensor_152,0.0002845357138032402,-0.00014489704634486223,0.28662420382165604,0.0006456296006877181,0.983713050235636
sensor_178,0.0002777635306972599,-4.000444022649504e-05,0.42356687898089174,0.0006302630872330251,0.9843433133228691
sensor_458,0.0002712284920499182,-9.721818171075312e-05,0.37898089171974525,0.0006154346696120313,0.9849587479924811
sensor_488,0.00026825920475212803,-3.774053988107137e-05,0.5095541401273885,0.0006086971682039478,0.9855674451606851
sensor_552,0.0002668464741141708,-0.00010907829990577873,0.36942675159235666,0.0006054915926877074,0.9861729367533728
missingindicator_sensor_346,0.000265956017549939,-8.989804428934644e-05,0.4299363057324841,0.0006034710902055752,0.9867764078435783
sensor_363,0.0002657136032250329,-0.00013733084630672548,0.29936305732484075,0.0006029210367107146,0.987379328880289
sensor_568,0.0002644222881799606,-0.00015851435685046,0.2484076433121019,0.0005999909608837883,0.9879793198411728
missingindicator_sensor_074,0.00025978831810614695,-3.0811325846653574e-05,0.4554140127388535,0.0005894761885609579,0.9885687960297338
sensor_220,0.00025797518762769617,-0.00010985544579567987,0.21656050955414013,0.0005853620803839913,0.9891541581101178
sensor_445,0.00025508938981060926,-7.673820446664843e-05,0.5,0.0005788140219086335,0.9897329721320264
sensor_088,0.000252238007489281,-0.00015401953056521462,0.321656050955414,0.0005723440543783002,0.9903053161864047
sensor_213,0.00023402864613008558,-7.83833588063636e-05,0.321656050955414,0.0005310258572846113,0.9908363420436893
sensor_587,0.00023283659552491147,-0.00011674917398169791,0.3184713375796178,0.0005283210187744259,0.9913646630624637
missingindicator_sensor_248,0.0002235272151680431,1.0692067659861506e-05,0.5477707006369427,0.0005071974436628275,0.9918718605061265
sensor_358,0.0002200301939174872,-5.893726243168185e-05,0.3535031847133758,0.0004992624804084286,0.992371122986535
missingindicator_sensor_564,0.00021842693338974928,-8.439644386850591e-05,0.14012738853503184,0.0004956245804749334,0.9928667475670099
sensor_361,0.0002168387096717778,-3.512781051934506e-05,0.3343949044585987,0.0004920208000175326,0.9933587683670274
sensor_438,0.00021138006513937854,-6.841719167771654e-05,0.3375796178343949,0.00047963478898699395,0.9938384031560145
missingindicator_sensor_113,0.00021005360078059577,-2.2210083284100827e-05,0.535031847133758,0.0004766249571355181,0.99431502811315
missingindicator_sensor_347,0.0002023864490867466,-6.603049510705055e-05,0.4299363057324841,0.0004592277031305777,0.9947742558162805
missingindicator_sensor_565,0.00019196701546067506,-9.57529396870655e-05,0.12738853503184713,0.0004355853466703809,0.995209841162951
missingindicator_sensor_563,0.00018467734526123457,-6.253018782385066e-05,0.18789808917197454,0.0004190446221437421,0.9956288857850947
sensor_471,0.00016924894865219143,5.722216173791679e-06,0.34076433121019106,0.0003840366106403551,0.996012922395735
missingindicator_sensor_551,0.00014452582781469866,1.84726264454204e-05,0.19745222929936307,0.00032793827971131553,0.9963408606754464
missingindicator_sensor_386,0.00013142751924574564,-7.198986019793348e-05,0.4426751592356688,0.0002982173859155176,0.9966390780613619
missingindicator_sensor_566,0.00012272208700800163,-4.218719566274573e-05,0.12738853503184713,0.00027846420743277963,0.9969175422687947
missingindicator_sensor_520,0.00010221137032488015,-6.993191650093555e-05,0.23248407643312102,0.00023192408898880862,0.9971494663577835
missingindicator_sensor_558,9.832706659951881e-05,-1.3810160710843662e-05,0.8121019108280255,0.00022311035720929271,0.9973725767149928
missingindicator_sensor_556,9.637216422891986e-05,1.2481647375281523e-05,0.20063694267515925,0.00021867455960749828,0.9975912512746002
sensor_545,9.529359869657837e-05,-4.141307105529639e-05,0.4968152866242038,0.00021622722593309457,0.9978074785005333
missingindicator_sensor_557,8.882010768819649e-05,-5.536214319416204e-05,0.7484076433121019,0.0002015384638127539,0.9980090169643461
missingindicator_sensor_548,8.833331264865251e-05,-4.36800374297802e-07,0.24203821656050956,0.00020043389495987918,0.9982094508593059
missingindicator_sensor_554,8.781083283623333e-05,2.9396436766724846e-05,0.1910828025477707,0.00019924835509161203,0.9984086992143976
missingindicator_sensor_570,8.63224074830019e-05,-1.4486490804545792e-05,0.18789808917197454,0.00019587102346031875,0.9986045702378579
missingindicator_sensor_547,6.525755200981553e-05,-1.8860635729591005e-05,0.8089171974522293,0.00014807352891767436,0.9987526437667755
missingindicator_sensor_553,6.458651059397599e-05,-4.352893567873181e-07,0.8089171974522293,0.00014655089333860254,0.9988991946601141
missingindicator_sensor_550,6.119135115450034e-05,-4.0173426668523215e-05,0.5254777070063694,0.00013884706100107178,0.9990380417211152
missingindicator_sensor_057,4.8207535741556804e-05,-4.2506025396400514e-05,0.0031847133757961785,0.00010938595944579027,0.999147427680561
missingindicator_sensor_568,3.8411693711898074e-05,-2.69741620580908e-05,0.2802547770700637,8.715857191164759e-05,0.9992345862524726
missingindicator_sensor_225,3.582296820193822e-05,-1.6825230207193053e-05,0.041401273885350316,8.128458936321695e-05,0.9993158708418358
missingindicator_sensor_555,3.397036361969946e-05,-2.0239226070464893e-05,0.1910828025477707,7.708091193842042e-05,0.9993929517537742
missingindicator_sensor_552,3.32336355818948e-05,-4.350865523722405e-06,0.8089171974522293,7.540922924345935e-05,0.9994683609830176
missingindicator_sensor_332,3.313992185710036e-05,-3.123538678772574e-05,0.0031847133757961785,7.519658685172138e-05,0.9995435575698693
missingindicator_sensor_567,3.291429707231181e-05,2.1865977945156328e-05,0.8726114649681529,7.468462988940832e-05,0.9996182421997587
missingindicator_sensor_073,3.2333464780772914e-05,-1.8278249608955636e-05,0.4299363057324841,7.336668454103596e-05,0.9996916088842998
sensor_250,3.095858890846437e-05,-3.095858890846437e-05,0.0,7.024700389157073e-05,0.9997618558881913
missingindicator_sensor_055,2.5867904422418595e-05,-2.4315691235108533e-05,0.0031847133757961785,5.8695917569149763e-05,0.9998205518057605
missingindicator_sensor_569,2.092964684307663e-05,-1.1024575122153157e-05,0.12738853503184713,4.749069757610387e-05,0.9998680425033366
missingindicator_sensor_270,1.6304993879738504e-05,1.6304993879738504e-05,1.0,3.699706636851497e-05,0.9999050395697051
sensor_388,1.4779367310353669e-05,1.4626765785818528e-05,0.9968152866242038,3.3535322815747336e-05,0.9999385748925208
missingindicator_sensor_492,1.3892820472681767e-05,1.0195904865447456e-05,0.9968152866242038,3.152369175142028e-05,0.9999700985842722
missingindicator_sensor_003,1.3177866471607567e-05,1.2254651125443705e-05,0.9968152866242038,2.9901415728302773e-05,1.0000000000000004
missingindicator_sensor_357,0.0,0.0,0.0,0.0,1.0000000000000004
missingindicator_sensor_349,0.0,0.0,0.0,0.0,1.0000000000000004
missingindicator_sensor_366,0.0,0.0,0.0,0.0,1.0000000000000004
missingindicator_sensor_001,0.0,0.0,0.0,0.0,1.0000000000000004
missingindicator_sensor_364,0.0,0.0,0.0,0.0,1.0000000000000004
missingindicator_sensor_363,0.0,0.0,0.0,0.0,1.0000000000000004
sensor_522,0.0,0.0,0.0,0.0,1.0000000000000004
missingindicator_sensor_348,0.0,0.0,0.0,0.0,1.0000000000000004
missingindicator_sensor_350,0.0,0.0,0.0,0.0,1.0000000000000004
missingindicator_sensor_367,0.0,0.0,0.0,0.0,1.0000000000000004
missingindicator_sensor_351,0.0,0.0,0.0,0.0,1.0000000000000004
missingindicator_sensor_358,0.0,0.0,0.0,0.0,1.0000000000000004
missingindicator_sensor_352,0.0,0.0,0.0,0.0,1.0000000000000004
missingindicator_sensor_353,0.0,0.0,0.0,0.0,1.0000000000000004
missingindicator_sensor_354,0.0,0.0,0.0,0.0,1.0000000000000004
missingindicator_sensor_355,0.0,0.0,0.0,0.0,1.0000000000000004
missingindicator_sensor_356,0.0,0.0,0.0,0.0,1.0000000000000004
missingindicator_sensor_378,0.0,0.0,0.0,0.0,1.0000000000000004
missingindicator_sensor_368,0.0,0.0,0.0,0.0,1.0000000000000004
missingindicator_sensor_369,0.0,0.0,0.0,0.0,1.0000000000000004
missingindicator_sensor_419,0.0,0.0,0.0,0.0,1.0000000000000004
missingindicator_sensor_418,0.0,0.0,0.0,0.0,1.0000000000000004
missingindicator_sensor_417,0.0,0.0,0.0,0.0,1.0000000000000004
missingindicator_sensor_416,0.0,0.0,0.0,0.0,1.0000000000000004
missingindicator_sensor_414,0.0,0.0,0.0,0.0,1.0000000000000004
missingindicator_sensor_413,0.0,0.0,0.0,0.0,1.0000000000000004
missingindicator_sensor_412,0.0,0.0,0.0,0.0,1.0000000000000004
missingindicator_sensor_411,0.0,0.0,0.0,0.0,1.0000000000000004
missingindicator_sensor_410,0.0,0.0,0.0,0.0,1.0000000000000004
missingindicator_sensor_409,0.0,0.0,0.0,0.0,1.0000000000000004
missingindicator_sensor_408,0.0,0.0,0.0,0.0,1.0000000000000004
missingindicator_sensor_407,0.0,0.0,0.0,0.0,1.0000000000000004
missingindicator_sensor_406,0.0,0.0,0.0,0.0,1.0000000000000004
missingindicator_sensor_392,0.0,0.0,0.0,0.0,1.0000000000000004
sensor_479,0.0,0.0,0.0,0.0,1.0000000000000004
missingindicator_sensor_344,0.0,0.0,0.0,0.0,1.0000000000000004
missingindicator_sensor_377,0.0,0.0,0.0,0.0,1.0000000000000004
missingindicator_sensor_345,0.0,0.0,0.0,0.0,1.0000000000000004
missingindicator_sensor_005,0.0,0.0,0.0,0.0,1.0000000000000004
missingindicator_sensor_343,0.0,0.0,0.0,0.0,1.0000000000000004
missingindicator_sensor_342,0.0,0.0,0.0,0.0,1.0000000000000004
missingindicator_sensor_303,0.0,0.0,0.0,0.0,1.0000000000000004
missingindicator_sensor_302,0.0,0.0,0.0,0.0,1.0000000000000004
missingindicator_sensor_301,0.0,0.0,0.0,0.0,1.0000000000000004
missingindicator_sensor_300,0.0,0.0,0.0,0.0,1.0000000000000004
missingindicator_sensor_299,0.0,0.0,0.0,0.0,1.0000000000000004
missingindicator_sensor_298,0.0,0.0,0.0,0.0,1.0000000000000004
missingindicator_sensor_297,0.0,0.0,0.0,0.0,1.0000000000000004
missingindicator_sensor_296,0.0,0.0,0.0,0.0,1.0000000000000004
missingindicator_sensor_295,0.0,0.0,0.0,0.0,1.0000000000000004
missingindicator_sensor_291,0.0,0.0,0.0,0.0,1.0000000000000004
missingindicator_sensor_290,0.0,0.0,0.0,0.0,1.0000000000000004
missingindicator_sensor_289,0.0,0.0,0.0,0.0,1.0000000000000004
missingindicator_sensor_288,0.0,0.0,0.0,0.0,1.0000000000000004
missingindicator_sensor_287,0.0,0.0,0.0,0.0,1.0000000000000004
missingindicator_sensor_286,0.0,0.0,0.0,0.0,1.0000000000000004
missingindicator_sensor_284,0.0,0.0,0.0,0.0,1.0000000000000004
missingindicator_sensor_283,0.0,0.0,0.0,0.0,1.0000000000000004
missingindicator_sensor_304,0.0,0.0,0.0,0.0,1.0000000000000004
missingindicator_sensor_305,0.0,0.0,0.0,0.0,1.0000000000000004
missingindicator_sensor_317,0.0,0.0,0.0,0.0,1.0000000000000004
missingindicator_sensor_421,0.0,0.0,0.0,0.0,1.0000000000000004
missingindicator_sensor_341,0.0,0.0,0.0,0.0,1.0000000000000004
missingindicator_sensor_340,0.0,0.0,0.0,0.0,1.0000000000000004
missingindicator_sensor_339,0.0,0.0,0.0,0.0,1.0000000000000004
missingindicator_sensor_338,0.0,0.0,0.0,0.0,1.0000000000000004
missingindicator_sensor_337,0.0,0.0,0.0,0.0,1.0000000000000004
missingindicator_sensor_336,0.0,0.0,0.0,0.0,1.0000000000000004
missingindicator_sensor_335,0.0,0.0,0.0,0.0,1.0000000000000004
missingindicator_sensor_334,0.0,0.0,0.0,0.0,1.0000000000000004
missingindicator_sensor_318,0.0,0.0,0.0,0.0,1.0000000000000004
missingindicator_sensor_333,0.0,0.0,0.0,0.0,1.0000000000000004
missingindicator_sensor_325,0.0,0.0,0.0,0.0,1.0000000000000004
missingindicator_sensor_324,0.0,0.0,0.0,0.0,1.0000000000000004
missingindicator_sensor_322,0.0,0.0,0.0,0.0,1.0000000000000004
missingindicator_sensor_321,0.0,0.0,0.0,0.0,1.0000000000000004
missingindicator_sensor_320,0.0,0.0,0.0,0.0,1.0000000000000004
missingindicator_sensor_319,0.0,0.0,0.0,0.0,1.0000000000000004
missingindicator_sensor_420,0.0,0.0,0.0,0.0,1.0000000000000004
missingindicator_sensor_433,0.0,0.0,0.0,0.0,1.0000000000000004
missingindicator_sensor_422,0.0,0.0,0.0,0.0,1.0000000000000004
missingindicator_sensor_545,0.0,0.0,0.0,0.0,1.0000000000000004
missingindicator_sensor_543,0.0,0.0,0.0,0.0,1.0000000000000004
missingindicator_sensor_542,0.0,0.0,0.0,0.0,1.0000000000000004
missingindicator_sensor_541,0.0,0.0,0.0,0.0,1.0000000000000004
missingindicator_sensor_540,0.0,0.0,0.0,0.0,1.0000000000000004
missingindicator_sensor_526,0.0,0.0,0.0,0.0,1.0000000000000004
missingindicator_sensor_512,0.0,0.0,0.0,0.0,1.0000000000000004
missingindicator_sensor_511,0.0,0.0,0.0,0.0,1.0000000000000004
missingindicator_sensor_501,0.0,0.0,0.0,0.0,1.0000000000000004
missingindicator_sensor_500,0.0,0.0,0.0,0.0,1.0000000000000004
missingindicator_sensor_498,0.0,0.0,0.0,0.0,1.0000000000000004
missingindicator_sensor_497,0.0,0.0,0.0,0.0,1.0000000000000004
missingindicator_sensor_491,0.0,0.0,0.0,0.0,1.0000000000000004
missingindicator_sensor_490,0.0,0.0,0.0,0.0,1.0000000000000004
missingindicator_sensor_489,0.0,0.0,0.0,0.0,1.0000000000000004
missingindicator_sensor_488,0.0,0.0,0.0,0.0,1.0000000000000004
missingindicator_sensor_487,0.0,0.0,0.0,0.0,1.0000000000000004
missingindicator_sensor_486,0.0,0.0,0.0,0.0,1.0000000000000004
missingindicator_sensor_544,0.0,0.0,0.0,0.0,1.0000000000000004
missingindicator_sensor_546,0.0,0.0,0.0,0.0,1.0000000000000004
missingindicator_sensor_424,0.0,0.0,0.0,0.0,1.0000000000000004
missingindicator_sensor_549,0.0,0.0,0.0,0.0,1.0000000000000004
missingindicator_sensor_589,0.0,0.0,0.0,0.0,1.0000000000000004
missingindicator_sensor_588,0.0,0.0,0.0,0.0,1.0000000000000004
missingindicator_sensor_587,0.0,0.0,0.0,0.0,1.0000000000000004
missingindicator_sensor_586,0.0,0.0,0.0,0.0,1.0000000000000004
missingindicator_sensor_585,0.0,0.0,0.0,0.0,1.0000000000000004
missingindicator_sensor_584,0.0,0.0,0.0,0.0,1.0000000000000004
missingindicator_sensor_583,0.0,0.0,0.0,0.0,1.0000000000000004
sensor_075,0.0,0.0,0.0,0.0,1.0000000000000004
sensor_115,0.0,0.0,0.0,0.0,1.0000000000000004
sensor_207,0.0,0.0,0.0,0.0,1.0000000000000004
sensor_210,0.0,0.0,0.0,0.0,1.0000000000000004
missingindicator_sensor_562,0.0,0.0,0.0,0.0,1.0000000000000004
missingindicator_sensor_561,0.0,0.0,0.0,0.0,1.0000000000000004
missingindicator_sensor_560,0.0,0.0,0.0,0.0,1.0000000000000004
missingindicator_sensor_559,0.0,0.0,0.0,0.0,1.0000000000000004
sensor_343,0.0,0.0,0.0,0.0,1.0000000000000004
sensor_348,0.0,0.0,0.0,0.0,1.0000000000000004
missingindicator_sensor_485,0.0,0.0,0.0,0.0,1.0000000000000004
missingindicator_sensor_484,0.0,0.0,0.0,0.0,1.0000000000000004
missingindicator_sensor_483,0.0,0.0,0.0,0.0,1.0000000000000004
missingindicator_sensor_481,0.0,0.0,0.0,0.0,1.0000000000000004
missingindicator_sensor_453,0.0,0.0,0.0,0.0,1.0000000000000004
missingindicator_sensor_441,0.0,0.0,0.0,0.0,1.0000000000000004
missingindicator_sensor_440,0.0,0.0,0.0,0.0,1.0000000000000004
missingindicator_sensor_439,0.0,0.0,0.0,0.0,1.0000000000000004
missingindicator_sensor_438,0.0,0.0,0.0,0.0,1.0000000000000004
missingindicator_sensor_437,0.0,0.0,0.0,0.0,1.0000000000000004
missingindicator_sensor_436,0.0,0.0,0.0,0.0,1.0000000000000004
missingindicator_sensor_435,0.0,0.0,0.0,0.0,1.0000000000000004
missingindicator_sensor_434,0.0,0.0,0.0,0.0,1.0000000000000004
missingindicator_sensor_281,0.0,0.0,0.0,0.0,1.0000000000000004
missingindicator_sensor_432,0.0,0.0,0.0,0.0,1.0000000000000004
missingindicator_sensor_431,0.0,0.0,0.0,0.0,1.0000000000000004
missingindicator_sensor_429,0.0,0.0,0.0,0.0,1.0000000000000004
missingindicator_sensor_428,0.0,0.0,0.0,0.0,1.0000000000000004
missingindicator_sensor_427,0.0,0.0,0.0,0.0,1.0000000000000004
missingindicator_sensor_426,0.0,0.0,0.0,0.0,1.0000000000000004
missingindicator_sensor_425,0.0,0.0,0.0,0.0,1.0000000000000004
missingindicator_sensor_454,0.0,0.0,0.0,0.0,1.0000000000000004
missingindicator_sensor_455,0.0,0.0,0.0,0.0,1.0000000000000004
missingindicator_sensor_456,0.0,0.0,0.0,0.0,1.0000000000000004
missingindicator_sensor_473,0.0,0.0,0.0,0.0,1.0000000000000004
missingindicator_sensor_480,0.0,0.0,0.0,0.0,1.0000000000000004
missingindicator_sensor_479,0.0,0.0,0.0,0.0,1.0000000000000004
missingindicator_sensor_478,0.0,0.0,0.0,0.0,1.0000000000000004
missingindicator_sensor_477,0.0,0.0,0.0,0.0,1.0000000000000004
missingindicator_sensor_476,0.0,0.0,0.0,0.0,1.0000000000000004
missingindicator_sensor_475,0.0,0.0,0.0,0.0,1.0000000000000004
missingindicator_sensor_474,0.0,0.0,0.0,0.0,1.0000000000000004
missingindicator_sensor_472,0.0,0.0,0.0,0.0,1.0000000000000004
missingindicator_sensor_457,0.0,0.0,0.0,0.0,1.0000000000000004
missingindicator_sensor_471,0.0,0.0,0.0,0.0,1.0000000000000004
missingindicator_sensor_470,0.0,0.0,0.0,0.0,1.0000000000000004
missingindicator_sensor_469,0.0,0.0,0.0,0.0,1.0000000000000004
missingindicator_sensor_468,0.0,0.0,0.0,0.0,1.0000000000000004
missingindicator_sensor_461,0.0,0.0,0.0,0.0,1.0000000000000004
missingindicator_sensor_460,0.0,0.0,0.0,0.0,1.0000000000000004
missingindicator_sensor_458,0.0,0.0,0.0,0.0,1.0000000000000004
missingindicator_sensor_282,0.0,0.0,0.0,0.0,1.0000000000000004
missingindicator_sensor_278,0.0,0.0,0.0,0.0,1.0000000000000004
missingindicator_sensor_280,0.0,0.0,0.0,0.0,1.0000000000000004
missingindicator_sensor_127,0.0,0.0,0.0,0.0,1.0000000000000004
missingindicator_sensor_091,0.0,0.0,0.0,0.0,1.0000000000000004
missingindicator_sensor_090,0.0,0.0,0.0,0.0,1.0000000000000004
missingindicator_sensor_085,0.0,0.0,0.0,0.0,1.0000000000000004
missingindicator_sensor_084,0.0,0.0,0.0,0.0,1.0000000000000004
missingindicator_sensor_083,0.0,0.0,0.0,0.0,1.0000000000000004
missingindicator_sensor_082,0.0,0.0,0.0,0.0,1.0000000000000004
missingindicator_sensor_081,0.0,0.0,0.0,0.0,1.0000000000000004
missingindicator_sensor_080,0.0,0.0,0.0,0.0,1.0000000000000004
missingindicator_sensor_079,0.0,0.0,0.0,0.0,1.0000000000000004
missingindicator_sensor_078,0.0,0.0,0.0,0.0,1.0000000000000004
missingindicator_sensor_077,0.0,0.0,0.0,0.0,1.0000000000000004
missingindicator_sensor_076,0.0,0.0,0.0,0.0,1.0000000000000004
missingindicator_sensor_075,0.0,0.0,0.0,0.0,1.0000000000000004
missingindicator_sensor_004,0.0,0.0,0.0,0.0,1.0000000000000004
missingindicator_sensor_072,0.0,0.0,0.0,0.0,1.0000000000000004
missingindicator_sensor_071,0.0,0.0,0.0,0.0,1.0000000000000004
missingindicator_sensor_069,0.0,0.0,0.0,0.0,1.0000000000000004
missingindicator_sensor_068,0.0,0.0,0.0,0.0,1.0000000000000004
missingindicator_sensor_067,0.0,0.0,0.0,0.0,1.0000000000000004
missingindicator_sensor_092,0.0,0.0,0.0,0.0,1.0000000000000004
missingindicator_sensor_093,0.0,0.0,0.0,0.0,1.0000000000000004
missingindicator_sensor_094,0.0,0.0,0.0,0.0,1.0000000000000004
missingindicator_sensor_106,0.0,0.0,0.0,0.0,1.0000000000000004
missingindicator_sensor_125,0.0,0.0,0.0,0.0,1.0000000000000004
missingindicator_sensor_124,0.0,0.0,0.0,0.0,1.0000000000000004
missingindicator_sensor_123,0.0,0.0,0.0,0.0,1.0000000000000004
missingindicator_sensor_122,0.0,0.0,0.0,0.0,1.0000000000000004
missingindicator_sensor_119,0.0,0.0,0.0,0.0,1.0000000000000004
missingindicator_sensor_109,0.0,0.0,0.0,0.0,1.0000000000000004
missingindicator_sensor_108,0.0,0.0,0.0,0.0,1.0000000000000004
missingindicator_sensor_107,0.0,0.0,0.0,0.0,1.0000000000000004
missingindicator_sensor_105,0.0,0.0,0.0,0.0,1.0000000000000004
missingindicator_sensor_095,0.0,0.0,0.0,0.0,1.0000000000000004
missingindicator_sensor_104,0.0,0.0,0.0,0.0,1.0000000000000004
missingindicator_sensor_103,0.0,0.0,0.0,0.0,1.0000000000000004
missingindicator_sensor_102,0.0,0.0,0.0,0.0,1.0000000000000004
missingindicator_sensor_101,0.0,0.0,0.0,0.0,1.0000000000000004
missingindicator_sensor_100,0.0,0.0,0.0,0.0,1.0000000000000004
missingindicator_sensor_099,0.0,0.0,0.0,0.0,1.0000000000000004
missingindicator_sensor_097,0.0,0.0,0.0,0.0,1.0000000000000004
missingindicator_sensor_096,0.0,0.0,0.0,0.0,1.0000000000000004
missingindicator_sensor_066,0.0,0.0,0.0,0.0,1.0000000000000004
missingindicator_sensor_065,0.0,0.0,0.0,0.0,1.0000000000000004
missingindicator_sensor_064,0.0,0.0,0.0,0.0,1.0000000000000004
missingindicator_sensor_018,0.0,0.0,0.0,0.0,1.0000000000000004
missingindicator_sensor_027,0.0,0.0,0.0,0.0,1.0000000000000004
missingindicator_sensor_026,0.0,0.0,0.0,0.0,1.0000000000000004
missingindicator_sensor_025,0.0,0.0,0.0,0.0,1.0000000000000004
missingindicator_sensor_024,0.0,0.0,0.0,0.0,1.0000000000000004
missingindicator_sensor_023,0.0,0.0,0.0,0.0,1.0000000000000004
missingindicator_sensor_022,0.0,0.0,0.0,0.0,1.0000000000000004
missingindicator_sensor_020,0.0,0.0,0.0,0.0,1.0000000000000004
missingindicator_sensor_019,0.0,0.0,0.0,0.0,1.0000000000000004
missingindicator_sensor_017,0.0,0.0,0.0,0.0,1.0000000000000004
missingindicator_sensor_029,0.0,0.0,0.0,0.0,1.0000000000000004
missingindicator_sensor_016,0.0,0.0,0.0,0.0,1.0000000000000004
missingindicator_sensor_015,0.0,0.0,0.0,0.0,1.0000000000000004
missingindicator_sensor_013,0.0,0.0,0.0,0.0,1.0000000000000004
missingindicator_sensor_012,0.0,0.0,0.0,0.0,1.0000000000000004
missingindicator_sensor_011,0.0,0.0,0.0,0.0,1.0000000000000004
missingindicator_sensor_010,0.0,0.0,0.0,0.0,1.0000000000000004
missingindicator_sensor_009,0.0,0.0,0.0,0.0,1.0000000000000004
missingindicator_sensor_008,0.0,0.0,0.0,0.0,1.0000000000000004
missingindicator_sensor_028,0.0,0.0,0.0,0.0,1.0000000000000004
missingindicator_sensor_030,0.0,0.0,0.0,0.0,1.0000000000000004
missingindicator_sensor_063,0.0,0.0,0.0,0.0,1.0000000000000004
missingindicator_sensor_051,0.0,0.0,0.0,0.0,1.0000000000000004
missingindicator_sensor_062,0.0,0.0,0.0,0.0,1.0000000000000004
missingindicator_sensor_061,0.0,0.0,0.0,0.0,1.0000000000000004
missingindicator_sensor_060,0.0,0.0,0.0,0.0,1.0000000000000004
missingindicator_sensor_059,0.0,0.0,0.0,0.0,1.0000000000000004
missingindicator_sensor_058,0.0,0.0,0.0,0.0,1.0000000000000004
missingindicator_sensor_056,0.0,0.0,0.0,0.0,1.0000000000000004
missingindicator_sensor_054,0.0,0.0,0.0,0.0,1.0000000000000004
missingindicator_sensor_052,0.0,0.0,0.0,0.0,1.0000000000000004
missingindicator_sensor_049,0.0,0.0,0.0,0.0,1.0000000000000004
missingindicator_sensor_031,0.0,0.0,0.0,0.0,1.0000000000000004
missingindicator_sensor_048,0.0,0.0,0.0,0.0,1.0000000000000004
missingindicator_sensor_047,0.0,0.0,0.0,0.0,1.0000000000000004
missingindicator_sensor_046,0.0,0.0,0.0,0.0,1.0000000000000004
missingindicator_sensor_045,0.0,0.0,0.0,0.0,1.0000000000000004
missingindicator_sensor_044,0.0,0.0,0.0,0.0,1.0000000000000004
missingindicator_sensor_042,0.0,0.0,0.0,0.0,1.0000000000000004
missingindicator_sensor_041,0.0,0.0,0.0,0.0,1.0000000000000004
missingindicator_sensor_032,0.0,0.0,0.0,0.0,1.0000000000000004
missingindicator_sensor_126,0.0,0.0,0.0,0.0,1.0000000000000004
missingindicator_sensor_128,0.0,0.0,0.0,0.0,1.0000000000000004
missingindicator_sensor_279,0.0,0.0,0.0,0.0,1.0000000000000004
missingindicator_sensor_129,0.0,0.0,0.0,0.0,1.0000000000000004
missingindicator_sensor_214,0.0,0.0,0.0,0.0,1.0000000000000004
missingindicator_sensor_213,0.0,0.0,0.0,0.0,1.0000000000000004
missingindicator_sensor_212,0.0,0.0,0.0,0.0,1.0000000000000004
missingindicator_sensor_211,0.0,0.0,0.0,0.0,1.0000000000000004
missingindicator_sensor_210,0.0,0.0,0.0,0.0,1.0000000000000004
missingindicator_sensor_209,0.0,0.0,0.0,0.0,1.0000000000000004
missingindicator_sensor_208,0.0,0.0,0.0,0.0,1.0000000000000004
missingindicator_sensor_207,0.0,0.0,0.0,0.0,1.0000000000000004
missingindicator_sensor_206,0.0,0.0,0.0,0.0,1.0000000000000004
missingindicator_sensor_205,0.0,0.0,0.0,0.0,1.0000000000000004
missingindicator_sensor_204,0.0,0.0,0.0,0.0,1.0000000000000004
missingindicator_sensor_203,0.0,0.0,0.0,0.0,1.0000000000000004
missingindicator_sensor_202,0.0,0.0,0.0,0.0,1.0000000000000004
missingindicator_sensor_201,0.0,0.0,0.0,0.0,1.0000000000000004
missingindicator_sensor_200,0.0,0.0,0.0,0.0,1.0000000000000004
missingindicator_sensor_199,0.0,0.0,0.0,0.0,1.0000000000000004
missingindicator_sensor_198,0.0,0.0,0.0,0.0,1.0000000000000004
missingindicator_sensor_197,0.0,0.0,0.0,0.0,1.0000000000000004
missingindicator_sensor_196,0.0,0.0,0.0,0.0,1.0000000000000004
missingindicator_sensor_215,0.0,0.0,0.0,0.0,1.0000000000000004
missingindicator_sensor_216,0.0,0.0,0.0,0.0,1.0000000000000004
missingindicator_sensor_217,0.0,0.0,0.0,0.0,1.0000000000000004
missingindicator_sensor_268,0.0,0.0,0.0,0.0,1.0000000000000004
missingindicator_sensor_007,0.0,0.0,0.0,0.0,1.0000000000000004
missingindicator_sensor_276,0.0,0.0,0.0,0.0,1.0000000000000004
missingindicator_sensor_275,0.0,0.0,0.0,0.0,1.0000000000000004
missingindicator_sensor_274,0.0,0.0,0.0,0.0,1.0000000000000004
missingindicator_sensor_273,0.0,0.0,0.0,0.0,1.0000000000000004
missingindicator_sensor_272,0.0,0.0,0.0,0.0,1.0000000000000004
missingindicator_sensor_271,0.0,0.0,0.0,0.0,1.0000000000000004
missingindicator_sensor_269,0.0,0.0,0.0,0.0,1.0000000000000004
missingindicator_sensor_254,0.0,0.0,0.0,0.0,1.0000000000000004
missingindicator_sensor_218,0.0,0.0,0.0,0.0,1.0000000000000004
missingindicator_sensor_002,0.0,0.0,0.0,0.0,1.0000000000000004
missingindicator_sensor_240,0.0,0.0,0.0,0.0,1.0000000000000004
missingindicator_sensor_239,0.0,0.0,0.0,0.0,1.0000000000000004
missingindicator_sensor_229,0.0,0.0,0.0,0.0,1.0000000000000004
missingindicator_sensor_228,0.0,0.0,0.0,0.0,1.0000000000000004
missingindicator_sensor_226,0.0,0.0,0.0,0.0,1.0000000000000004
missingindicator_sensor_220,0.0,0.0,0.0,0.0,1.0000000000000004
missingindicator_sensor_219,0.0,0.0,0.0,0.0,1.0000000000000004
missingindicator_sensor_189,0.0,0.0,0.0,0.0,1.0000000000000004
missingindicator_sensor_188,0.0,0.0,0.0,0.0,1.0000000000000004
missingindicator_sensor_186,0.0,0.0,0.0,0.0,1.0000000000000004
missingindicator_sensor_139,0.0,0.0,0.0,0.0,1.0000000000000004
missingindicator_sensor_148,0.0,0.0,0.0,0.0,1.0000000000000004
missingindicator_sensor_147,0.0,0.0,0.0,0.0,1.0000000000000004
missingindicator_sensor_146,0.0,0.0,0.0,0.0,1.0000000000000004
missingindicator_sensor_145,0.0,0.0,0.0,0.0,1.0000000000000004
missingindicator_sensor_144,0.0,0.0,0.0,0.0,1.0000000000000004
missingindicator_sensor_143,0.0,0.0,0.0,0.0,1.0000000000000004
missingindicator_sensor_141,0.0,0.0,0.0,0.0,1.0000000000000004
missingindicator_sensor_140,0.0,0.0,0.0,0.0,1.0000000000000004
missingindicator_sensor_138,0.0,0.0,0.0,0.0,1.0000000000000004
missingindicator_sensor_151,0.0,0.0,0.0,0.0,1.0000000000000004
missingindicator_sensor_137,0.0,0.0,0.0,0.0,1.0000000000000004
missingindicator_sensor_136,0.0,0.0,0.0,0.0,1.0000000000000004
missingindicator_sensor_135,0.0,0.0,0.0,0.0,1.0000000000000004
missingindicator_sensor_134,0.0,0.0,0.0,0.0,1.0000000000000004
missingindicator_sensor_133,0.0,0.0,0.0,0.0,1.0000000000000004
missingindicator_sensor_132,0.0,0.0,0.0,0.0,1.0000000000000004
missingindicator_sensor_131,0.0,0.0,0.0,0.0,1.0000000000000004
missingindicator_sensor_130,0.0,0.0,0.0,0.0,1.0000000000000004
missingindicator_sensor_149,0.0,0.0,0.0,0.0,1.0000000000000004
missingindicator_sensor_152,0.0,0.0,0.0,0.0,1.0000000000000004
missingindicator_sensor_185,0.0,0.0,0.0,0.0,1.0000000000000004
missingindicator_sensor_166,0.0,0.0,0.0,0.0,1.0000000000000004
missingindicator_sensor_184,0.0,0.0,0.0,0.0,1.0000000000000004
missingindicator_sensor_183,0.0,0.0,0.0,0.0,1.0000000000000004
missingindicator_sensor_182,0.0,0.0,0.0,0.0,1.0000000000000004
missingindicator_sensor_181,0.0,0.0,0.0,0.0,1.0000000000000004
missingindicator_sensor_170,0.0,0.0,0.0,0.0,1.0000000000000004
missingindicator_sensor_169,0.0,0.0,0.0,0.0,1.0000000000000004
missingindicator_sensor_168,0.0,0.0,0.0,0.0,1.0000000000000004
missingindicator_sensor_167,0.0,0.0,0.0,0.0,1.0000000000000004
missingindicator_sensor_165,0.0,0.0,0.0,0.0,1.0000000000000004
missingindicator_sensor_153,0.0,0.0,0.0,0.0,1.0000000000000004
missingindicator_sensor_164,0.0,0.0,0.0,0.0,1.0000000000000004
missingindicator_sensor_163,0.0,0.0,0.0,0.0,1.0000000000000004
missingindicator_sensor_162,0.0,0.0,0.0,0.0,1.0000000000000004
missingindicator_sensor_161,0.0,0.0,0.0,0.0,1.0000000000000004
missingindicator_sensor_160,0.0,0.0,0.0,0.0,1.0000000000000004
missingindicator_sensor_156,0.0,0.0,0.0,0.0,1.0000000000000004
missingindicator_sensor_155,0.0,0.0,0.0,0.0,1.0000000000000004
missingindicator_sensor_154,0.0,0.0,0.0,0.0,1.0000000000000004
missingindicator_sensor_590,0.0,0.0,0.0,0.0,1.0000000000000004
